2026-8-4 14:13:54 - log: Load engine in C:\ProgramData\cocos\editors\Creator\3.8.8\resources\resources\3d\engine
2026-8-4 14:13:55 - log: Register native engine in C:\ProgramData\cocos\editors\Creator\3.8.8\resources\resources\3d\engine\native
2026-8-4 14:13:55 - log: Request namespace: device-list
2026-8-4 14:14:05 - info: [PreviewInEditor] 预览环境初始化完毕
2026-8-4 14:14:15 - log: [Scene] meshopt wasm decoder initialized
2026-8-4 14:14:15 - log: [Scene] [bullet]:bullet wasm lib loaded.
2026-8-4 14:14:15 - log: [Scene] [box2d]:box2d wasm lib loaded.
2026-8-4 14:14:15 - log: [Scene] [PHYSICS]: using builtin.
2026-8-4 14:14:15 - log: [Scene] Cocos Creator v3.8.8
2026-8-4 14:14:15 - error: [Scene] {hidden(::SceneExecutorImportExceptionHandler::)} Error: 宿主无法解析代码块 D:\Works\Cocos\WxMiniGames\MiniGameArrow\temp\programming\packer-driver\targets\editor\chunks\50\50ec684ab28702df18cf262b25c26ec6d899c3a5.js
这是因为
Error: Cannot find module 'D:\Works\Cocos\WxMiniGames\MiniGameArrow\temp\programming\packer-driver\targets\editor\chunks\50\50ec684ab28702df18cf262b25c26ec6d899c3a5.js'
Require stack:
- C:\ProgramData\cocos\editors\Creator\3.8.8\resources\app.asar\node_modules\@editor\lib-programming\dist\executor\pack-mod-instantiation.js
- C:\ProgramData\cocos\editors\Creator\3.8.8\resources\app.asar\node_modules\@editor\lib-programming\dist\executor\index.js
- C:\ProgramData\cocos\editors\Creator\3.8.8\resources\app.asar\builtin\scene\dist\script\3d\manager\scripts.ccc
- C:\ProgramData\cocos\editors\Creator\3.8.8\resources\app.asar\builtin\scene\dist\script\3d\manager\startup\engine\index.ccc
- C:\ProgramData\cocos\editors\Creator\3.8.8\resources\app.asar\builtin\scene\dist\script\3d\manager\startup\index.ccc
- C:\ProgramData\cocos\editors\Creator\3.8.8\resources\app.asar\builtin\scene\dist\script\3d\preload\main.js
- C:\ProgramData\cocos\editors\Creator\3.8.8\resources\app.asar\builtin\scene\dist\script\3d\preload\web\preload.js
- electron/js2c/renderer_init
    at Object.evaluate (C:\ProgramData\cocos\editors\Creator\3.8.8\resources\app.asar\node_modules\@editor\lib-programming\src\executor\pack-mod-instantiation.ts:20:19)
    at PackModInstantiation._evalCode2 (C:\ProgramData\cocos\editors\Creator\3.8.8\resources\app.asar\node_modules\@editor\lib-programming\src\executor\pack-mod-instantiation.ts:159:31)
    at PackModInstantiation.instantiate (C:\ProgramData\cocos\editors\Creator\3.8.8\resources\app.asar\node_modules\@editor\lib-programming\src\executor\pack-mod-instantiation.ts:90:41)
    at C:\ProgramData\cocos\editors\Creator\3.8.8\resources\app.asar\node_modules\@editor\lib-programming\src\executor\index.ts:143:34
    at ExecutorSystem._instantiate (C:\ProgramData\cocos\editors\Creator\3.8.8\resources\app.asar\node_modules\@editor\lib-programming\src\editor-systemjs\index.ts:167:30)
    at file:///D:/Works/Cocos/WxMiniGames/MiniGameArrow/temp/programming/packer-driver/targets/editor/chunks/6d/cce:/internal/x/prerequisite-imports:8:13
    at Object.execute (file:///D:/Works/Cocos/WxMiniGames/MiniGameArrow/temp/programming/packer-driver/targets/editor/chunks/6d/cce:/internal/x/prerequisite-imports:4:1)
    at Executor._importPrerequisiteModules (C:\ProgramData\cocos\editors\Creator\3.8.8\resources\app.asar\node_modules\@editor\lib-programming\src\executor\index.ts:358:13)
    at Executor.reload (C:\ProgramData\cocos\editors\Creator\3.8.8\resources\app.asar\node_modules\@editor\lib-programming\src\executor\index.ts:235:13)
    at C:\ProgramData\cocos\editors\Creator\3.8.8\resources\app.asar\builtin\scene\dist\script\3d\manager\scripts.ccc:1:1893
    at GlobalEnv.processQueue (C:\ProgramData\cocos\editors\Creator\3.8.8\resources\app.asar\builtin\scene\dist\script\3d\manager\scripts.ccc:1:2290)
    at GlobalEnv.record (C:\ProgramData\cocos\editors\Creator\3.8.8\resources\app.asar\builtin\scene\dist\script\3d\manager\scripts.ccc:1:2061)
    at ScriptManager.init (C:\ProgramData\cocos\editors\Creator\3.8.8\resources\app.asar\builtin\scene\dist\script\3d\manager\scripts.ccc:1:4024)Error: [Scene] {hidden(::SceneExecutorImportExceptionHandler::)} Error: 宿主无法解析代码块 D:\Works\Cocos\WxMiniGames\MiniGameArrow\temp\programming\packer-driver\targets\editor\chunks\50\50ec684ab28702df18cf262b25c26ec6d899c3a5.js
这是因为
Error: Cannot find module 'D:\Works\Cocos\WxMiniGames\MiniGameArrow\temp\programming\packer-driver\targets\editor\chunks\50\50ec684ab28702df18cf262b25c26ec6d899c3a5.js'
Require stack:
- C:\ProgramData\cocos\editors\Creator\3.8.8\resources\app.asar\node_modules\@editor\lib-programming\dist\executor\pack-mod-instantiation.js
- C:\ProgramData\cocos\editors\Creator\3.8.8\resources\app.asar\node_modules\@editor\lib-programming\dist\executor\index.js
- C:\ProgramData\cocos\editors\Creator\3.8.8\resources\app.asar\builtin\scene\dist\script\3d\manager\scripts.ccc
- C:\ProgramData\cocos\editors\Creator\3.8.8\resources\app.asar\builtin\scene\dist\script\3d\manager\startup\engine\index.ccc
- C:\ProgramData\cocos\editors\Creator\3.8.8\resources\app.asar\builtin\scene\dist\script\3d\manager\startup\index.ccc
- C:\ProgramData\cocos\editors\Creator\3.8.8\resources\app.asar\builtin\scene\dist\script\3d\preload\main.js
- C:\ProgramData\cocos\editors\Creator\3.8.8\resources\app.asar\builtin\scene\dist\script\3d\preload\web\preload.js
- electron/js2c/renderer_init
    at C:\ProgramData\cocos\editors\Creator\3.8.8\resources\app.asar\node_modules\@editor\lib-programming\src\executor\index.ts:143:34
    at ExecutorSystem._instantiate (C:\ProgramData\cocos\editors\Creator\3.8.8\resources\app.asar\node_modules\@editor\lib-programming\src\editor-systemjs\index.ts:167:30)
    at file:///D:/Works/Cocos/WxMiniGames/MiniGameArrow/temp/programming/packer-driver/targets/editor/chunks/6d/cce:/internal/x/prerequisite-imports:8:13
    at Object.execute (file:///D:/Works/Cocos/WxMiniGames/MiniGameArrow/temp/programming/packer-driver/targets/editor/chunks/6d/cce:/internal/x/prerequisite-imports:4:1)
    at Executor._importPrerequisiteModules (C:\ProgramData\cocos\editors\Creator\3.8.8\resources\app.asar\node_modules\@editor\lib-programming\src\executor\index.ts:358:13)
    at Executor.reload (C:\ProgramData\cocos\editors\Creator\3.8.8\resources\app.asar\node_modules\@editor\lib-programming\src\executor\index.ts:235:13)
    at C:\ProgramData\cocos\editors\Creator\3.8.8\resources\app.asar\builtin\scene\dist\script\3d\manager\scripts.ccc:1:1893
    at GlobalEnv.processQueue (C:\ProgramData\cocos\editors\Creator\3.8.8\resources\app.asar\builtin\scene\dist\script\3d\manager\scripts.ccc:1:2290)
    at GlobalEnv.record (C:\ProgramData\cocos\editors\Creator\3.8.8\resources\app.asar\builtin\scene\dist\script\3d\manager\scripts.ccc:1:2061)
    at ScriptManager.init (C:\ProgramData\cocos\editors\Creator\3.8.8\resources\app.asar\builtin\scene\dist\script\3d\manager\scripts.ccc:1:4024)
    at Logger._logHandler (C:\ProgramData\cocos\editors\Creator\3.8.8\resources\app.asar\builtin\scene\dist\script\3d\manager\startup\log.ccc:1:487)
    at Logger.record (C:\ProgramData\cocos\editors\Creator\3.8.8\resources\app.asar\node_modules\@base\electron-logger\lib\renderer.ccc:1:458)
    at console.<anonymous> (C:\ProgramData\cocos\editors\Creator\3.8.8\resources\app.asar\node_modules\@base\electron-logger\lib\renderer.ccc:1:1414)
    at console.error (C:\ProgramData\cocos\editors\Creator\3.8.8\resources\app.asar\node_modules\@sentry\core\src\utils-hoist\instrument\console.ts:40:14)
    at ScriptManager._handleImportException (C:\ProgramData\cocos\editors\Creator\3.8.8\resources\app.asar\builtin\scene\dist\script\3d\manager\scripts.ccc:1:5678)
    at Executor.importExceptionHandler [as _importExceptionHandler] (C:\ProgramData\cocos\editors\Creator\3.8.8\resources\app.asar\builtin\scene\dist\script\3d\manager\scripts.ccc:1:3834)
    at Executor._onModuleLoaded (C:\ProgramData\cocos\editors\Creator\3.8.8\resources\app.asar\node_modules\@editor\lib-programming\src\executor\index.ts:401:22)
    at SystemJS.onload (C:\ProgramData\cocos\editors\Creator\3.8.8\resources\app.asar\node_modules\@editor\lib-programming\src\executor\index.ts:99:18)
    at triggerOnload (C:\ProgramData\cocos\editors\Creator\3.8.8\resources\app.asar\node_modules\@editor\lib-programming\static\executor\systemjs-bridge\out\index.js:270:10)
    at C:\ProgramData\cocos\editors\Creator\3.8.8\resources\app.asar\node_modules\@editor\lib-programming\static\executor\systemjs-bridge\out\index.js:347:5
    at file:///D:/Works/Cocos/WxMiniGames/MiniGameArrow/temp/programming/packer-driver/targets/editor/chunks/6d/cce:/internal/x/prerequisite-imports:8:13
    at Object.execute (file:///D:/Works/Cocos/WxMiniGames/MiniGameArrow/temp/programming/packer-driver/targets/editor/chunks/6d/cce:/internal/x/prerequisite-imports:4:1)
    at Executor._importPrerequisiteModules (C:\ProgramData\cocos\editors\Creator\3.8.8\resources\app.asar\node_modules\@editor\lib-programming\src\executor\index.ts:358:13)
    at Executor.reload (C:\ProgramData\cocos\editors\Creator\3.8.8\resources\app.asar\node_modules\@editor\lib-programming\src\executor\index.ts:235:13)
    at C:\ProgramData\cocos\editors\Creator\3.8.8\resources\app.asar\builtin\scene\dist\script\3d\manager\scripts.ccc:1:1893
    at GlobalEnv.processQueue (C:\ProgramData\cocos\editors\Creator\3.8.8\resources\app.asar\builtin\scene\dist\script\3d\manager\scripts.ccc:1:2290)
    at GlobalEnv.record (C:\ProgramData\cocos\editors\Creator\3.8.8\resources\app.asar\builtin\scene\dist\script\3d\manager\scripts.ccc:1:2061)
    at ScriptManager.init (C:\ProgramData\cocos\editors\Creator\3.8.8\resources\app.asar\builtin\scene\dist\script\3d\manager\scripts.ccc:1:4024)
2026-8-4 14:14:15 - error: [Scene] {hidden(::SceneExecutorImportExceptionHandler::)} Error: 宿主无法解析代码块 D:\Works\Cocos\WxMiniGames\MiniGameArrow\temp\programming\packer-driver\targets\editor\chunks\b1\b18130d786bcadd1d0cb653401afdf2ede79b799.js
这是因为
Error: Cannot find module 'D:\Works\Cocos\WxMiniGames\MiniGameArrow\temp\programming\packer-driver\targets\editor\chunks\b1\b18130d786bcadd1d0cb653401afdf2ede79b799.js'
Require stack:
- C:\ProgramData\cocos\editors\Creator\3.8.8\resources\app.asar\node_modules\@editor\lib-programming\dist\executor\pack-mod-instantiation.js
- C:\ProgramData\cocos\editors\Creator\3.8.8\resources\app.asar\node_modules\@editor\lib-programming\dist\executor\index.js
- C:\ProgramData\cocos\editors\Creator\3.8.8\resources\app.asar\builtin\scene\dist\script\3d\manager\scripts.ccc
- C:\ProgramData\cocos\editors\Creator\3.8.8\resources\app.asar\builtin\scene\dist\script\3d\manager\startup\engine\index.ccc
- C:\ProgramData\cocos\editors\Creator\3.8.8\resources\app.asar\builtin\scene\dist\script\3d\manager\startup\index.ccc
- C:\ProgramData\cocos\editors\Creator\3.8.8\resources\app.asar\builtin\scene\dist\script\3d\preload\main.js
- C:\ProgramData\cocos\editors\Creator\3.8.8\resources\app.asar\builtin\scene\dist\script\3d\preload\web\preload.js
- electron/js2c/renderer_init
    at Object.evaluate (C:\ProgramData\cocos\editors\Creator\3.8.8\resources\app.asar\node_modules\@editor\lib-programming\src\executor\pack-mod-instantiation.ts:20:19)
    at PackModInstantiation._evalCode2 (C:\ProgramData\cocos\editors\Creator\3.8.8\resources\app.asar\node_modules\@editor\lib-programming\src\executor\pack-mod-instantiation.ts:159:31)
    at PackModInstantiation.instantiate (C:\ProgramData\cocos\editors\Creator\3.8.8\resources\app.asar\node_modules\@editor\lib-programming\src\executor\pack-mod-instantiation.ts:90:41)
    at C:\ProgramData\cocos\editors\Creator\3.8.8\resources\app.asar\node_modules\@editor\lib-programming\src\executor\index.ts:143:34
    at ExecutorSystem._instantiate (C:\ProgramData\cocos\editors\Creator\3.8.8\resources\app.asar\node_modules\@editor\lib-programming\src\editor-systemjs\index.ts:167:30)
    at file:///D:/Works/Cocos/WxMiniGames/MiniGameArrow/temp/programming/packer-driver/targets/editor/chunks/6d/cce:/internal/x/prerequisite-imports:8:13
    at Object.execute (file:///D:/Works/Cocos/WxMiniGames/MiniGameArrow/temp/programming/packer-driver/targets/editor/chunks/6d/cce:/internal/x/prerequisite-imports:4:1)
    at Executor._importPrerequisiteModules (C:\ProgramData\cocos\editors\Creator\3.8.8\resources\app.asar\node_modules\@editor\lib-programming\src\executor\index.ts:358:13)
    at Executor.reload (C:\ProgramData\cocos\editors\Creator\3.8.8\resources\app.asar\node_modules\@editor\lib-programming\src\executor\index.ts:235:13)
    at C:\ProgramData\cocos\editors\Creator\3.8.8\resources\app.asar\builtin\scene\dist\script\3d\manager\scripts.ccc:1:1893
    at GlobalEnv.processQueue (C:\ProgramData\cocos\editors\Creator\3.8.8\resources\app.asar\builtin\scene\dist\script\3d\manager\scripts.ccc:1:2290)
    at GlobalEnv.record (C:\ProgramData\cocos\editors\Creator\3.8.8\resources\app.asar\builtin\scene\dist\script\3d\manager\scripts.ccc:1:2061)
    at ScriptManager.init (C:\ProgramData\cocos\editors\Creator\3.8.8\resources\app.asar\builtin\scene\dist\script\3d\manager\scripts.ccc:1:4024)Error: [Scene] {hidden(::SceneExecutorImportExceptionHandler::)} Error: 宿主无法解析代码块 D:\Works\Cocos\WxMiniGames\MiniGameArrow\temp\programming\packer-driver\targets\editor\chunks\b1\b18130d786bcadd1d0cb653401afdf2ede79b799.js
这是因为
Error: Cannot find module 'D:\Works\Cocos\WxMiniGames\MiniGameArrow\temp\programming\packer-driver\targets\editor\chunks\b1\b18130d786bcadd1d0cb653401afdf2ede79b799.js'
Require stack:
- C:\ProgramData\cocos\editors\Creator\3.8.8\resources\app.asar\node_modules\@editor\lib-programming\dist\executor\pack-mod-instantiation.js
- C:\ProgramData\cocos\editors\Creator\3.8.8\resources\app.asar\node_modules\@editor\lib-programming\dist\executor\index.js
- C:\ProgramData\cocos\editors\Creator\3.8.8\resources\app.asar\builtin\scene\dist\script\3d\manager\scripts.ccc
- C:\ProgramData\cocos\editors\Creator\3.8.8\resources\app.asar\builtin\scene\dist\script\3d\manager\startup\engine\index.ccc
- C:\ProgramData\cocos\editors\Creator\3.8.8\resources\app.asar\builtin\scene\dist\script\3d\manager\startup\index.ccc
- C:\ProgramData\cocos\editors\Creator\3.8.8\resources\app.asar\builtin\scene\dist\script\3d\preload\main.js
- C:\ProgramData\cocos\editors\Creator\3.8.8\resources\app.asar\builtin\scene\dist\script\3d\preload\web\preload.js
- electron/js2c/renderer_init
    at C:\ProgramData\cocos\editors\Creator\3.8.8\resources\app.asar\node_modules\@editor\lib-programming\src\executor\index.ts:143:34
    at ExecutorSystem._instantiate (C:\ProgramData\cocos\editors\Creator\3.8.8\resources\app.asar\node_modules\@editor\lib-programming\src\editor-systemjs\index.ts:167:30)
    at file:///D:/Works/Cocos/WxMiniGames/MiniGameArrow/temp/programming/packer-driver/targets/editor/chunks/6d/cce:/internal/x/prerequisite-imports:8:13
    at Object.execute (file:///D:/Works/Cocos/WxMiniGames/MiniGameArrow/temp/programming/packer-driver/targets/editor/chunks/6d/cce:/internal/x/prerequisite-imports:4:1)
    at Executor._importPrerequisiteModules (C:\ProgramData\cocos\editors\Creator\3.8.8\resources\app.asar\node_modules\@editor\lib-programming\src\executor\index.ts:358:13)
    at Executor.reload (C:\ProgramData\cocos\editors\Creator\3.8.8\resources\app.asar\node_modules\@editor\lib-programming\src\executor\index.ts:235:13)
    at C:\ProgramData\cocos\editors\Creator\3.8.8\resources\app.asar\builtin\scene\dist\script\3d\manager\scripts.ccc:1:1893
    at GlobalEnv.processQueue (C:\ProgramData\cocos\editors\Creator\3.8.8\resources\app.asar\builtin\scene\dist\script\3d\manager\scripts.ccc:1:2290)
    at GlobalEnv.record (C:\ProgramData\cocos\editors\Creator\3.8.8\resources\app.asar\builtin\scene\dist\script\3d\manager\scripts.ccc:1:2061)
    at ScriptManager.init (C:\ProgramData\cocos\editors\Creator\3.8.8\resources\app.asar\builtin\scene\dist\script\3d\manager\scripts.ccc:1:4024)
    at Logger._logHandler (C:\ProgramData\cocos\editors\Creator\3.8.8\resources\app.asar\builtin\scene\dist\script\3d\manager\startup\log.ccc:1:487)
    at Logger.record (C:\ProgramData\cocos\editors\Creator\3.8.8\resources\app.asar\node_modules\@base\electron-logger\lib\renderer.ccc:1:458)
    at console.<anonymous> (C:\ProgramData\cocos\editors\Creator\3.8.8\resources\app.asar\node_modules\@base\electron-logger\lib\renderer.ccc:1:1414)
    at console.error (C:\ProgramData\cocos\editors\Creator\3.8.8\resources\app.asar\node_modules\@sentry\core\src\utils-hoist\instrument\console.ts:40:14)
    at ScriptManager._handleImportException (C:\ProgramData\cocos\editors\Creator\3.8.8\resources\app.asar\builtin\scene\dist\script\3d\manager\scripts.ccc:1:5678)
    at Executor.importExceptionHandler [as _importExceptionHandler] (C:\ProgramData\cocos\editors\Creator\3.8.8\resources\app.asar\builtin\scene\dist\script\3d\manager\scripts.ccc:1:3834)
    at Executor._onModuleLoaded (C:\ProgramData\cocos\editors\Creator\3.8.8\resources\app.asar\node_modules\@editor\lib-programming\src\executor\index.ts:401:22)
    at SystemJS.onload (C:\ProgramData\cocos\editors\Creator\3.8.8\resources\app.asar\node_modules\@editor\lib-programming\src\executor\index.ts:99:18)
    at triggerOnload (C:\ProgramData\cocos\editors\Creator\3.8.8\resources\app.asar\node_modules\@editor\lib-programming\static\executor\systemjs-bridge\out\index.js:270:10)
    at C:\ProgramData\cocos\editors\Creator\3.8.8\resources\app.asar\node_modules\@editor\lib-programming\static\executor\systemjs-bridge\out\index.js:347:5
    at file:///D:/Works/Cocos/WxMiniGames/MiniGameArrow/temp/programming/packer-driver/targets/editor/chunks/6d/cce:/internal/x/prerequisite-imports:8:13
    at Object.execute (file:///D:/Works/Cocos/WxMiniGames/MiniGameArrow/temp/programming/packer-driver/targets/editor/chunks/6d/cce:/internal/x/prerequisite-imports:4:1)
    at Executor._importPrerequisiteModules (C:\ProgramData\cocos\editors\Creator\3.8.8\resources\app.asar\node_modules\@editor\lib-programming\src\executor\index.ts:358:13)
    at Executor.reload (C:\ProgramData\cocos\editors\Creator\3.8.8\resources\app.asar\node_modules\@editor\lib-programming\src\executor\index.ts:235:13)
    at C:\ProgramData\cocos\editors\Creator\3.8.8\resources\app.asar\builtin\scene\dist\script\3d\manager\scripts.ccc:1:1893
    at GlobalEnv.processQueue (C:\ProgramData\cocos\editors\Creator\3.8.8\resources\app.asar\builtin\scene\dist\script\3d\manager\scripts.ccc:1:2290)
    at GlobalEnv.record (C:\ProgramData\cocos\editors\Creator\3.8.8\resources\app.asar\builtin\scene\dist\script\3d\manager\scripts.ccc:1:2061)
    at ScriptManager.init (C:\ProgramData\cocos\editors\Creator\3.8.8\resources\app.asar\builtin\scene\dist\script\3d\manager\scripts.ccc:1:4024)
2026-8-4 14:14:15 - error: [Scene] {hidden(::SceneExecutorImportExceptionHandler::)} Error: 宿主无法解析代码块 D:\Works\Cocos\WxMiniGames\MiniGameArrow\temp\programming\packer-driver\targets\editor\chunks\e2\e2831fde95d58c09916d0f882742b7597544b8d1.js
这是因为
Error: Cannot find module 'D:\Works\Cocos\WxMiniGames\MiniGameArrow\temp\programming\packer-driver\targets\editor\chunks\e2\e2831fde95d58c09916d0f882742b7597544b8d1.js'
Require stack:
- C:\ProgramData\cocos\editors\Creator\3.8.8\resources\app.asar\node_modules\@editor\lib-programming\dist\executor\pack-mod-instantiation.js
- C:\ProgramData\cocos\editors\Creator\3.8.8\resources\app.asar\node_modules\@editor\lib-programming\dist\executor\index.js
- C:\ProgramData\cocos\editors\Creator\3.8.8\resources\app.asar\builtin\scene\dist\script\3d\manager\scripts.ccc
- C:\ProgramData\cocos\editors\Creator\3.8.8\resources\app.asar\builtin\scene\dist\script\3d\manager\startup\engine\index.ccc
- C:\ProgramData\cocos\editors\Creator\3.8.8\resources\app.asar\builtin\scene\dist\script\3d\manager\startup\index.ccc
- C:\ProgramData\cocos\editors\Creator\3.8.8\resources\app.asar\builtin\scene\dist\script\3d\preload\main.js
- C:\ProgramData\cocos\editors\Creator\3.8.8\resources\app.asar\builtin\scene\dist\script\3d\preload\web\preload.js
- electron/js2c/renderer_init
    at Object.evaluate (C:\ProgramData\cocos\editors\Creator\3.8.8\resources\app.asar\node_modules\@editor\lib-programming\src\executor\pack-mod-instantiation.ts:20:19)
    at PackModInstantiation._evalCode2 (C:\ProgramData\cocos\editors\Creator\3.8.8\resources\app.asar\node_modules\@editor\lib-programming\src\executor\pack-mod-instantiation.ts:159:31)
    at PackModInstantiation.instantiate (C:\ProgramData\cocos\editors\Creator\3.8.8\resources\app.asar\node_modules\@editor\lib-programming\src\executor\pack-mod-instantiation.ts:90:41)
    at C:\ProgramData\cocos\editors\Creator\3.8.8\resources\app.asar\node_modules\@editor\lib-programming\src\executor\index.ts:143:34
    at ExecutorSystem._instantiate (C:\ProgramData\cocos\editors\Creator\3.8.8\resources\app.asar\node_modules\@editor\lib-programming\src\editor-systemjs\index.ts:167:30)
    at file:///D:/Works/Cocos/WxMiniGames/MiniGameArrow/temp/programming/packer-driver/targets/editor/chunks/6d/cce:/internal/x/prerequisite-imports:8:13
    at Object.execute (file:///D:/Works/Cocos/WxMiniGames/MiniGameArrow/temp/programming/packer-driver/targets/editor/chunks/6d/cce:/internal/x/prerequisite-imports:4:1)
    at Executor._importPrerequisiteModules (C:\ProgramData\cocos\editors\Creator\3.8.8\resources\app.asar\node_modules\@editor\lib-programming\src\executor\index.ts:358:13)
    at Executor.reload (C:\ProgramData\cocos\editors\Creator\3.8.8\resources\app.asar\node_modules\@editor\lib-programming\src\executor\index.ts:235:13)
    at C:\ProgramData\cocos\editors\Creator\3.8.8\resources\app.asar\builtin\scene\dist\script\3d\manager\scripts.ccc:1:1893
    at GlobalEnv.processQueue (C:\ProgramData\cocos\editors\Creator\3.8.8\resources\app.asar\builtin\scene\dist\script\3d\manager\scripts.ccc:1:2290)
    at GlobalEnv.record (C:\ProgramData\cocos\editors\Creator\3.8.8\resources\app.asar\builtin\scene\dist\script\3d\manager\scripts.ccc:1:2061)
    at ScriptManager.init (C:\ProgramData\cocos\editors\Creator\3.8.8\resources\app.asar\builtin\scene\dist\script\3d\manager\scripts.ccc:1:4024)Error: [Scene] {hidden(::SceneExecutorImportExceptionHandler::)} Error: 宿主无法解析代码块 D:\Works\Cocos\WxMiniGames\MiniGameArrow\temp\programming\packer-driver\targets\editor\chunks\e2\e2831fde95d58c09916d0f882742b7597544b8d1.js
这是因为
Error: Cannot find module 'D:\Works\Cocos\WxMiniGames\MiniGameArrow\temp\programming\packer-driver\targets\editor\chunks\e2\e2831fde95d58c09916d0f882742b7597544b8d1.js'
Require stack:
- C:\ProgramData\cocos\editors\Creator\3.8.8\resources\app.asar\node_modules\@editor\lib-programming\dist\executor\pack-mod-instantiation.js
- C:\ProgramData\cocos\editors\Creator\3.8.8\resources\app.asar\node_modules\@editor\lib-programming\dist\executor\index.js
- C:\ProgramData\cocos\editors\Creator\3.8.8\resources\app.asar\builtin\scene\dist\script\3d\manager\scripts.ccc
- C:\ProgramData\cocos\editors\Creator\3.8.8\resources\app.asar\builtin\scene\dist\script\3d\manager\startup\engine\index.ccc
- C:\ProgramData\cocos\editors\Creator\3.8.8\resources\app.asar\builtin\scene\dist\script\3d\manager\startup\index.ccc
- C:\ProgramData\cocos\editors\Creator\3.8.8\resources\app.asar\builtin\scene\dist\script\3d\preload\main.js
- C:\ProgramData\cocos\editors\Creator\3.8.8\resources\app.asar\builtin\scene\dist\script\3d\preload\web\preload.js
- electron/js2c/renderer_init
    at C:\ProgramData\cocos\editors\Creator\3.8.8\resources\app.asar\node_modules\@editor\lib-programming\src\executor\index.ts:143:34
    at ExecutorSystem._instantiate (C:\ProgramData\cocos\editors\Creator\3.8.8\resources\app.asar\node_modules\@editor\lib-programming\src\editor-systemjs\index.ts:167:30)
    at file:///D:/Works/Cocos/WxMiniGames/MiniGameArrow/temp/programming/packer-driver/targets/editor/chunks/6d/cce:/internal/x/prerequisite-imports:8:13
    at Object.execute (file:///D:/Works/Cocos/WxMiniGames/MiniGameArrow/temp/programming/packer-driver/targets/editor/chunks/6d/cce:/internal/x/prerequisite-imports:4:1)
    at Executor._importPrerequisiteModules (C:\ProgramData\cocos\editors\Creator\3.8.8\resources\app.asar\node_modules\@editor\lib-programming\src\executor\index.ts:358:13)
    at Executor.reload (C:\ProgramData\cocos\editors\Creator\3.8.8\resources\app.asar\node_modules\@editor\lib-programming\src\executor\index.ts:235:13)
    at C:\ProgramData\cocos\editors\Creator\3.8.8\resources\app.asar\builtin\scene\dist\script\3d\manager\scripts.ccc:1:1893
    at GlobalEnv.processQueue (C:\ProgramData\cocos\editors\Creator\3.8.8\resources\app.asar\builtin\scene\dist\script\3d\manager\scripts.ccc:1:2290)
    at GlobalEnv.record (C:\ProgramData\cocos\editors\Creator\3.8.8\resources\app.asar\builtin\scene\dist\script\3d\manager\scripts.ccc:1:2061)
    at ScriptManager.init (C:\ProgramData\cocos\editors\Creator\3.8.8\resources\app.asar\builtin\scene\dist\script\3d\manager\scripts.ccc:1:4024)
    at Logger._logHandler (C:\ProgramData\cocos\editors\Creator\3.8.8\resources\app.asar\builtin\scene\dist\script\3d\manager\startup\log.ccc:1:487)
    at Logger.record (C:\ProgramData\cocos\editors\Creator\3.8.8\resources\app.asar\node_modules\@base\electron-logger\lib\renderer.ccc:1:458)
    at console.<anonymous> (C:\ProgramData\cocos\editors\Creator\3.8.8\resources\app.asar\node_modules\@base\electron-logger\lib\renderer.ccc:1:1414)
    at console.error (C:\ProgramData\cocos\editors\Creator\3.8.8\resources\app.asar\node_modules\@sentry\core\src\utils-hoist\instrument\console.ts:40:14)
    at ScriptManager._handleImportException (C:\ProgramData\cocos\editors\Creator\3.8.8\resources\app.asar\builtin\scene\dist\script\3d\manager\scripts.ccc:1:5678)
    at Executor.importExceptionHandler [as _importExceptionHandler] (C:\ProgramData\cocos\editors\Creator\3.8.8\resources\app.asar\builtin\scene\dist\script\3d\manager\scripts.ccc:1:3834)
    at Executor._onModuleLoaded (C:\ProgramData\cocos\editors\Creator\3.8.8\resources\app.asar\node_modules\@editor\lib-programming\src\executor\index.ts:401:22)
    at SystemJS.onload (C:\ProgramData\cocos\editors\Creator\3.8.8\resources\app.asar\node_modules\@editor\lib-programming\src\executor\index.ts:99:18)
    at triggerOnload (C:\ProgramData\cocos\editors\Creator\3.8.8\resources\app.asar\node_modules\@editor\lib-programming\static\executor\systemjs-bridge\out\index.js:270:10)
    at C:\ProgramData\cocos\editors\Creator\3.8.8\resources\app.asar\node_modules\@editor\lib-programming\static\executor\systemjs-bridge\out\index.js:347:5
    at file:///D:/Works/Cocos/WxMiniGames/MiniGameArrow/temp/programming/packer-driver/targets/editor/chunks/6d/cce:/internal/x/prerequisite-imports:8:13
    at Object.execute (file:///D:/Works/Cocos/WxMiniGames/MiniGameArrow/temp/programming/packer-driver/targets/editor/chunks/6d/cce:/internal/x/prerequisite-imports:4:1)
    at Executor._importPrerequisiteModules (C:\ProgramData\cocos\editors\Creator\3.8.8\resources\app.asar\node_modules\@editor\lib-programming\src\executor\index.ts:358:13)
    at Executor.reload (C:\ProgramData\cocos\editors\Creator\3.8.8\resources\app.asar\node_modules\@editor\lib-programming\src\executor\index.ts:235:13)
    at C:\ProgramData\cocos\editors\Creator\3.8.8\resources\app.asar\builtin\scene\dist\script\3d\manager\scripts.ccc:1:1893
    at GlobalEnv.processQueue (C:\ProgramData\cocos\editors\Creator\3.8.8\resources\app.asar\builtin\scene\dist\script\3d\manager\scripts.ccc:1:2290)
    at GlobalEnv.record (C:\ProgramData\cocos\editors\Creator\3.8.8\resources\app.asar\builtin\scene\dist\script\3d\manager\scripts.ccc:1:2061)
    at ScriptManager.init (C:\ProgramData\cocos\editors\Creator\3.8.8\resources\app.asar\builtin\scene\dist\script\3d\manager\scripts.ccc:1:4024)
2026-8-4 14:14:15 - error: [Scene] {hidden(::SceneExecutorImportExceptionHandler::)} Error: 宿主无法解析代码块 D:\Works\Cocos\WxMiniGames\MiniGameArrow\temp\programming\packer-driver\targets\editor\chunks\7d\7dd5f1b51da4ae6cb44c6f9d41d8fc719b109223.js
这是因为
Error: Cannot find module 'D:\Works\Cocos\WxMiniGames\MiniGameArrow\temp\programming\packer-driver\targets\editor\chunks\7d\7dd5f1b51da4ae6cb44c6f9d41d8fc719b109223.js'
Require stack:
- C:\ProgramData\cocos\editors\Creator\3.8.8\resources\app.asar\node_modules\@editor\lib-programming\dist\executor\pack-mod-instantiation.js
- C:\ProgramData\cocos\editors\Creator\3.8.8\resources\app.asar\node_modules\@editor\lib-programming\dist\executor\index.js
- C:\ProgramData\cocos\editors\Creator\3.8.8\resources\app.asar\builtin\scene\dist\script\3d\manager\scripts.ccc
- C:\ProgramData\cocos\editors\Creator\3.8.8\resources\app.asar\builtin\scene\dist\script\3d\manager\startup\engine\index.ccc
- C:\ProgramData\cocos\editors\Creator\3.8.8\resources\app.asar\builtin\scene\dist\script\3d\manager\startup\index.ccc
- C:\ProgramData\cocos\editors\Creator\3.8.8\resources\app.asar\builtin\scene\dist\script\3d\preload\main.js
- C:\ProgramData\cocos\editors\Creator\3.8.8\resources\app.asar\builtin\scene\dist\script\3d\preload\web\preload.js
- electron/js2c/renderer_init
    at Object.evaluate (C:\ProgramData\cocos\editors\Creator\3.8.8\resources\app.asar\node_modules\@editor\lib-programming\src\executor\pack-mod-instantiation.ts:20:19)
    at PackModInstantiation._evalCode2 (C:\ProgramData\cocos\editors\Creator\3.8.8\resources\app.asar\node_modules\@editor\lib-programming\src\executor\pack-mod-instantiation.ts:159:31)
    at PackModInstantiation.instantiate (C:\ProgramData\cocos\editors\Creator\3.8.8\resources\app.asar\node_modules\@editor\lib-programming\src\executor\pack-mod-instantiation.ts:90:41)
    at C:\ProgramData\cocos\editors\Creator\3.8.8\resources\app.asar\node_modules\@editor\lib-programming\src\executor\index.ts:143:34
    at ExecutorSystem._instantiate (C:\ProgramData\cocos\editors\Creator\3.8.8\resources\app.asar\node_modules\@editor\lib-programming\src\editor-systemjs\index.ts:167:30)
    at file:///D:/Works/Cocos/WxMiniGames/MiniGameArrow/temp/programming/packer-driver/targets/editor/chunks/6d/cce:/internal/x/prerequisite-imports:8:13
    at Object.execute (file:///D:/Works/Cocos/WxMiniGames/MiniGameArrow/temp/programming/packer-driver/targets/editor/chunks/6d/cce:/internal/x/prerequisite-imports:4:1)
    at Executor._importPrerequisiteModules (C:\ProgramData\cocos\editors\Creator\3.8.8\resources\app.asar\node_modules\@editor\lib-programming\src\executor\index.ts:358:13)
    at Executor.reload (C:\ProgramData\cocos\editors\Creator\3.8.8\resources\app.asar\node_modules\@editor\lib-programming\src\executor\index.ts:235:13)
    at C:\ProgramData\cocos\editors\Creator\3.8.8\resources\app.asar\builtin\scene\dist\script\3d\manager\scripts.ccc:1:1893
    at GlobalEnv.processQueue (C:\ProgramData\cocos\editors\Creator\3.8.8\resources\app.asar\builtin\scene\dist\script\3d\manager\scripts.ccc:1:2290)
    at GlobalEnv.record (C:\ProgramData\cocos\editors\Creator\3.8.8\resources\app.asar\builtin\scene\dist\script\3d\manager\scripts.ccc:1:2061)
    at ScriptManager.init (C:\ProgramData\cocos\editors\Creator\3.8.8\resources\app.asar\builtin\scene\dist\script\3d\manager\scripts.ccc:1:4024)Error: [Scene] {hidden(::SceneExecutorImportExceptionHandler::)} Error: 宿主无法解析代码块 D:\Works\Cocos\WxMiniGames\MiniGameArrow\temp\programming\packer-driver\targets\editor\chunks\7d\7dd5f1b51da4ae6cb44c6f9d41d8fc719b109223.js
这是因为
Error: Cannot find module 'D:\Works\Cocos\WxMiniGames\MiniGameArrow\temp\programming\packer-driver\targets\editor\chunks\7d\7dd5f1b51da4ae6cb44c6f9d41d8fc719b109223.js'
Require stack:
- C:\ProgramData\cocos\editors\Creator\3.8.8\resources\app.asar\node_modules\@editor\lib-programming\dist\executor\pack-mod-instantiation.js
- C:\ProgramData\cocos\editors\Creator\3.8.8\resources\app.asar\node_modules\@editor\lib-programming\dist\executor\index.js
- C:\ProgramData\cocos\editors\Creator\3.8.8\resources\app.asar\builtin\scene\dist\script\3d\manager\scripts.ccc
- C:\ProgramData\cocos\editors\Creator\3.8.8\resources\app.asar\builtin\scene\dist\script\3d\manager\startup\engine\index.ccc
- C:\ProgramData\cocos\editors\Creator\3.8.8\resources\app.asar\builtin\scene\dist\script\3d\manager\startup\index.ccc
- C:\ProgramData\cocos\editors\Creator\3.8.8\resources\app.asar\builtin\scene\dist\script\3d\preload\main.js
- C:\ProgramData\cocos\editors\Creator\3.8.8\resources\app.asar\builtin\scene\dist\script\3d\preload\web\preload.js
- electron/js2c/renderer_init
    at C:\ProgramData\cocos\editors\Creator\3.8.8\resources\app.asar\node_modules\@editor\lib-programming\src\executor\index.ts:143:34
    at ExecutorSystem._instantiate (C:\ProgramData\cocos\editors\Creator\3.8.8\resources\app.asar\node_modules\@editor\lib-programming\src\editor-systemjs\index.ts:167:30)
    at file:///D:/Works/Cocos/WxMiniGames/MiniGameArrow/temp/programming/packer-driver/targets/editor/chunks/6d/cce:/internal/x/prerequisite-imports:8:13
    at Object.execute (file:///D:/Works/Cocos/WxMiniGames/MiniGameArrow/temp/programming/packer-driver/targets/editor/chunks/6d/cce:/internal/x/prerequisite-imports:4:1)
    at Executor._importPrerequisiteModules (C:\ProgramData\cocos\editors\Creator\3.8.8\resources\app.asar\node_modules\@editor\lib-programming\src\executor\index.ts:358:13)
    at Executor.reload (C:\ProgramData\cocos\editors\Creator\3.8.8\resources\app.asar\node_modules\@editor\lib-programming\src\executor\index.ts:235:13)
    at C:\ProgramData\cocos\editors\Creator\3.8.8\resources\app.asar\builtin\scene\dist\script\3d\manager\scripts.ccc:1:1893
    at GlobalEnv.processQueue (C:\ProgramData\cocos\editors\Creator\3.8.8\resources\app.asar\builtin\scene\dist\script\3d\manager\scripts.ccc:1:2290)
    at GlobalEnv.record (C:\ProgramData\cocos\editors\Creator\3.8.8\resources\app.asar\builtin\scene\dist\script\3d\manager\scripts.ccc:1:2061)
    at ScriptManager.init (C:\ProgramData\cocos\editors\Creator\3.8.8\resources\app.asar\builtin\scene\dist\script\3d\manager\scripts.ccc:1:4024)
    at Logger._logHandler (C:\ProgramData\cocos\editors\Creator\3.8.8\resources\app.asar\builtin\scene\dist\script\3d\manager\startup\log.ccc:1:487)
    at Logger.record (C:\ProgramData\cocos\editors\Creator\3.8.8\resources\app.asar\node_modules\@base\electron-logger\lib\renderer.ccc:1:458)
    at console.<anonymous> (C:\ProgramData\cocos\editors\Creator\3.8.8\resources\app.asar\node_modules\@base\electron-logger\lib\renderer.ccc:1:1414)
    at console.error (C:\ProgramData\cocos\editors\Creator\3.8.8\resources\app.asar\node_modules\@sentry\core\src\utils-hoist\instrument\console.ts:40:14)
    at ScriptManager._handleImportException (C:\ProgramData\cocos\editors\Creator\3.8.8\resources\app.asar\builtin\scene\dist\script\3d\manager\scripts.ccc:1:5678)
    at Executor.importExceptionHandler [as _importExceptionHandler] (C:\ProgramData\cocos\editors\Creator\3.8.8\resources\app.asar\builtin\scene\dist\script\3d\manager\scripts.ccc:1:3834)
    at Executor._onModuleLoaded (C:\ProgramData\cocos\editors\Creator\3.8.8\resources\app.asar\node_modules\@editor\lib-programming\src\executor\index.ts:401:22)
    at SystemJS.onload (C:\ProgramData\cocos\editors\Creator\3.8.8\resources\app.asar\node_modules\@editor\lib-programming\src\executor\index.ts:99:18)
    at triggerOnload (C:\ProgramData\cocos\editors\Creator\3.8.8\resources\app.asar\node_modules\@editor\lib-programming\static\executor\systemjs-bridge\out\index.js:270:10)
    at C:\ProgramData\cocos\editors\Creator\3.8.8\resources\app.asar\node_modules\@editor\lib-programming\static\executor\systemjs-bridge\out\index.js:347:5
    at file:///D:/Works/Cocos/WxMiniGames/MiniGameArrow/temp/programming/packer-driver/targets/editor/chunks/6d/cce:/internal/x/prerequisite-imports:8:13
    at Object.execute (file:///D:/Works/Cocos/WxMiniGames/MiniGameArrow/temp/programming/packer-driver/targets/editor/chunks/6d/cce:/internal/x/prerequisite-imports:4:1)
    at Executor._importPrerequisiteModules (C:\ProgramData\cocos\editors\Creator\3.8.8\resources\app.asar\node_modules\@editor\lib-programming\src\executor\index.ts:358:13)
    at Executor.reload (C:\ProgramData\cocos\editors\Creator\3.8.8\resources\app.asar\node_modules\@editor\lib-programming\src\executor\index.ts:235:13)
    at C:\ProgramData\cocos\editors\Creator\3.8.8\resources\app.asar\builtin\scene\dist\script\3d\manager\scripts.ccc:1:1893
    at GlobalEnv.processQueue (C:\ProgramData\cocos\editors\Creator\3.8.8\resources\app.asar\builtin\scene\dist\script\3d\manager\scripts.ccc:1:2290)
    at GlobalEnv.record (C:\ProgramData\cocos\editors\Creator\3.8.8\resources\app.asar\builtin\scene\dist\script\3d\manager\scripts.ccc:1:2061)
    at ScriptManager.init (C:\ProgramData\cocos\editors\Creator\3.8.8\resources\app.asar\builtin\scene\dist\script\3d\manager\scripts.ccc:1:4024)
2026-8-4 14:14:15 - error: [Scene] {hidden(::SceneExecutorImportExceptionHandler::)} Error: 宿主无法解析代码块 D:\Works\Cocos\WxMiniGames\MiniGameArrow\temp\programming\packer-driver\targets\editor\chunks\fd\fd74c742a972dbbcd3691d204a338b19a4515b62.js
这是因为
Error: Cannot find module 'D:\Works\Cocos\WxMiniGames\MiniGameArrow\temp\programming\packer-driver\targets\editor\chunks\fd\fd74c742a972dbbcd3691d204a338b19a4515b62.js'
Require stack:
- C:\ProgramData\cocos\editors\Creator\3.8.8\resources\app.asar\node_modules\@editor\lib-programming\dist\executor\pack-mod-instantiation.js
- C:\ProgramData\cocos\editors\Creator\3.8.8\resources\app.asar\node_modules\@editor\lib-programming\dist\executor\index.js
- C:\ProgramData\cocos\editors\Creator\3.8.8\resources\app.asar\builtin\scene\dist\script\3d\manager\scripts.ccc
- C:\ProgramData\cocos\editors\Creator\3.8.8\resources\app.asar\builtin\scene\dist\script\3d\manager\startup\engine\index.ccc
- C:\ProgramData\cocos\editors\Creator\3.8.8\resources\app.asar\builtin\scene\dist\script\3d\manager\startup\index.ccc
- C:\ProgramData\cocos\editors\Creator\3.8.8\resources\app.asar\builtin\scene\dist\script\3d\preload\main.js
- C:\ProgramData\cocos\editors\Creator\3.8.8\resources\app.asar\builtin\scene\dist\script\3d\preload\web\preload.js
- electron/js2c/renderer_init
    at Object.evaluate (C:\ProgramData\cocos\editors\Creator\3.8.8\resources\app.asar\node_modules\@editor\lib-programming\src\executor\pack-mod-instantiation.ts:20:19)
    at PackModInstantiation._evalCode2 (C:\ProgramData\cocos\editors\Creator\3.8.8\resources\app.asar\node_modules\@editor\lib-programming\src\executor\pack-mod-instantiation.ts:159:31)
    at PackModInstantiation.instantiate (C:\ProgramData\cocos\editors\Creator\3.8.8\resources\app.asar\node_modules\@editor\lib-programming\src\executor\pack-mod-instantiation.ts:90:41)
    at C:\ProgramData\cocos\editors\Creator\3.8.8\resources\app.asar\node_modules\@editor\lib-programming\src\executor\index.ts:143:34
    at ExecutorSystem._instantiate (C:\ProgramData\cocos\editors\Creator\3.8.8\resources\app.asar\node_modules\@editor\lib-programming\src\editor-systemjs\index.ts:167:30)
    at file:///D:/Works/Cocos/WxMiniGames/MiniGameArrow/temp/programming/packer-driver/targets/editor/chunks/6d/cce:/internal/x/prerequisite-imports:8:13
    at Object.execute (file:///D:/Works/Cocos/WxMiniGames/MiniGameArrow/temp/programming/packer-driver/targets/editor/chunks/6d/cce:/internal/x/prerequisite-imports:4:1)
    at Executor._importPrerequisiteModules (C:\ProgramData\cocos\editors\Creator\3.8.8\resources\app.asar\node_modules\@editor\lib-programming\src\executor\index.ts:358:13)
    at Executor.reload (C:\ProgramData\cocos\editors\Creator\3.8.8\resources\app.asar\node_modules\@editor\lib-programming\src\executor\index.ts:235:13)
    at C:\ProgramData\cocos\editors\Creator\3.8.8\resources\app.asar\builtin\scene\dist\script\3d\manager\scripts.ccc:1:1893
    at GlobalEnv.processQueue (C:\ProgramData\cocos\editors\Creator\3.8.8\resources\app.asar\builtin\scene\dist\script\3d\manager\scripts.ccc:1:2290)
    at GlobalEnv.record (C:\ProgramData\cocos\editors\Creator\3.8.8\resources\app.asar\builtin\scene\dist\script\3d\manager\scripts.ccc:1:2061)
    at ScriptManager.init (C:\ProgramData\cocos\editors\Creator\3.8.8\resources\app.asar\builtin\scene\dist\script\3d\manager\scripts.ccc:1:4024)Error: [Scene] {hidden(::SceneExecutorImportExceptionHandler::)} Error: 宿主无法解析代码块 D:\Works\Cocos\WxMiniGames\MiniGameArrow\temp\programming\packer-driver\targets\editor\chunks\fd\fd74c742a972dbbcd3691d204a338b19a4515b62.js
这是因为
Error: Cannot find module 'D:\Works\Cocos\WxMiniGames\MiniGameArrow\temp\programming\packer-driver\targets\editor\chunks\fd\fd74c742a972dbbcd3691d204a338b19a4515b62.js'
Require stack:
- C:\ProgramData\cocos\editors\Creator\3.8.8\resources\app.asar\node_modules\@editor\lib-programming\dist\executor\pack-mod-instantiation.js
- C:\ProgramData\cocos\editors\Creator\3.8.8\resources\app.asar\node_modules\@editor\lib-programming\dist\executor\index.js
- C:\ProgramData\cocos\editors\Creator\3.8.8\resources\app.asar\builtin\scene\dist\script\3d\manager\scripts.ccc
- C:\ProgramData\cocos\editors\Creator\3.8.8\resources\app.asar\builtin\scene\dist\script\3d\manager\startup\engine\index.ccc
- C:\ProgramData\cocos\editors\Creator\3.8.8\resources\app.asar\builtin\scene\dist\script\3d\manager\startup\index.ccc
- C:\ProgramData\cocos\editors\Creator\3.8.8\resources\app.asar\builtin\scene\dist\script\3d\preload\main.js
- C:\ProgramData\cocos\editors\Creator\3.8.8\resources\app.asar\builtin\scene\dist\script\3d\preload\web\preload.js
- electron/js2c/renderer_init
    at C:\ProgramData\cocos\editors\Creator\3.8.8\resources\app.asar\node_modules\@editor\lib-programming\src\executor\index.ts:143:34
    at ExecutorSystem._instantiate (C:\ProgramData\cocos\editors\Creator\3.8.8\resources\app.asar\node_modules\@editor\lib-programming\src\editor-systemjs\index.ts:167:30)
    at file:///D:/Works/Cocos/WxMiniGames/MiniGameArrow/temp/programming/packer-driver/targets/editor/chunks/6d/cce:/internal/x/prerequisite-imports:8:13
    at Object.execute (file:///D:/Works/Cocos/WxMiniGames/MiniGameArrow/temp/programming/packer-driver/targets/editor/chunks/6d/cce:/internal/x/prerequisite-imports:4:1)
    at Executor._importPrerequisiteModules (C:\ProgramData\cocos\editors\Creator\3.8.8\resources\app.asar\node_modules\@editor\lib-programming\src\executor\index.ts:358:13)
    at Executor.reload (C:\ProgramData\cocos\editors\Creator\3.8.8\resources\app.asar\node_modules\@editor\lib-programming\src\executor\index.ts:235:13)
    at C:\ProgramData\cocos\editors\Creator\3.8.8\resources\app.asar\builtin\scene\dist\script\3d\manager\scripts.ccc:1:1893
    at GlobalEnv.processQueue (C:\ProgramData\cocos\editors\Creator\3.8.8\resources\app.asar\builtin\scene\dist\script\3d\manager\scripts.ccc:1:2290)
    at GlobalEnv.record (C:\ProgramData\cocos\editors\Creator\3.8.8\resources\app.asar\builtin\scene\dist\script\3d\manager\scripts.ccc:1:2061)
    at ScriptManager.init (C:\ProgramData\cocos\editors\Creator\3.8.8\resources\app.asar\builtin\scene\dist\script\3d\manager\scripts.ccc:1:4024)
    at Logger._logHandler (C:\ProgramData\cocos\editors\Creator\3.8.8\resources\app.asar\builtin\scene\dist\script\3d\manager\startup\log.ccc:1:487)
    at Logger.record (C:\ProgramData\cocos\editors\Creator\3.8.8\resources\app.asar\node_modules\@base\electron-logger\lib\renderer.ccc:1:458)
    at console.<anonymous> (C:\ProgramData\cocos\editors\Creator\3.8.8\resources\app.asar\node_modules\@base\electron-logger\lib\renderer.ccc:1:1414)
    at console.error (C:\ProgramData\cocos\editors\Creator\3.8.8\resources\app.asar\node_modules\@sentry\core\src\utils-hoist\instrument\console.ts:40:14)
    at ScriptManager._handleImportException (C:\ProgramData\cocos\editors\Creator\3.8.8\resources\app.asar\builtin\scene\dist\script\3d\manager\scripts.ccc:1:5678)
    at Executor.importExceptionHandler [as _importExceptionHandler] (C:\ProgramData\cocos\editors\Creator\3.8.8\resources\app.asar\builtin\scene\dist\script\3d\manager\scripts.ccc:1:3834)
    at Executor._onModuleLoaded (C:\ProgramData\cocos\editors\Creator\3.8.8\resources\app.asar\node_modules\@editor\lib-programming\src\executor\index.ts:401:22)
    at SystemJS.onload (C:\ProgramData\cocos\editors\Creator\3.8.8\resources\app.asar\node_modules\@editor\lib-programming\src\executor\index.ts:99:18)
    at triggerOnload (C:\ProgramData\cocos\editors\Creator\3.8.8\resources\app.asar\node_modules\@editor\lib-programming\static\executor\systemjs-bridge\out\index.js:270:10)
    at C:\ProgramData\cocos\editors\Creator\3.8.8\resources\app.asar\node_modules\@editor\lib-programming\static\executor\systemjs-bridge\out\index.js:347:5
    at file:///D:/Works/Cocos/WxMiniGames/MiniGameArrow/temp/programming/packer-driver/targets/editor/chunks/6d/cce:/internal/x/prerequisite-imports:8:13
    at Object.execute (file:///D:/Works/Cocos/WxMiniGames/MiniGameArrow/temp/programming/packer-driver/targets/editor/chunks/6d/cce:/internal/x/prerequisite-imports:4:1)
    at Executor._importPrerequisiteModules (C:\ProgramData\cocos\editors\Creator\3.8.8\resources\app.asar\node_modules\@editor\lib-programming\src\executor\index.ts:358:13)
    at Executor.reload (C:\ProgramData\cocos\editors\Creator\3.8.8\resources\app.asar\node_modules\@editor\lib-programming\src\executor\index.ts:235:13)
    at C:\ProgramData\cocos\editors\Creator\3.8.8\resources\app.asar\builtin\scene\dist\script\3d\manager\scripts.ccc:1:1893
    at GlobalEnv.processQueue (C:\ProgramData\cocos\editors\Creator\3.8.8\resources\app.asar\builtin\scene\dist\script\3d\manager\scripts.ccc:1:2290)
    at GlobalEnv.record (C:\ProgramData\cocos\editors\Creator\3.8.8\resources\app.asar\builtin\scene\dist\script\3d\manager\scripts.ccc:1:2061)
    at ScriptManager.init (C:\ProgramData\cocos\editors\Creator\3.8.8\resources\app.asar\builtin\scene\dist\script\3d\manager\scripts.ccc:1:4024)
2026-8-4 14:14:15 - error: [Scene] {hidden(::SceneExecutorImportExceptionHandler::)} Error: 宿主无法解析代码块 D:\Works\Cocos\WxMiniGames\MiniGameArrow\temp\programming\packer-driver\targets\editor\chunks\62\621a159ce4a7bac550092546e00c97e12458f12b.js
这是因为
Error: Cannot find module 'D:\Works\Cocos\WxMiniGames\MiniGameArrow\temp\programming\packer-driver\targets\editor\chunks\62\621a159ce4a7bac550092546e00c97e12458f12b.js'
Require stack:
- C:\ProgramData\cocos\editors\Creator\3.8.8\resources\app.asar\node_modules\@editor\lib-programming\dist\executor\pack-mod-instantiation.js
- C:\ProgramData\cocos\editors\Creator\3.8.8\resources\app.asar\node_modules\@editor\lib-programming\dist\executor\index.js
- C:\ProgramData\cocos\editors\Creator\3.8.8\resources\app.asar\builtin\scene\dist\script\3d\manager\scripts.ccc
- C:\ProgramData\cocos\editors\Creator\3.8.8\resources\app.asar\builtin\scene\dist\script\3d\manager\startup\engine\index.ccc
- C:\ProgramData\cocos\editors\Creator\3.8.8\resources\app.asar\builtin\scene\dist\script\3d\manager\startup\index.ccc
- C:\ProgramData\cocos\editors\Creator\3.8.8\resources\app.asar\builtin\scene\dist\script\3d\preload\main.js
- C:\ProgramData\cocos\editors\Creator\3.8.8\resources\app.asar\builtin\scene\dist\script\3d\preload\web\preload.js
- electron/js2c/renderer_init
    at Object.evaluate (C:\ProgramData\cocos\editors\Creator\3.8.8\resources\app.asar\node_modules\@editor\lib-programming\src\executor\pack-mod-instantiation.ts:20:19)
    at PackModInstantiation._evalCode2 (C:\ProgramData\cocos\editors\Creator\3.8.8\resources\app.asar\node_modules\@editor\lib-programming\src\executor\pack-mod-instantiation.ts:159:31)
    at PackModInstantiation.instantiate (C:\ProgramData\cocos\editors\Creator\3.8.8\resources\app.asar\node_modules\@editor\lib-programming\src\executor\pack-mod-instantiation.ts:90:41)
    at C:\ProgramData\cocos\editors\Creator\3.8.8\resources\app.asar\node_modules\@editor\lib-programming\src\executor\index.ts:143:34
    at ExecutorSystem._instantiate (C:\ProgramData\cocos\editors\Creator\3.8.8\resources\app.asar\node_modules\@editor\lib-programming\src\editor-systemjs\index.ts:167:30)
    at file:///D:/Works/Cocos/WxMiniGames/MiniGameArrow/temp/programming/packer-driver/targets/editor/chunks/6d/cce:/internal/x/prerequisite-imports:8:13
    at Object.execute (file:///D:/Works/Cocos/WxMiniGames/MiniGameArrow/temp/programming/packer-driver/targets/editor/chunks/6d/cce:/internal/x/prerequisite-imports:4:1)
    at Executor._importPrerequisiteModules (C:\ProgramData\cocos\editors\Creator\3.8.8\resources\app.asar\node_modules\@editor\lib-programming\src\executor\index.ts:358:13)
    at Executor.reload (C:\ProgramData\cocos\editors\Creator\3.8.8\resources\app.asar\node_modules\@editor\lib-programming\src\executor\index.ts:235:13)
    at C:\ProgramData\cocos\editors\Creator\3.8.8\resources\app.asar\builtin\scene\dist\script\3d\manager\scripts.ccc:1:1893
    at GlobalEnv.processQueue (C:\ProgramData\cocos\editors\Creator\3.8.8\resources\app.asar\builtin\scene\dist\script\3d\manager\scripts.ccc:1:2290)
    at GlobalEnv.record (C:\ProgramData\cocos\editors\Creator\3.8.8\resources\app.asar\builtin\scene\dist\script\3d\manager\scripts.ccc:1:2061)
    at ScriptManager.init (C:\ProgramData\cocos\editors\Creator\3.8.8\resources\app.asar\builtin\scene\dist\script\3d\manager\scripts.ccc:1:4024)Error: [Scene] {hidden(::SceneExecutorImportExceptionHandler::)} Error: 宿主无法解析代码块 D:\Works\Cocos\WxMiniGames\MiniGameArrow\temp\programming\packer-driver\targets\editor\chunks\62\621a159ce4a7bac550092546e00c97e12458f12b.js
这是因为
Error: Cannot find module 'D:\Works\Cocos\WxMiniGames\MiniGameArrow\temp\programming\packer-driver\targets\editor\chunks\62\621a159ce4a7bac550092546e00c97e12458f12b.js'
Require stack:
- C:\ProgramData\cocos\editors\Creator\3.8.8\resources\app.asar\node_modules\@editor\lib-programming\dist\executor\pack-mod-instantiation.js
- C:\ProgramData\cocos\editors\Creator\3.8.8\resources\app.asar\node_modules\@editor\lib-programming\dist\executor\index.js
- C:\ProgramData\cocos\editors\Creator\3.8.8\resources\app.asar\builtin\scene\dist\script\3d\manager\scripts.ccc
- C:\ProgramData\cocos\editors\Creator\3.8.8\resources\app.asar\builtin\scene\dist\script\3d\manager\startup\engine\index.ccc
- C:\ProgramData\cocos\editors\Creator\3.8.8\resources\app.asar\builtin\scene\dist\script\3d\manager\startup\index.ccc
- C:\ProgramData\cocos\editors\Creator\3.8.8\resources\app.asar\builtin\scene\dist\script\3d\preload\main.js
- C:\ProgramData\cocos\editors\Creator\3.8.8\resources\app.asar\builtin\scene\dist\script\3d\preload\web\preload.js
- electron/js2c/renderer_init
    at C:\ProgramData\cocos\editors\Creator\3.8.8\resources\app.asar\node_modules\@editor\lib-programming\src\executor\index.ts:143:34
    at ExecutorSystem._instantiate (C:\ProgramData\cocos\editors\Creator\3.8.8\resources\app.asar\node_modules\@editor\lib-programming\src\editor-systemjs\index.ts:167:30)
    at file:///D:/Works/Cocos/WxMiniGames/MiniGameArrow/temp/programming/packer-driver/targets/editor/chunks/6d/cce:/internal/x/prerequisite-imports:8:13
    at Object.execute (file:///D:/Works/Cocos/WxMiniGames/MiniGameArrow/temp/programming/packer-driver/targets/editor/chunks/6d/cce:/internal/x/prerequisite-imports:4:1)
    at Executor._importPrerequisiteModules (C:\ProgramData\cocos\editors\Creator\3.8.8\resources\app.asar\node_modules\@editor\lib-programming\src\executor\index.ts:358:13)
    at Executor.reload (C:\ProgramData\cocos\editors\Creator\3.8.8\resources\app.asar\node_modules\@editor\lib-programming\src\executor\index.ts:235:13)
    at C:\ProgramData\cocos\editors\Creator\3.8.8\resources\app.asar\builtin\scene\dist\script\3d\manager\scripts.ccc:1:1893
    at GlobalEnv.processQueue (C:\ProgramData\cocos\editors\Creator\3.8.8\resources\app.asar\builtin\scene\dist\script\3d\manager\scripts.ccc:1:2290)
    at GlobalEnv.record (C:\ProgramData\cocos\editors\Creator\3.8.8\resources\app.asar\builtin\scene\dist\script\3d\manager\scripts.ccc:1:2061)
    at ScriptManager.init (C:\ProgramData\cocos\editors\Creator\3.8.8\resources\app.asar\builtin\scene\dist\script\3d\manager\scripts.ccc:1:4024)
    at Logger._logHandler (C:\ProgramData\cocos\editors\Creator\3.8.8\resources\app.asar\builtin\scene\dist\script\3d\manager\startup\log.ccc:1:487)
    at Logger.record (C:\ProgramData\cocos\editors\Creator\3.8.8\resources\app.asar\node_modules\@base\electron-logger\lib\renderer.ccc:1:458)
    at console.<anonymous> (C:\ProgramData\cocos\editors\Creator\3.8.8\resources\app.asar\node_modules\@base\electron-logger\lib\renderer.ccc:1:1414)
    at console.error (C:\ProgramData\cocos\editors\Creator\3.8.8\resources\app.asar\node_modules\@sentry\core\src\utils-hoist\instrument\console.ts:40:14)
    at ScriptManager._handleImportException (C:\ProgramData\cocos\editors\Creator\3.8.8\resources\app.asar\builtin\scene\dist\script\3d\manager\scripts.ccc:1:5678)
    at Executor.importExceptionHandler [as _importExceptionHandler] (C:\ProgramData\cocos\editors\Creator\3.8.8\resources\app.asar\builtin\scene\dist\script\3d\manager\scripts.ccc:1:3834)
    at Executor._onModuleLoaded (C:\ProgramData\cocos\editors\Creator\3.8.8\resources\app.asar\node_modules\@editor\lib-programming\src\executor\index.ts:401:22)
    at SystemJS.onload (C:\ProgramData\cocos\editors\Creator\3.8.8\resources\app.asar\node_modules\@editor\lib-programming\src\executor\index.ts:99:18)
    at triggerOnload (C:\ProgramData\cocos\editors\Creator\3.8.8\resources\app.asar\node_modules\@editor\lib-programming\static\executor\systemjs-bridge\out\index.js:270:10)
    at C:\ProgramData\cocos\editors\Creator\3.8.8\resources\app.asar\node_modules\@editor\lib-programming\static\executor\systemjs-bridge\out\index.js:347:5
    at file:///D:/Works/Cocos/WxMiniGames/MiniGameArrow/temp/programming/packer-driver/targets/editor/chunks/6d/cce:/internal/x/prerequisite-imports:8:13
    at Object.execute (file:///D:/Works/Cocos/WxMiniGames/MiniGameArrow/temp/programming/packer-driver/targets/editor/chunks/6d/cce:/internal/x/prerequisite-imports:4:1)
    at Executor._importPrerequisiteModules (C:\ProgramData\cocos\editors\Creator\3.8.8\resources\app.asar\node_modules\@editor\lib-programming\src\executor\index.ts:358:13)
    at Executor.reload (C:\ProgramData\cocos\editors\Creator\3.8.8\resources\app.asar\node_modules\@editor\lib-programming\src\executor\index.ts:235:13)
    at C:\ProgramData\cocos\editors\Creator\3.8.8\resources\app.asar\builtin\scene\dist\script\3d\manager\scripts.ccc:1:1893
    at GlobalEnv.processQueue (C:\ProgramData\cocos\editors\Creator\3.8.8\resources\app.asar\builtin\scene\dist\script\3d\manager\scripts.ccc:1:2290)
    at GlobalEnv.record (C:\ProgramData\cocos\editors\Creator\3.8.8\resources\app.asar\builtin\scene\dist\script\3d\manager\scripts.ccc:1:2061)
    at ScriptManager.init (C:\ProgramData\cocos\editors\Creator\3.8.8\resources\app.asar\builtin\scene\dist\script\3d\manager\scripts.ccc:1:4024)
2026-8-4 14:14:17 - log: [Scene] Using custom pipeline: Builtin
2026-8-4 14:16:36 - log: [PreviewInEditor] meshopt wasm decoder initialized
2026-8-4 14:16:36 - log: [PreviewInEditor] [bullet]:bullet wasm lib loaded.
2026-8-4 14:16:36 - log: [PreviewInEditor] [box2d]:box2d wasm lib loaded.
2026-8-4 14:16:36 - log: [PreviewInEditor] [PHYSICS]: using builtin.
2026-8-4 14:16:37 - log: [PreviewInEditor] Cocos Creator v3.8.8
2026-8-4 14:16:37 - error: [PreviewInEditor] {hidden(::SceneExecutorImportExceptionHandler::)} Error: 宿主无法解析代码块 D:\Works\Cocos\WxMiniGames\MiniGameArrow\temp\programming\packer-driver\targets\editor\chunks\50\50ec684ab28702df18cf262b25c26ec6d899c3a5.js
这是因为
Error: Cannot find module 'D:\Works\Cocos\WxMiniGames\MiniGameArrow\temp\programming\packer-driver\targets\editor\chunks\50\50ec684ab28702df18cf262b25c26ec6d899c3a5.js'
Require stack:
- C:\ProgramData\cocos\editors\Creator\3.8.8\resources\app.asar\node_modules\@editor\lib-programming\dist\executor\pack-mod-instantiation.js
- C:\ProgramData\cocos\editors\Creator\3.8.8\resources\app.asar\node_modules\@editor\lib-programming\dist\executor\index.js
- C:\ProgramData\cocos\editors\Creator\3.8.8\resources\app.asar\builtin\scene\dist\script\3d\manager\scripts.ccc
- C:\ProgramData\cocos\editors\Creator\3.8.8\resources\app.asar\builtin\scene\dist\script\3d\manager\startup\engine\index.ccc
- C:\ProgramData\cocos\editors\Creator\3.8.8\resources\app.asar\builtin\scene\dist\script\3d\manager\startup\index.ccc
- C:\ProgramData\cocos\editors\Creator\3.8.8\resources\app.asar\builtin\scene\dist\script\3d\preload\main.js
- C:\ProgramData\cocos\editors\Creator\3.8.8\resources\app.asar\builtin\scene\dist\script\3d\preload\web\preview.js
- electron/js2c/renderer_init
    at Object.evaluate (C:\ProgramData\cocos\editors\Creator\3.8.8\resources\app.asar\node_modules\@editor\lib-programming\src\executor\pack-mod-instantiation.ts:20:19)
    at PackModInstantiation._evalCode2 (C:\ProgramData\cocos\editors\Creator\3.8.8\resources\app.asar\node_modules\@editor\lib-programming\src\executor\pack-mod-instantiation.ts:159:31)
    at PackModInstantiation.instantiate (C:\ProgramData\cocos\editors\Creator\3.8.8\resources\app.asar\node_modules\@editor\lib-programming\src\executor\pack-mod-instantiation.ts:90:41)
    at C:\ProgramData\cocos\editors\Creator\3.8.8\resources\app.asar\node_modules\@editor\lib-programming\src\executor\index.ts:143:34
    at ExecutorSystem._instantiate (C:\ProgramData\cocos\editors\Creator\3.8.8\resources\app.asar\node_modules\@editor\lib-programming\src\editor-systemjs\index.ts:167:30)
    at file:///D:/Works/Cocos/WxMiniGames/MiniGameArrow/temp/programming/packer-driver/targets/editor/chunks/6d/cce:/internal/x/prerequisite-imports:8:13
    at Object.execute (file:///D:/Works/Cocos/WxMiniGames/MiniGameArrow/temp/programming/packer-driver/targets/editor/chunks/6d/cce:/internal/x/prerequisite-imports:4:1)
    at Executor._importPrerequisiteModules (C:\ProgramData\cocos\editors\Creator\3.8.8\resources\app.asar\node_modules\@editor\lib-programming\src\executor\index.ts:358:13)
    at Executor.reload (C:\ProgramData\cocos\editors\Creator\3.8.8\resources\app.asar\node_modules\@editor\lib-programming\src\executor\index.ts:235:13)
    at C:\ProgramData\cocos\editors\Creator\3.8.8\resources\app.asar\builtin\scene\dist\script\3d\manager\scripts.ccc:1:1893
    at GlobalEnv.processQueue (C:\ProgramData\cocos\editors\Creator\3.8.8\resources\app.asar\builtin\scene\dist\script\3d\manager\scripts.ccc:1:2290)
    at GlobalEnv.record (C:\ProgramData\cocos\editors\Creator\3.8.8\resources\app.asar\builtin\scene\dist\script\3d\manager\scripts.ccc:1:2061)
    at ScriptManager.init (C:\ProgramData\cocos\editors\Creator\3.8.8\resources\app.asar\builtin\scene\dist\script\3d\manager\scripts.ccc:1:4024)Error: [PreviewInEditor] {hidden(::SceneExecutorImportExceptionHandler::)} Error: 宿主无法解析代码块 D:\Works\Cocos\WxMiniGames\MiniGameArrow\temp\programming\packer-driver\targets\editor\chunks\50\50ec684ab28702df18cf262b25c26ec6d899c3a5.js
这是因为
Error: Cannot find module 'D:\Works\Cocos\WxMiniGames\MiniGameArrow\temp\programming\packer-driver\targets\editor\chunks\50\50ec684ab28702df18cf262b25c26ec6d899c3a5.js'
Require stack:
- C:\ProgramData\cocos\editors\Creator\3.8.8\resources\app.asar\node_modules\@editor\lib-programming\dist\executor\pack-mod-instantiation.js
- C:\ProgramData\cocos\editors\Creator\3.8.8\resources\app.asar\node_modules\@editor\lib-programming\dist\executor\index.js
- C:\ProgramData\cocos\editors\Creator\3.8.8\resources\app.asar\builtin\scene\dist\script\3d\manager\scripts.ccc
- C:\ProgramData\cocos\editors\Creator\3.8.8\resources\app.asar\builtin\scene\dist\script\3d\manager\startup\engine\index.ccc
- C:\ProgramData\cocos\editors\Creator\3.8.8\resources\app.asar\builtin\scene\dist\script\3d\manager\startup\index.ccc
- C:\ProgramData\cocos\editors\Creator\3.8.8\resources\app.asar\builtin\scene\dist\script\3d\preload\main.js
- C:\ProgramData\cocos\editors\Creator\3.8.8\resources\app.asar\builtin\scene\dist\script\3d\preload\web\preview.js
- electron/js2c/renderer_init
    at C:\ProgramData\cocos\editors\Creator\3.8.8\resources\app.asar\node_modules\@editor\lib-programming\src\executor\index.ts:143:34
    at ExecutorSystem._instantiate (C:\ProgramData\cocos\editors\Creator\3.8.8\resources\app.asar\node_modules\@editor\lib-programming\src\editor-systemjs\index.ts:167:30)
    at file:///D:/Works/Cocos/WxMiniGames/MiniGameArrow/temp/programming/packer-driver/targets/editor/chunks/6d/cce:/internal/x/prerequisite-imports:8:13
    at Object.execute (file:///D:/Works/Cocos/WxMiniGames/MiniGameArrow/temp/programming/packer-driver/targets/editor/chunks/6d/cce:/internal/x/prerequisite-imports:4:1)
    at Executor._importPrerequisiteModules (C:\ProgramData\cocos\editors\Creator\3.8.8\resources\app.asar\node_modules\@editor\lib-programming\src\executor\index.ts:358:13)
    at Executor.reload (C:\ProgramData\cocos\editors\Creator\3.8.8\resources\app.asar\node_modules\@editor\lib-programming\src\executor\index.ts:235:13)
    at C:\ProgramData\cocos\editors\Creator\3.8.8\resources\app.asar\builtin\scene\dist\script\3d\manager\scripts.ccc:1:1893
    at GlobalEnv.processQueue (C:\ProgramData\cocos\editors\Creator\3.8.8\resources\app.asar\builtin\scene\dist\script\3d\manager\scripts.ccc:1:2290)
    at GlobalEnv.record (C:\ProgramData\cocos\editors\Creator\3.8.8\resources\app.asar\builtin\scene\dist\script\3d\manager\scripts.ccc:1:2061)
    at ScriptManager.init (C:\ProgramData\cocos\editors\Creator\3.8.8\resources\app.asar\builtin\scene\dist\script\3d\manager\scripts.ccc:1:4024)
    at Logger._logHandler (C:\ProgramData\cocos\editors\Creator\3.8.8\resources\app.asar\builtin\scene\dist\script\3d\manager\startup\log.ccc:1:487)
    at Logger.record (C:\ProgramData\cocos\editors\Creator\3.8.8\resources\app.asar\node_modules\@base\electron-logger\lib\renderer.ccc:1:458)
    at console.<anonymous> (C:\ProgramData\cocos\editors\Creator\3.8.8\resources\app.asar\node_modules\@base\electron-logger\lib\renderer.ccc:1:1414)
    at console.error (C:\ProgramData\cocos\editors\Creator\3.8.8\resources\app.asar\node_modules\@sentry\core\src\utils-hoist\instrument\console.ts:40:14)
    at ScriptManager._handleImportException (C:\ProgramData\cocos\editors\Creator\3.8.8\resources\app.asar\builtin\scene\dist\script\3d\manager\scripts.ccc:1:5678)
    at Executor.importExceptionHandler [as _importExceptionHandler] (C:\ProgramData\cocos\editors\Creator\3.8.8\resources\app.asar\builtin\scene\dist\script\3d\manager\scripts.ccc:1:3834)
    at Executor._onModuleLoaded (C:\ProgramData\cocos\editors\Creator\3.8.8\resources\app.asar\node_modules\@editor\lib-programming\src\executor\index.ts:401:22)
    at SystemJS.onload (C:\ProgramData\cocos\editors\Creator\3.8.8\resources\app.asar\node_modules\@editor\lib-programming\src\executor\index.ts:99:18)
    at triggerOnload (C:\ProgramData\cocos\editors\Creator\3.8.8\resources\app.asar\node_modules\@editor\lib-programming\static\executor\systemjs-bridge\out\index.js:270:10)
    at C:\ProgramData\cocos\editors\Creator\3.8.8\resources\app.asar\node_modules\@editor\lib-programming\static\executor\systemjs-bridge\out\index.js:347:5
    at file:///D:/Works/Cocos/WxMiniGames/MiniGameArrow/temp/programming/packer-driver/targets/editor/chunks/6d/cce:/internal/x/prerequisite-imports:8:13
    at Object.execute (file:///D:/Works/Cocos/WxMiniGames/MiniGameArrow/temp/programming/packer-driver/targets/editor/chunks/6d/cce:/internal/x/prerequisite-imports:4:1)
    at Executor._importPrerequisiteModules (C:\ProgramData\cocos\editors\Creator\3.8.8\resources\app.asar\node_modules\@editor\lib-programming\src\executor\index.ts:358:13)
    at Executor.reload (C:\ProgramData\cocos\editors\Creator\3.8.8\resources\app.asar\node_modules\@editor\lib-programming\src\executor\index.ts:235:13)
    at C:\ProgramData\cocos\editors\Creator\3.8.8\resources\app.asar\builtin\scene\dist\script\3d\manager\scripts.ccc:1:1893
    at GlobalEnv.processQueue (C:\ProgramData\cocos\editors\Creator\3.8.8\resources\app.asar\builtin\scene\dist\script\3d\manager\scripts.ccc:1:2290)
    at GlobalEnv.record (C:\ProgramData\cocos\editors\Creator\3.8.8\resources\app.asar\builtin\scene\dist\script\3d\manager\scripts.ccc:1:2061)
    at ScriptManager.init (C:\ProgramData\cocos\editors\Creator\3.8.8\resources\app.asar\builtin\scene\dist\script\3d\manager\scripts.ccc:1:4024)
2026-8-4 14:16:37 - error: [PreviewInEditor] {hidden(::SceneExecutorImportExceptionHandler::)} Error: 宿主无法解析代码块 D:\Works\Cocos\WxMiniGames\MiniGameArrow\temp\programming\packer-driver\targets\editor\chunks\b1\b18130d786bcadd1d0cb653401afdf2ede79b799.js
这是因为
Error: Cannot find module 'D:\Works\Cocos\WxMiniGames\MiniGameArrow\temp\programming\packer-driver\targets\editor\chunks\b1\b18130d786bcadd1d0cb653401afdf2ede79b799.js'
Require stack:
- C:\ProgramData\cocos\editors\Creator\3.8.8\resources\app.asar\node_modules\@editor\lib-programming\dist\executor\pack-mod-instantiation.js
- C:\ProgramData\cocos\editors\Creator\3.8.8\resources\app.asar\node_modules\@editor\lib-programming\dist\executor\index.js
- C:\ProgramData\cocos\editors\Creator\3.8.8\resources\app.asar\builtin\scene\dist\script\3d\manager\scripts.ccc
- C:\ProgramData\cocos\editors\Creator\3.8.8\resources\app.asar\builtin\scene\dist\script\3d\manager\startup\engine\index.ccc
- C:\ProgramData\cocos\editors\Creator\3.8.8\resources\app.asar\builtin\scene\dist\script\3d\manager\startup\index.ccc
- C:\ProgramData\cocos\editors\Creator\3.8.8\resources\app.asar\builtin\scene\dist\script\3d\preload\main.js
- C:\ProgramData\cocos\editors\Creator\3.8.8\resources\app.asar\builtin\scene\dist\script\3d\preload\web\preview.js
- electron/js2c/renderer_init
    at Object.evaluate (C:\ProgramData\cocos\editors\Creator\3.8.8\resources\app.asar\node_modules\@editor\lib-programming\src\executor\pack-mod-instantiation.ts:20:19)
    at PackModInstantiation._evalCode2 (C:\ProgramData\cocos\editors\Creator\3.8.8\resources\app.asar\node_modules\@editor\lib-programming\src\executor\pack-mod-instantiation.ts:159:31)
    at PackModInstantiation.instantiate (C:\ProgramData\cocos\editors\Creator\3.8.8\resources\app.asar\node_modules\@editor\lib-programming\src\executor\pack-mod-instantiation.ts:90:41)
    at C:\ProgramData\cocos\editors\Creator\3.8.8\resources\app.asar\node_modules\@editor\lib-programming\src\executor\index.ts:143:34
    at ExecutorSystem._instantiate (C:\ProgramData\cocos\editors\Creator\3.8.8\resources\app.asar\node_modules\@editor\lib-programming\src\editor-systemjs\index.ts:167:30)
    at file:///D:/Works/Cocos/WxMiniGames/MiniGameArrow/temp/programming/packer-driver/targets/editor/chunks/6d/cce:/internal/x/prerequisite-imports:8:13
    at Object.execute (file:///D:/Works/Cocos/WxMiniGames/MiniGameArrow/temp/programming/packer-driver/targets/editor/chunks/6d/cce:/internal/x/prerequisite-imports:4:1)
    at Executor._importPrerequisiteModules (C:\ProgramData\cocos\editors\Creator\3.8.8\resources\app.asar\node_modules\@editor\lib-programming\src\executor\index.ts:358:13)
    at Executor.reload (C:\ProgramData\cocos\editors\Creator\3.8.8\resources\app.asar\node_modules\@editor\lib-programming\src\executor\index.ts:235:13)
    at C:\ProgramData\cocos\editors\Creator\3.8.8\resources\app.asar\builtin\scene\dist\script\3d\manager\scripts.ccc:1:1893
    at GlobalEnv.processQueue (C:\ProgramData\cocos\editors\Creator\3.8.8\resources\app.asar\builtin\scene\dist\script\3d\manager\scripts.ccc:1:2290)
    at GlobalEnv.record (C:\ProgramData\cocos\editors\Creator\3.8.8\resources\app.asar\builtin\scene\dist\script\3d\manager\scripts.ccc:1:2061)
    at ScriptManager.init (C:\ProgramData\cocos\editors\Creator\3.8.8\resources\app.asar\builtin\scene\dist\script\3d\manager\scripts.ccc:1:4024)Error: [PreviewInEditor] {hidden(::SceneExecutorImportExceptionHandler::)} Error: 宿主无法解析代码块 D:\Works\Cocos\WxMiniGames\MiniGameArrow\temp\programming\packer-driver\targets\editor\chunks\b1\b18130d786bcadd1d0cb653401afdf2ede79b799.js
这是因为
Error: Cannot find module 'D:\Works\Cocos\WxMiniGames\MiniGameArrow\temp\programming\packer-driver\targets\editor\chunks\b1\b18130d786bcadd1d0cb653401afdf2ede79b799.js'
Require stack:
- C:\ProgramData\cocos\editors\Creator\3.8.8\resources\app.asar\node_modules\@editor\lib-programming\dist\executor\pack-mod-instantiation.js
- C:\ProgramData\cocos\editors\Creator\3.8.8\resources\app.asar\node_modules\@editor\lib-programming\dist\executor\index.js
- C:\ProgramData\cocos\editors\Creator\3.8.8\resources\app.asar\builtin\scene\dist\script\3d\manager\scripts.ccc
- C:\ProgramData\cocos\editors\Creator\3.8.8\resources\app.asar\builtin\scene\dist\script\3d\manager\startup\engine\index.ccc
- C:\ProgramData\cocos\editors\Creator\3.8.8\resources\app.asar\builtin\scene\dist\script\3d\manager\startup\index.ccc
- C:\ProgramData\cocos\editors\Creator\3.8.8\resources\app.asar\builtin\scene\dist\script\3d\preload\main.js
- C:\ProgramData\cocos\editors\Creator\3.8.8\resources\app.asar\builtin\scene\dist\script\3d\preload\web\preview.js
- electron/js2c/renderer_init
    at C:\ProgramData\cocos\editors\Creator\3.8.8\resources\app.asar\node_modules\@editor\lib-programming\src\executor\index.ts:143:34
    at ExecutorSystem._instantiate (C:\ProgramData\cocos\editors\Creator\3.8.8\resources\app.asar\node_modules\@editor\lib-programming\src\editor-systemjs\index.ts:167:30)
    at file:///D:/Works/Cocos/WxMiniGames/MiniGameArrow/temp/programming/packer-driver/targets/editor/chunks/6d/cce:/internal/x/prerequisite-imports:8:13
    at Object.execute (file:///D:/Works/Cocos/WxMiniGames/MiniGameArrow/temp/programming/packer-driver/targets/editor/chunks/6d/cce:/internal/x/prerequisite-imports:4:1)
    at Executor._importPrerequisiteModules (C:\ProgramData\cocos\editors\Creator\3.8.8\resources\app.asar\node_modules\@editor\lib-programming\src\executor\index.ts:358:13)
    at Executor.reload (C:\ProgramData\cocos\editors\Creator\3.8.8\resources\app.asar\node_modules\@editor\lib-programming\src\executor\index.ts:235:13)
    at C:\ProgramData\cocos\editors\Creator\3.8.8\resources\app.asar\builtin\scene\dist\script\3d\manager\scripts.ccc:1:1893
    at GlobalEnv.processQueue (C:\ProgramData\cocos\editors\Creator\3.8.8\resources\app.asar\builtin\scene\dist\script\3d\manager\scripts.ccc:1:2290)
    at GlobalEnv.record (C:\ProgramData\cocos\editors\Creator\3.8.8\resources\app.asar\builtin\scene\dist\script\3d\manager\scripts.ccc:1:2061)
    at ScriptManager.init (C:\ProgramData\cocos\editors\Creator\3.8.8\resources\app.asar\builtin\scene\dist\script\3d\manager\scripts.ccc:1:4024)
    at Logger._logHandler (C:\ProgramData\cocos\editors\Creator\3.8.8\resources\app.asar\builtin\scene\dist\script\3d\manager\startup\log.ccc:1:487)
    at Logger.record (C:\ProgramData\cocos\editors\Creator\3.8.8\resources\app.asar\node_modules\@base\electron-logger\lib\renderer.ccc:1:458)
    at console.<anonymous> (C:\ProgramData\cocos\editors\Creator\3.8.8\resources\app.asar\node_modules\@base\electron-logger\lib\renderer.ccc:1:1414)
    at console.error (C:\ProgramData\cocos\editors\Creator\3.8.8\resources\app.asar\node_modules\@sentry\core\src\utils-hoist\instrument\console.ts:40:14)
    at ScriptManager._handleImportException (C:\ProgramData\cocos\editors\Creator\3.8.8\resources\app.asar\builtin\scene\dist\script\3d\manager\scripts.ccc:1:5678)
    at Executor.importExceptionHandler [as _importExceptionHandler] (C:\ProgramData\cocos\editors\Creator\3.8.8\resources\app.asar\builtin\scene\dist\script\3d\manager\scripts.ccc:1:3834)
    at Executor._onModuleLoaded (C:\ProgramData\cocos\editors\Creator\3.8.8\resources\app.asar\node_modules\@editor\lib-programming\src\executor\index.ts:401:22)
    at SystemJS.onload (C:\ProgramData\cocos\editors\Creator\3.8.8\resources\app.asar\node_modules\@editor\lib-programming\src\executor\index.ts:99:18)
    at triggerOnload (C:\ProgramData\cocos\editors\Creator\3.8.8\resources\app.asar\node_modules\@editor\lib-programming\static\executor\systemjs-bridge\out\index.js:270:10)
    at C:\ProgramData\cocos\editors\Creator\3.8.8\resources\app.asar\node_modules\@editor\lib-programming\static\executor\systemjs-bridge\out\index.js:347:5
    at file:///D:/Works/Cocos/WxMiniGames/MiniGameArrow/temp/programming/packer-driver/targets/editor/chunks/6d/cce:/internal/x/prerequisite-imports:8:13
    at Object.execute (file:///D:/Works/Cocos/WxMiniGames/MiniGameArrow/temp/programming/packer-driver/targets/editor/chunks/6d/cce:/internal/x/prerequisite-imports:4:1)
    at Executor._importPrerequisiteModules (C:\ProgramData\cocos\editors\Creator\3.8.8\resources\app.asar\node_modules\@editor\lib-programming\src\executor\index.ts:358:13)
    at Executor.reload (C:\ProgramData\cocos\editors\Creator\3.8.8\resources\app.asar\node_modules\@editor\lib-programming\src\executor\index.ts:235:13)
    at C:\ProgramData\cocos\editors\Creator\3.8.8\resources\app.asar\builtin\scene\dist\script\3d\manager\scripts.ccc:1:1893
    at GlobalEnv.processQueue (C:\ProgramData\cocos\editors\Creator\3.8.8\resources\app.asar\builtin\scene\dist\script\3d\manager\scripts.ccc:1:2290)
    at GlobalEnv.record (C:\ProgramData\cocos\editors\Creator\3.8.8\resources\app.asar\builtin\scene\dist\script\3d\manager\scripts.ccc:1:2061)
    at ScriptManager.init (C:\ProgramData\cocos\editors\Creator\3.8.8\resources\app.asar\builtin\scene\dist\script\3d\manager\scripts.ccc:1:4024)
2026-8-4 14:16:37 - error: [PreviewInEditor] {hidden(::SceneExecutorImportExceptionHandler::)} Error: 宿主无法解析代码块 D:\Works\Cocos\WxMiniGames\MiniGameArrow\temp\programming\packer-driver\targets\editor\chunks\e2\e2831fde95d58c09916d0f882742b7597544b8d1.js
这是因为
Error: Cannot find module 'D:\Works\Cocos\WxMiniGames\MiniGameArrow\temp\programming\packer-driver\targets\editor\chunks\e2\e2831fde95d58c09916d0f882742b7597544b8d1.js'
Require stack:
- C:\ProgramData\cocos\editors\Creator\3.8.8\resources\app.asar\node_modules\@editor\lib-programming\dist\executor\pack-mod-instantiation.js
- C:\ProgramData\cocos\editors\Creator\3.8.8\resources\app.asar\node_modules\@editor\lib-programming\dist\executor\index.js
- C:\ProgramData\cocos\editors\Creator\3.8.8\resources\app.asar\builtin\scene\dist\script\3d\manager\scripts.ccc
- C:\ProgramData\cocos\editors\Creator\3.8.8\resources\app.asar\builtin\scene\dist\script\3d\manager\startup\engine\index.ccc
- C:\ProgramData\cocos\editors\Creator\3.8.8\resources\app.asar\builtin\scene\dist\script\3d\manager\startup\index.ccc
- C:\ProgramData\cocos\editors\Creator\3.8.8\resources\app.asar\builtin\scene\dist\script\3d\preload\main.js
- C:\ProgramData\cocos\editors\Creator\3.8.8\resources\app.asar\builtin\scene\dist\script\3d\preload\web\preview.js
- electron/js2c/renderer_init
    at Object.evaluate (C:\ProgramData\cocos\editors\Creator\3.8.8\resources\app.asar\node_modules\@editor\lib-programming\src\executor\pack-mod-instantiation.ts:20:19)
    at PackModInstantiation._evalCode2 (C:\ProgramData\cocos\editors\Creator\3.8.8\resources\app.asar\node_modules\@editor\lib-programming\src\executor\pack-mod-instantiation.ts:159:31)
    at PackModInstantiation.instantiate (C:\ProgramData\cocos\editors\Creator\3.8.8\resources\app.asar\node_modules\@editor\lib-programming\src\executor\pack-mod-instantiation.ts:90:41)
    at C:\ProgramData\cocos\editors\Creator\3.8.8\resources\app.asar\node_modules\@editor\lib-programming\src\executor\index.ts:143:34
    at ExecutorSystem._instantiate (C:\ProgramData\cocos\editors\Creator\3.8.8\resources\app.asar\node_modules\@editor\lib-programming\src\editor-systemjs\index.ts:167:30)
    at file:///D:/Works/Cocos/WxMiniGames/MiniGameArrow/temp/programming/packer-driver/targets/editor/chunks/6d/cce:/internal/x/prerequisite-imports:8:13
    at Object.execute (file:///D:/Works/Cocos/WxMiniGames/MiniGameArrow/temp/programming/packer-driver/targets/editor/chunks/6d/cce:/internal/x/prerequisite-imports:4:1)
    at Executor._importPrerequisiteModules (C:\ProgramData\cocos\editors\Creator\3.8.8\resources\app.asar\node_modules\@editor\lib-programming\src\executor\index.ts:358:13)
    at Executor.reload (C:\ProgramData\cocos\editors\Creator\3.8.8\resources\app.asar\node_modules\@editor\lib-programming\src\executor\index.ts:235:13)
    at C:\ProgramData\cocos\editors\Creator\3.8.8\resources\app.asar\builtin\scene\dist\script\3d\manager\scripts.ccc:1:1893
    at GlobalEnv.processQueue (C:\ProgramData\cocos\editors\Creator\3.8.8\resources\app.asar\builtin\scene\dist\script\3d\manager\scripts.ccc:1:2290)
    at GlobalEnv.record (C:\ProgramData\cocos\editors\Creator\3.8.8\resources\app.asar\builtin\scene\dist\script\3d\manager\scripts.ccc:1:2061)
    at ScriptManager.init (C:\ProgramData\cocos\editors\Creator\3.8.8\resources\app.asar\builtin\scene\dist\script\3d\manager\scripts.ccc:1:4024)Error: [PreviewInEditor] {hidden(::SceneExecutorImportExceptionHandler::)} Error: 宿主无法解析代码块 D:\Works\Cocos\WxMiniGames\MiniGameArrow\temp\programming\packer-driver\targets\editor\chunks\e2\e2831fde95d58c09916d0f882742b7597544b8d1.js
这是因为
Error: Cannot find module 'D:\Works\Cocos\WxMiniGames\MiniGameArrow\temp\programming\packer-driver\targets\editor\chunks\e2\e2831fde95d58c09916d0f882742b7597544b8d1.js'
Require stack:
- C:\ProgramData\cocos\editors\Creator\3.8.8\resources\app.asar\node_modules\@editor\lib-programming\dist\executor\pack-mod-instantiation.js
- C:\ProgramData\cocos\editors\Creator\3.8.8\resources\app.asar\node_modules\@editor\lib-programming\dist\executor\index.js
- C:\ProgramData\cocos\editors\Creator\3.8.8\resources\app.asar\builtin\scene\dist\script\3d\manager\scripts.ccc
- C:\ProgramData\cocos\editors\Creator\3.8.8\resources\app.asar\builtin\scene\dist\script\3d\manager\startup\engine\index.ccc
- C:\ProgramData\cocos\editors\Creator\3.8.8\resources\app.asar\builtin\scene\dist\script\3d\manager\startup\index.ccc
- C:\ProgramData\cocos\editors\Creator\3.8.8\resources\app.asar\builtin\scene\dist\script\3d\preload\main.js
- C:\ProgramData\cocos\editors\Creator\3.8.8\resources\app.asar\builtin\scene\dist\script\3d\preload\web\preview.js
- electron/js2c/renderer_init
    at C:\ProgramData\cocos\editors\Creator\3.8.8\resources\app.asar\node_modules\@editor\lib-programming\src\executor\index.ts:143:34
    at ExecutorSystem._instantiate (C:\ProgramData\cocos\editors\Creator\3.8.8\resources\app.asar\node_modules\@editor\lib-programming\src\editor-systemjs\index.ts:167:30)
    at file:///D:/Works/Cocos/WxMiniGames/MiniGameArrow/temp/programming/packer-driver/targets/editor/chunks/6d/cce:/internal/x/prerequisite-imports:8:13
    at Object.execute (file:///D:/Works/Cocos/WxMiniGames/MiniGameArrow/temp/programming/packer-driver/targets/editor/chunks/6d/cce:/internal/x/prerequisite-imports:4:1)
    at Executor._importPrerequisiteModules (C:\ProgramData\cocos\editors\Creator\3.8.8\resources\app.asar\node_modules\@editor\lib-programming\src\executor\index.ts:358:13)
    at Executor.reload (C:\ProgramData\cocos\editors\Creator\3.8.8\resources\app.asar\node_modules\@editor\lib-programming\src\executor\index.ts:235:13)
    at C:\ProgramData\cocos\editors\Creator\3.8.8\resources\app.asar\builtin\scene\dist\script\3d\manager\scripts.ccc:1:1893
    at GlobalEnv.processQueue (C:\ProgramData\cocos\editors\Creator\3.8.8\resources\app.asar\builtin\scene\dist\script\3d\manager\scripts.ccc:1:2290)
    at GlobalEnv.record (C:\ProgramData\cocos\editors\Creator\3.8.8\resources\app.asar\builtin\scene\dist\script\3d\manager\scripts.ccc:1:2061)
    at ScriptManager.init (C:\ProgramData\cocos\editors\Creator\3.8.8\resources\app.asar\builtin\scene\dist\script\3d\manager\scripts.ccc:1:4024)
    at Logger._logHandler (C:\ProgramData\cocos\editors\Creator\3.8.8\resources\app.asar\builtin\scene\dist\script\3d\manager\startup\log.ccc:1:487)
    at Logger.record (C:\ProgramData\cocos\editors\Creator\3.8.8\resources\app.asar\node_modules\@base\electron-logger\lib\renderer.ccc:1:458)
    at console.<anonymous> (C:\ProgramData\cocos\editors\Creator\3.8.8\resources\app.asar\node_modules\@base\electron-logger\lib\renderer.ccc:1:1414)
    at console.error (C:\ProgramData\cocos\editors\Creator\3.8.8\resources\app.asar\node_modules\@sentry\core\src\utils-hoist\instrument\console.ts:40:14)
    at ScriptManager._handleImportException (C:\ProgramData\cocos\editors\Creator\3.8.8\resources\app.asar\builtin\scene\dist\script\3d\manager\scripts.ccc:1:5678)
    at Executor.importExceptionHandler [as _importExceptionHandler] (C:\ProgramData\cocos\editors\Creator\3.8.8\resources\app.asar\builtin\scene\dist\script\3d\manager\scripts.ccc:1:3834)
    at Executor._onModuleLoaded (C:\ProgramData\cocos\editors\Creator\3.8.8\resources\app.asar\node_modules\@editor\lib-programming\src\executor\index.ts:401:22)
    at SystemJS.onload (C:\ProgramData\cocos\editors\Creator\3.8.8\resources\app.asar\node_modules\@editor\lib-programming\src\executor\index.ts:99:18)
    at triggerOnload (C:\ProgramData\cocos\editors\Creator\3.8.8\resources\app.asar\node_modules\@editor\lib-programming\static\executor\systemjs-bridge\out\index.js:270:10)
    at C:\ProgramData\cocos\editors\Creator\3.8.8\resources\app.asar\node_modules\@editor\lib-programming\static\executor\systemjs-bridge\out\index.js:347:5
    at file:///D:/Works/Cocos/WxMiniGames/MiniGameArrow/temp/programming/packer-driver/targets/editor/chunks/6d/cce:/internal/x/prerequisite-imports:8:13
    at Object.execute (file:///D:/Works/Cocos/WxMiniGames/MiniGameArrow/temp/programming/packer-driver/targets/editor/chunks/6d/cce:/internal/x/prerequisite-imports:4:1)
    at Executor._importPrerequisiteModules (C:\ProgramData\cocos\editors\Creator\3.8.8\resources\app.asar\node_modules\@editor\lib-programming\src\executor\index.ts:358:13)
    at Executor.reload (C:\ProgramData\cocos\editors\Creator\3.8.8\resources\app.asar\node_modules\@editor\lib-programming\src\executor\index.ts:235:13)
    at C:\ProgramData\cocos\editors\Creator\3.8.8\resources\app.asar\builtin\scene\dist\script\3d\manager\scripts.ccc:1:1893
    at GlobalEnv.processQueue (C:\ProgramData\cocos\editors\Creator\3.8.8\resources\app.asar\builtin\scene\dist\script\3d\manager\scripts.ccc:1:2290)
    at GlobalEnv.record (C:\ProgramData\cocos\editors\Creator\3.8.8\resources\app.asar\builtin\scene\dist\script\3d\manager\scripts.ccc:1:2061)
    at ScriptManager.init (C:\ProgramData\cocos\editors\Creator\3.8.8\resources\app.asar\builtin\scene\dist\script\3d\manager\scripts.ccc:1:4024)
2026-8-4 14:16:37 - error: [PreviewInEditor] {hidden(::SceneExecutorImportExceptionHandler::)} Error: 宿主无法解析代码块 D:\Works\Cocos\WxMiniGames\MiniGameArrow\temp\programming\packer-driver\targets\editor\chunks\7d\7dd5f1b51da4ae6cb44c6f9d41d8fc719b109223.js
这是因为
Error: Cannot find module 'D:\Works\Cocos\WxMiniGames\MiniGameArrow\temp\programming\packer-driver\targets\editor\chunks\7d\7dd5f1b51da4ae6cb44c6f9d41d8fc719b109223.js'
Require stack:
- C:\ProgramData\cocos\editors\Creator\3.8.8\resources\app.asar\node_modules\@editor\lib-programming\dist\executor\pack-mod-instantiation.js
- C:\ProgramData\cocos\editors\Creator\3.8.8\resources\app.asar\node_modules\@editor\lib-programming\dist\executor\index.js
- C:\ProgramData\cocos\editors\Creator\3.8.8\resources\app.asar\builtin\scene\dist\script\3d\manager\scripts.ccc
- C:\ProgramData\cocos\editors\Creator\3.8.8\resources\app.asar\builtin\scene\dist\script\3d\manager\startup\engine\index.ccc
- C:\ProgramData\cocos\editors\Creator\3.8.8\resources\app.asar\builtin\scene\dist\script\3d\manager\startup\index.ccc
- C:\ProgramData\cocos\editors\Creator\3.8.8\resources\app.asar\builtin\scene\dist\script\3d\preload\main.js
- C:\ProgramData\cocos\editors\Creator\3.8.8\resources\app.asar\builtin\scene\dist\script\3d\preload\web\preview.js
- electron/js2c/renderer_init
    at Object.evaluate (C:\ProgramData\cocos\editors\Creator\3.8.8\resources\app.asar\node_modules\@editor\lib-programming\src\executor\pack-mod-instantiation.ts:20:19)
    at PackModInstantiation._evalCode2 (C:\ProgramData\cocos\editors\Creator\3.8.8\resources\app.asar\node_modules\@editor\lib-programming\src\executor\pack-mod-instantiation.ts:159:31)
    at PackModInstantiation.instantiate (C:\ProgramData\cocos\editors\Creator\3.8.8\resources\app.asar\node_modules\@editor\lib-programming\src\executor\pack-mod-instantiation.ts:90:41)
    at C:\ProgramData\cocos\editors\Creator\3.8.8\resources\app.asar\node_modules\@editor\lib-programming\src\executor\index.ts:143:34
    at ExecutorSystem._instantiate (C:\ProgramData\cocos\editors\Creator\3.8.8\resources\app.asar\node_modules\@editor\lib-programming\src\editor-systemjs\index.ts:167:30)
    at file:///D:/Works/Cocos/WxMiniGames/MiniGameArrow/temp/programming/packer-driver/targets/editor/chunks/6d/cce:/internal/x/prerequisite-imports:8:13
    at Object.execute (file:///D:/Works/Cocos/WxMiniGames/MiniGameArrow/temp/programming/packer-driver/targets/editor/chunks/6d/cce:/internal/x/prerequisite-imports:4:1)
    at Executor._importPrerequisiteModules (C:\ProgramData\cocos\editors\Creator\3.8.8\resources\app.asar\node_modules\@editor\lib-programming\src\executor\index.ts:358:13)
    at Executor.reload (C:\ProgramData\cocos\editors\Creator\3.8.8\resources\app.asar\node_modules\@editor\lib-programming\src\executor\index.ts:235:13)
    at C:\ProgramData\cocos\editors\Creator\3.8.8\resources\app.asar\builtin\scene\dist\script\3d\manager\scripts.ccc:1:1893
    at GlobalEnv.processQueue (C:\ProgramData\cocos\editors\Creator\3.8.8\resources\app.asar\builtin\scene\dist\script\3d\manager\scripts.ccc:1:2290)
    at GlobalEnv.record (C:\ProgramData\cocos\editors\Creator\3.8.8\resources\app.asar\builtin\scene\dist\script\3d\manager\scripts.ccc:1:2061)
    at ScriptManager.init (C:\ProgramData\cocos\editors\Creator\3.8.8\resources\app.asar\builtin\scene\dist\script\3d\manager\scripts.ccc:1:4024)Error: [PreviewInEditor] {hidden(::SceneExecutorImportExceptionHandler::)} Error: 宿主无法解析代码块 D:\Works\Cocos\WxMiniGames\MiniGameArrow\temp\programming\packer-driver\targets\editor\chunks\7d\7dd5f1b51da4ae6cb44c6f9d41d8fc719b109223.js
这是因为
Error: Cannot find module 'D:\Works\Cocos\WxMiniGames\MiniGameArrow\temp\programming\packer-driver\targets\editor\chunks\7d\7dd5f1b51da4ae6cb44c6f9d41d8fc719b109223.js'
Require stack:
- C:\ProgramData\cocos\editors\Creator\3.8.8\resources\app.asar\node_modules\@editor\lib-programming\dist\executor\pack-mod-instantiation.js
- C:\ProgramData\cocos\editors\Creator\3.8.8\resources\app.asar\node_modules\@editor\lib-programming\dist\executor\index.js
- C:\ProgramData\cocos\editors\Creator\3.8.8\resources\app.asar\builtin\scene\dist\script\3d\manager\scripts.ccc
- C:\ProgramData\cocos\editors\Creator\3.8.8\resources\app.asar\builtin\scene\dist\script\3d\manager\startup\engine\index.ccc
- C:\ProgramData\cocos\editors\Creator\3.8.8\resources\app.asar\builtin\scene\dist\script\3d\manager\startup\index.ccc
- C:\ProgramData\cocos\editors\Creator\3.8.8\resources\app.asar\builtin\scene\dist\script\3d\preload\main.js
- C:\ProgramData\cocos\editors\Creator\3.8.8\resources\app.asar\builtin\scene\dist\script\3d\preload\web\preview.js
- electron/js2c/renderer_init
    at C:\ProgramData\cocos\editors\Creator\3.8.8\resources\app.asar\node_modules\@editor\lib-programming\src\executor\index.ts:143:34
    at ExecutorSystem._instantiate (C:\ProgramData\cocos\editors\Creator\3.8.8\resources\app.asar\node_modules\@editor\lib-programming\src\editor-systemjs\index.ts:167:30)
    at file:///D:/Works/Cocos/WxMiniGames/MiniGameArrow/temp/programming/packer-driver/targets/editor/chunks/6d/cce:/internal/x/prerequisite-imports:8:13
    at Object.execute (file:///D:/Works/Cocos/WxMiniGames/MiniGameArrow/temp/programming/packer-driver/targets/editor/chunks/6d/cce:/internal/x/prerequisite-imports:4:1)
    at Executor._importPrerequisiteModules (C:\ProgramData\cocos\editors\Creator\3.8.8\resources\app.asar\node_modules\@editor\lib-programming\src\executor\index.ts:358:13)
    at Executor.reload (C:\ProgramData\cocos\editors\Creator\3.8.8\resources\app.asar\node_modules\@editor\lib-programming\src\executor\index.ts:235:13)
    at C:\ProgramData\cocos\editors\Creator\3.8.8\resources\app.asar\builtin\scene\dist\script\3d\manager\scripts.ccc:1:1893
    at GlobalEnv.processQueue (C:\ProgramData\cocos\editors\Creator\3.8.8\resources\app.asar\builtin\scene\dist\script\3d\manager\scripts.ccc:1:2290)
    at GlobalEnv.record (C:\ProgramData\cocos\editors\Creator\3.8.8\resources\app.asar\builtin\scene\dist\script\3d\manager\scripts.ccc:1:2061)
    at ScriptManager.init (C:\ProgramData\cocos\editors\Creator\3.8.8\resources\app.asar\builtin\scene\dist\script\3d\manager\scripts.ccc:1:4024)
    at Logger._logHandler (C:\ProgramData\cocos\editors\Creator\3.8.8\resources\app.asar\builtin\scene\dist\script\3d\manager\startup\log.ccc:1:487)
    at Logger.record (C:\ProgramData\cocos\editors\Creator\3.8.8\resources\app.asar\node_modules\@base\electron-logger\lib\renderer.ccc:1:458)
    at console.<anonymous> (C:\ProgramData\cocos\editors\Creator\3.8.8\resources\app.asar\node_modules\@base\electron-logger\lib\renderer.ccc:1:1414)
    at console.error (C:\ProgramData\cocos\editors\Creator\3.8.8\resources\app.asar\node_modules\@sentry\core\src\utils-hoist\instrument\console.ts:40:14)
    at ScriptManager._handleImportException (C:\ProgramData\cocos\editors\Creator\3.8.8\resources\app.asar\builtin\scene\dist\script\3d\manager\scripts.ccc:1:5678)
    at Executor.importExceptionHandler [as _importExceptionHandler] (C:\ProgramData\cocos\editors\Creator\3.8.8\resources\app.asar\builtin\scene\dist\script\3d\manager\scripts.ccc:1:3834)
    at Executor._onModuleLoaded (C:\ProgramData\cocos\editors\Creator\3.8.8\resources\app.asar\node_modules\@editor\lib-programming\src\executor\index.ts:401:22)
    at SystemJS.onload (C:\ProgramData\cocos\editors\Creator\3.8.8\resources\app.asar\node_modules\@editor\lib-programming\src\executor\index.ts:99:18)
    at triggerOnload (C:\ProgramData\cocos\editors\Creator\3.8.8\resources\app.asar\node_modules\@editor\lib-programming\static\executor\systemjs-bridge\out\index.js:270:10)
    at C:\ProgramData\cocos\editors\Creator\3.8.8\resources\app.asar\node_modules\@editor\lib-programming\static\executor\systemjs-bridge\out\index.js:347:5
    at file:///D:/Works/Cocos/WxMiniGames/MiniGameArrow/temp/programming/packer-driver/targets/editor/chunks/6d/cce:/internal/x/prerequisite-imports:8:13
    at Object.execute (file:///D:/Works/Cocos/WxMiniGames/MiniGameArrow/temp/programming/packer-driver/targets/editor/chunks/6d/cce:/internal/x/prerequisite-imports:4:1)
    at Executor._importPrerequisiteModules (C:\ProgramData\cocos\editors\Creator\3.8.8\resources\app.asar\node_modules\@editor\lib-programming\src\executor\index.ts:358:13)
    at Executor.reload (C:\ProgramData\cocos\editors\Creator\3.8.8\resources\app.asar\node_modules\@editor\lib-programming\src\executor\index.ts:235:13)
    at C:\ProgramData\cocos\editors\Creator\3.8.8\resources\app.asar\builtin\scene\dist\script\3d\manager\scripts.ccc:1:1893
    at GlobalEnv.processQueue (C:\ProgramData\cocos\editors\Creator\3.8.8\resources\app.asar\builtin\scene\dist\script\3d\manager\scripts.ccc:1:2290)
    at GlobalEnv.record (C:\ProgramData\cocos\editors\Creator\3.8.8\resources\app.asar\builtin\scene\dist\script\3d\manager\scripts.ccc:1:2061)
    at ScriptManager.init (C:\ProgramData\cocos\editors\Creator\3.8.8\resources\app.asar\builtin\scene\dist\script\3d\manager\scripts.ccc:1:4024)
2026-8-4 14:16:37 - error: [PreviewInEditor] {hidden(::SceneExecutorImportExceptionHandler::)} Error: 宿主无法解析代码块 D:\Works\Cocos\WxMiniGames\MiniGameArrow\temp\programming\packer-driver\targets\editor\chunks\fd\fd74c742a972dbbcd3691d204a338b19a4515b62.js
这是因为
Error: Cannot find module 'D:\Works\Cocos\WxMiniGames\MiniGameArrow\temp\programming\packer-driver\targets\editor\chunks\fd\fd74c742a972dbbcd3691d204a338b19a4515b62.js'
Require stack:
- C:\ProgramData\cocos\editors\Creator\3.8.8\resources\app.asar\node_modules\@editor\lib-programming\dist\executor\pack-mod-instantiation.js
- C:\ProgramData\cocos\editors\Creator\3.8.8\resources\app.asar\node_modules\@editor\lib-programming\dist\executor\index.js
- C:\ProgramData\cocos\editors\Creator\3.8.8\resources\app.asar\builtin\scene\dist\script\3d\manager\scripts.ccc
- C:\ProgramData\cocos\editors\Creator\3.8.8\resources\app.asar\builtin\scene\dist\script\3d\manager\startup\engine\index.ccc
- C:\ProgramData\cocos\editors\Creator\3.8.8\resources\app.asar\builtin\scene\dist\script\3d\manager\startup\index.ccc
- C:\ProgramData\cocos\editors\Creator\3.8.8\resources\app.asar\builtin\scene\dist\script\3d\preload\main.js
- C:\ProgramData\cocos\editors\Creator\3.8.8\resources\app.asar\builtin\scene\dist\script\3d\preload\web\preview.js
- electron/js2c/renderer_init
    at Object.evaluate (C:\ProgramData\cocos\editors\Creator\3.8.8\resources\app.asar\node_modules\@editor\lib-programming\src\executor\pack-mod-instantiation.ts:20:19)
    at PackModInstantiation._evalCode2 (C:\ProgramData\cocos\editors\Creator\3.8.8\resources\app.asar\node_modules\@editor\lib-programming\src\executor\pack-mod-instantiation.ts:159:31)
    at PackModInstantiation.instantiate (C:\ProgramData\cocos\editors\Creator\3.8.8\resources\app.asar\node_modules\@editor\lib-programming\src\executor\pack-mod-instantiation.ts:90:41)
    at C:\ProgramData\cocos\editors\Creator\3.8.8\resources\app.asar\node_modules\@editor\lib-programming\src\executor\index.ts:143:34
    at ExecutorSystem._instantiate (C:\ProgramData\cocos\editors\Creator\3.8.8\resources\app.asar\node_modules\@editor\lib-programming\src\editor-systemjs\index.ts:167:30)
    at file:///D:/Works/Cocos/WxMiniGames/MiniGameArrow/temp/programming/packer-driver/targets/editor/chunks/6d/cce:/internal/x/prerequisite-imports:8:13
    at Object.execute (file:///D:/Works/Cocos/WxMiniGames/MiniGameArrow/temp/programming/packer-driver/targets/editor/chunks/6d/cce:/internal/x/prerequisite-imports:4:1)
    at Executor._importPrerequisiteModules (C:\ProgramData\cocos\editors\Creator\3.8.8\resources\app.asar\node_modules\@editor\lib-programming\src\executor\index.ts:358:13)
    at Executor.reload (C:\ProgramData\cocos\editors\Creator\3.8.8\resources\app.asar\node_modules\@editor\lib-programming\src\executor\index.ts:235:13)
    at C:\ProgramData\cocos\editors\Creator\3.8.8\resources\app.asar\builtin\scene\dist\script\3d\manager\scripts.ccc:1:1893
    at GlobalEnv.processQueue (C:\ProgramData\cocos\editors\Creator\3.8.8\resources\app.asar\builtin\scene\dist\script\3d\manager\scripts.ccc:1:2290)
    at GlobalEnv.record (C:\ProgramData\cocos\editors\Creator\3.8.8\resources\app.asar\builtin\scene\dist\script\3d\manager\scripts.ccc:1:2061)
    at ScriptManager.init (C:\ProgramData\cocos\editors\Creator\3.8.8\resources\app.asar\builtin\scene\dist\script\3d\manager\scripts.ccc:1:4024)Error: [PreviewInEditor] {hidden(::SceneExecutorImportExceptionHandler::)} Error: 宿主无法解析代码块 D:\Works\Cocos\WxMiniGames\MiniGameArrow\temp\programming\packer-driver\targets\editor\chunks\fd\fd74c742a972dbbcd3691d204a338b19a4515b62.js
这是因为
Error: Cannot find module 'D:\Works\Cocos\WxMiniGames\MiniGameArrow\temp\programming\packer-driver\targets\editor\chunks\fd\fd74c742a972dbbcd3691d204a338b19a4515b62.js'
Require stack:
- C:\ProgramData\cocos\editors\Creator\3.8.8\resources\app.asar\node_modules\@editor\lib-programming\dist\executor\pack-mod-instantiation.js
- C:\ProgramData\cocos\editors\Creator\3.8.8\resources\app.asar\node_modules\@editor\lib-programming\dist\executor\index.js
- C:\ProgramData\cocos\editors\Creator\3.8.8\resources\app.asar\builtin\scene\dist\script\3d\manager\scripts.ccc
- C:\ProgramData\cocos\editors\Creator\3.8.8\resources\app.asar\builtin\scene\dist\script\3d\manager\startup\engine\index.ccc
- C:\ProgramData\cocos\editors\Creator\3.8.8\resources\app.asar\builtin\scene\dist\script\3d\manager\startup\index.ccc
- C:\ProgramData\cocos\editors\Creator\3.8.8\resources\app.asar\builtin\scene\dist\script\3d\preload\main.js
- C:\ProgramData\cocos\editors\Creator\3.8.8\resources\app.asar\builtin\scene\dist\script\3d\preload\web\preview.js
- electron/js2c/renderer_init
    at C:\ProgramData\cocos\editors\Creator\3.8.8\resources\app.asar\node_modules\@editor\lib-programming\src\executor\index.ts:143:34
    at ExecutorSystem._instantiate (C:\ProgramData\cocos\editors\Creator\3.8.8\resources\app.asar\node_modules\@editor\lib-programming\src\editor-systemjs\index.ts:167:30)
    at file:///D:/Works/Cocos/WxMiniGames/MiniGameArrow/temp/programming/packer-driver/targets/editor/chunks/6d/cce:/internal/x/prerequisite-imports:8:13
    at Object.execute (file:///D:/Works/Cocos/WxMiniGames/MiniGameArrow/temp/programming/packer-driver/targets/editor/chunks/6d/cce:/internal/x/prerequisite-imports:4:1)
    at Executor._importPrerequisiteModules (C:\ProgramData\cocos\editors\Creator\3.8.8\resources\app.asar\node_modules\@editor\lib-programming\src\executor\index.ts:358:13)
    at Executor.reload (C:\ProgramData\cocos\editors\Creator\3.8.8\resources\app.asar\node_modules\@editor\lib-programming\src\executor\index.ts:235:13)
    at C:\ProgramData\cocos\editors\Creator\3.8.8\resources\app.asar\builtin\scene\dist\script\3d\manager\scripts.ccc:1:1893
    at GlobalEnv.processQueue (C:\ProgramData\cocos\editors\Creator\3.8.8\resources\app.asar\builtin\scene\dist\script\3d\manager\scripts.ccc:1:2290)
    at GlobalEnv.record (C:\ProgramData\cocos\editors\Creator\3.8.8\resources\app.asar\builtin\scene\dist\script\3d\manager\scripts.ccc:1:2061)
    at ScriptManager.init (C:\ProgramData\cocos\editors\Creator\3.8.8\resources\app.asar\builtin\scene\dist\script\3d\manager\scripts.ccc:1:4024)
    at Logger._logHandler (C:\ProgramData\cocos\editors\Creator\3.8.8\resources\app.asar\builtin\scene\dist\script\3d\manager\startup\log.ccc:1:487)
    at Logger.record (C:\ProgramData\cocos\editors\Creator\3.8.8\resources\app.asar\node_modules\@base\electron-logger\lib\renderer.ccc:1:458)
    at console.<anonymous> (C:\ProgramData\cocos\editors\Creator\3.8.8\resources\app.asar\node_modules\@base\electron-logger\lib\renderer.ccc:1:1414)
    at console.error (C:\ProgramData\cocos\editors\Creator\3.8.8\resources\app.asar\node_modules\@sentry\core\src\utils-hoist\instrument\console.ts:40:14)
    at ScriptManager._handleImportException (C:\ProgramData\cocos\editors\Creator\3.8.8\resources\app.asar\builtin\scene\dist\script\3d\manager\scripts.ccc:1:5678)
    at Executor.importExceptionHandler [as _importExceptionHandler] (C:\ProgramData\cocos\editors\Creator\3.8.8\resources\app.asar\builtin\scene\dist\script\3d\manager\scripts.ccc:1:3834)
    at Executor._onModuleLoaded (C:\ProgramData\cocos\editors\Creator\3.8.8\resources\app.asar\node_modules\@editor\lib-programming\src\executor\index.ts:401:22)
    at SystemJS.onload (C:\ProgramData\cocos\editors\Creator\3.8.8\resources\app.asar\node_modules\@editor\lib-programming\src\executor\index.ts:99:18)
    at triggerOnload (C:\ProgramData\cocos\editors\Creator\3.8.8\resources\app.asar\node_modules\@editor\lib-programming\static\executor\systemjs-bridge\out\index.js:270:10)
    at C:\ProgramData\cocos\editors\Creator\3.8.8\resources\app.asar\node_modules\@editor\lib-programming\static\executor\systemjs-bridge\out\index.js:347:5
    at file:///D:/Works/Cocos/WxMiniGames/MiniGameArrow/temp/programming/packer-driver/targets/editor/chunks/6d/cce:/internal/x/prerequisite-imports:8:13
    at Object.execute (file:///D:/Works/Cocos/WxMiniGames/MiniGameArrow/temp/programming/packer-driver/targets/editor/chunks/6d/cce:/internal/x/prerequisite-imports:4:1)
    at Executor._importPrerequisiteModules (C:\ProgramData\cocos\editors\Creator\3.8.8\resources\app.asar\node_modules\@editor\lib-programming\src\executor\index.ts:358:13)
    at Executor.reload (C:\ProgramData\cocos\editors\Creator\3.8.8\resources\app.asar\node_modules\@editor\lib-programming\src\executor\index.ts:235:13)
    at C:\ProgramData\cocos\editors\Creator\3.8.8\resources\app.asar\builtin\scene\dist\script\3d\manager\scripts.ccc:1:1893
    at GlobalEnv.processQueue (C:\ProgramData\cocos\editors\Creator\3.8.8\resources\app.asar\builtin\scene\dist\script\3d\manager\scripts.ccc:1:2290)
    at GlobalEnv.record (C:\ProgramData\cocos\editors\Creator\3.8.8\resources\app.asar\builtin\scene\dist\script\3d\manager\scripts.ccc:1:2061)
    at ScriptManager.init (C:\ProgramData\cocos\editors\Creator\3.8.8\resources\app.asar\builtin\scene\dist\script\3d\manager\scripts.ccc:1:4024)
2026-8-4 14:16:37 - error: [PreviewInEditor] {hidden(::SceneExecutorImportExceptionHandler::)} Error: 宿主无法解析代码块 D:\Works\Cocos\WxMiniGames\MiniGameArrow\temp\programming\packer-driver\targets\editor\chunks\62\621a159ce4a7bac550092546e00c97e12458f12b.js
这是因为
Error: Cannot find module 'D:\Works\Cocos\WxMiniGames\MiniGameArrow\temp\programming\packer-driver\targets\editor\chunks\62\621a159ce4a7bac550092546e00c97e12458f12b.js'
Require stack:
- C:\ProgramData\cocos\editors\Creator\3.8.8\resources\app.asar\node_modules\@editor\lib-programming\dist\executor\pack-mod-instantiation.js
- C:\ProgramData\cocos\editors\Creator\3.8.8\resources\app.asar\node_modules\@editor\lib-programming\dist\executor\index.js
- C:\ProgramData\cocos\editors\Creator\3.8.8\resources\app.asar\builtin\scene\dist\script\3d\manager\scripts.ccc
- C:\ProgramData\cocos\editors\Creator\3.8.8\resources\app.asar\builtin\scene\dist\script\3d\manager\startup\engine\index.ccc
- C:\ProgramData\cocos\editors\Creator\3.8.8\resources\app.asar\builtin\scene\dist\script\3d\manager\startup\index.ccc
- C:\ProgramData\cocos\editors\Creator\3.8.8\resources\app.asar\builtin\scene\dist\script\3d\preload\main.js
- C:\ProgramData\cocos\editors\Creator\3.8.8\resources\app.asar\builtin\scene\dist\script\3d\preload\web\preview.js
- electron/js2c/renderer_init
    at Object.evaluate (C:\ProgramData\cocos\editors\Creator\3.8.8\resources\app.asar\node_modules\@editor\lib-programming\src\executor\pack-mod-instantiation.ts:20:19)
    at PackModInstantiation._evalCode2 (C:\ProgramData\cocos\editors\Creator\3.8.8\resources\app.asar\node_modules\@editor\lib-programming\src\executor\pack-mod-instantiation.ts:159:31)
    at PackModInstantiation.instantiate (C:\ProgramData\cocos\editors\Creator\3.8.8\resources\app.asar\node_modules\@editor\lib-programming\src\executor\pack-mod-instantiation.ts:90:41)
    at C:\ProgramData\cocos\editors\Creator\3.8.8\resources\app.asar\node_modules\@editor\lib-programming\src\executor\index.ts:143:34
    at ExecutorSystem._instantiate (C:\ProgramData\cocos\editors\Creator\3.8.8\resources\app.asar\node_modules\@editor\lib-programming\src\editor-systemjs\index.ts:167:30)
    at file:///D:/Works/Cocos/WxMiniGames/MiniGameArrow/temp/programming/packer-driver/targets/editor/chunks/6d/cce:/internal/x/prerequisite-imports:8:13
    at Object.execute (file:///D:/Works/Cocos/WxMiniGames/MiniGameArrow/temp/programming/packer-driver/targets/editor/chunks/6d/cce:/internal/x/prerequisite-imports:4:1)
    at Executor._importPrerequisiteModules (C:\ProgramData\cocos\editors\Creator\3.8.8\resources\app.asar\node_modules\@editor\lib-programming\src\executor\index.ts:358:13)
    at Executor.reload (C:\ProgramData\cocos\editors\Creator\3.8.8\resources\app.asar\node_modules\@editor\lib-programming\src\executor\index.ts:235:13)
    at C:\ProgramData\cocos\editors\Creator\3.8.8\resources\app.asar\builtin\scene\dist\script\3d\manager\scripts.ccc:1:1893
    at GlobalEnv.processQueue (C:\ProgramData\cocos\editors\Creator\3.8.8\resources\app.asar\builtin\scene\dist\script\3d\manager\scripts.ccc:1:2290)
    at GlobalEnv.record (C:\ProgramData\cocos\editors\Creator\3.8.8\resources\app.asar\builtin\scene\dist\script\3d\manager\scripts.ccc:1:2061)
    at ScriptManager.init (C:\ProgramData\cocos\editors\Creator\3.8.8\resources\app.asar\builtin\scene\dist\script\3d\manager\scripts.ccc:1:4024)Error: [PreviewInEditor] {hidden(::SceneExecutorImportExceptionHandler::)} Error: 宿主无法解析代码块 D:\Works\Cocos\WxMiniGames\MiniGameArrow\temp\programming\packer-driver\targets\editor\chunks\62\621a159ce4a7bac550092546e00c97e12458f12b.js
这是因为
Error: Cannot find module 'D:\Works\Cocos\WxMiniGames\MiniGameArrow\temp\programming\packer-driver\targets\editor\chunks\62\621a159ce4a7bac550092546e00c97e12458f12b.js'
Require stack:
- C:\ProgramData\cocos\editors\Creator\3.8.8\resources\app.asar\node_modules\@editor\lib-programming\dist\executor\pack-mod-instantiation.js
- C:\ProgramData\cocos\editors\Creator\3.8.8\resources\app.asar\node_modules\@editor\lib-programming\dist\executor\index.js
- C:\ProgramData\cocos\editors\Creator\3.8.8\resources\app.asar\builtin\scene\dist\script\3d\manager\scripts.ccc
- C:\ProgramData\cocos\editors\Creator\3.8.8\resources\app.asar\builtin\scene\dist\script\3d\manager\startup\engine\index.ccc
- C:\ProgramData\cocos\editors\Creator\3.8.8\resources\app.asar\builtin\scene\dist\script\3d\manager\startup\index.ccc
- C:\ProgramData\cocos\editors\Creator\3.8.8\resources\app.asar\builtin\scene\dist\script\3d\preload\main.js
- C:\ProgramData\cocos\editors\Creator\3.8.8\resources\app.asar\builtin\scene\dist\script\3d\preload\web\preview.js
- electron/js2c/renderer_init
    at C:\ProgramData\cocos\editors\Creator\3.8.8\resources\app.asar\node_modules\@editor\lib-programming\src\executor\index.ts:143:34
    at ExecutorSystem._instantiate (C:\ProgramData\cocos\editors\Creator\3.8.8\resources\app.asar\node_modules\@editor\lib-programming\src\editor-systemjs\index.ts:167:30)
    at file:///D:/Works/Cocos/WxMiniGames/MiniGameArrow/temp/programming/packer-driver/targets/editor/chunks/6d/cce:/internal/x/prerequisite-imports:8:13
    at Object.execute (file:///D:/Works/Cocos/WxMiniGames/MiniGameArrow/temp/programming/packer-driver/targets/editor/chunks/6d/cce:/internal/x/prerequisite-imports:4:1)
    at Executor._importPrerequisiteModules (C:\ProgramData\cocos\editors\Creator\3.8.8\resources\app.asar\node_modules\@editor\lib-programming\src\executor\index.ts:358:13)
    at Executor.reload (C:\ProgramData\cocos\editors\Creator\3.8.8\resources\app.asar\node_modules\@editor\lib-programming\src\executor\index.ts:235:13)
    at C:\ProgramData\cocos\editors\Creator\3.8.8\resources\app.asar\builtin\scene\dist\script\3d\manager\scripts.ccc:1:1893
    at GlobalEnv.processQueue (C:\ProgramData\cocos\editors\Creator\3.8.8\resources\app.asar\builtin\scene\dist\script\3d\manager\scripts.ccc:1:2290)
    at GlobalEnv.record (C:\ProgramData\cocos\editors\Creator\3.8.8\resources\app.asar\builtin\scene\dist\script\3d\manager\scripts.ccc:1:2061)
    at ScriptManager.init (C:\ProgramData\cocos\editors\Creator\3.8.8\resources\app.asar\builtin\scene\dist\script\3d\manager\scripts.ccc:1:4024)
    at Logger._logHandler (C:\ProgramData\cocos\editors\Creator\3.8.8\resources\app.asar\builtin\scene\dist\script\3d\manager\startup\log.ccc:1:487)
    at Logger.record (C:\ProgramData\cocos\editors\Creator\3.8.8\resources\app.asar\node_modules\@base\electron-logger\lib\renderer.ccc:1:458)
    at console.<anonymous> (C:\ProgramData\cocos\editors\Creator\3.8.8\resources\app.asar\node_modules\@base\electron-logger\lib\renderer.ccc:1:1414)
    at console.error (C:\ProgramData\cocos\editors\Creator\3.8.8\resources\app.asar\node_modules\@sentry\core\src\utils-hoist\instrument\console.ts:40:14)
    at ScriptManager._handleImportException (C:\ProgramData\cocos\editors\Creator\3.8.8\resources\app.asar\builtin\scene\dist\script\3d\manager\scripts.ccc:1:5678)
    at Executor.importExceptionHandler [as _importExceptionHandler] (C:\ProgramData\cocos\editors\Creator\3.8.8\resources\app.asar\builtin\scene\dist\script\3d\manager\scripts.ccc:1:3834)
    at Executor._onModuleLoaded (C:\ProgramData\cocos\editors\Creator\3.8.8\resources\app.asar\node_modules\@editor\lib-programming\src\executor\index.ts:401:22)
    at SystemJS.onload (C:\ProgramData\cocos\editors\Creator\3.8.8\resources\app.asar\node_modules\@editor\lib-programming\src\executor\index.ts:99:18)
    at triggerOnload (C:\ProgramData\cocos\editors\Creator\3.8.8\resources\app.asar\node_modules\@editor\lib-programming\static\executor\systemjs-bridge\out\index.js:270:10)
    at C:\ProgramData\cocos\editors\Creator\3.8.8\resources\app.asar\node_modules\@editor\lib-programming\static\executor\systemjs-bridge\out\index.js:347:5
    at file:///D:/Works/Cocos/WxMiniGames/MiniGameArrow/temp/programming/packer-driver/targets/editor/chunks/6d/cce:/internal/x/prerequisite-imports:8:13
    at Object.execute (file:///D:/Works/Cocos/WxMiniGames/MiniGameArrow/temp/programming/packer-driver/targets/editor/chunks/6d/cce:/internal/x/prerequisite-imports:4:1)
    at Executor._importPrerequisiteModules (C:\ProgramData\cocos\editors\Creator\3.8.8\resources\app.asar\node_modules\@editor\lib-programming\src\executor\index.ts:358:13)
    at Executor.reload (C:\ProgramData\cocos\editors\Creator\3.8.8\resources\app.asar\node_modules\@editor\lib-programming\src\executor\index.ts:235:13)
    at C:\ProgramData\cocos\editors\Creator\3.8.8\resources\app.asar\builtin\scene\dist\script\3d\manager\scripts.ccc:1:1893
    at GlobalEnv.processQueue (C:\ProgramData\cocos\editors\Creator\3.8.8\resources\app.asar\builtin\scene\dist\script\3d\manager\scripts.ccc:1:2290)
    at GlobalEnv.record (C:\ProgramData\cocos\editors\Creator\3.8.8\resources\app.asar\builtin\scene\dist\script\3d\manager\scripts.ccc:1:2061)
    at ScriptManager.init (C:\ProgramData\cocos\editors\Creator\3.8.8\resources\app.asar\builtin\scene\dist\script\3d\manager\scripts.ccc:1:4024)
2026-8-4 14:16:38 - log: [PreviewInEditor] Using custom pipeline: Builtin
2026-8-4 14:16:39 - warn: [PreviewInEditor] AdManager: 当前平台暂不支持广告Error: [PreviewInEditor] AdManager: 当前平台暂不支持广告
    at console.warn (C:\ProgramData\cocos\editors\Creator\3.8.8\resources\app.asar\node_modules\@sentry\core\src\utils-hoist\instrument\console.ts:40:14)
    at AdManager.init (file:///D:/Works/Cocos/WxMiniGames/MiniGameArrow/temp/programming/packer-driver/targets/editor/chunks/25/file:/D:/Works/Cocos/WxMiniGames/MiniGameArrow/assets/scripts/engine/AdManager.ts:79:21)
    at GameManager.Init (file:///D:/Works/Cocos/WxMiniGames/MiniGameArrow/temp/programming/packer-driver/targets/editor/chunks/68/file:/D:/Works/Cocos/WxMiniGames/MiniGameArrow/assets/scripts/engine/GameManager.ts:61:33)
    at Launcher.onLoad (file:///D:/Works/Cocos/WxMiniGames/MiniGameArrow/temp/programming/packer-driver/targets/editor/chunks/eb/file:/D:/Works/Cocos/WxMiniGames/MiniGameArrow/assets/scripts/engine/Launcher.ts:32:35)
    at eval (C:\ProgramData\cocos\editors\Creator\3.8.8\resources\resources\3d\engine\bin\.cache\dev\editor\bundled\index.js:55316:132)
    at OneOffInvoker.eval [as _invoke] (C:\ProgramData\cocos\editors\Creator\3.8.8\resources\resources\3d\engine\bin\.cache\dev\editor\bundled\index.js:53273:9)
    at OneOffInvoker.invoke (C:\ProgramData\cocos\editors\Creator\3.8.8\resources\resources\3d\engine\bin\.cache\dev\editor\bundled\index.js:53387:16)
    at NodeActivator.activateNode (C:\ProgramData\cocos\editors\Creator\3.8.8\resources\resources\3d\engine\bin\.cache\dev\editor\bundled\index.js:55367:27)
    at Scene._activate (C:\ProgramData\cocos\editors\Creator\3.8.8\resources\resources\3d\engine\bin\.cache\dev\editor\bundled\index.js:63356:44)
    at Director.runSceneImmediate (C:\ProgramData\cocos\editors\Creator\3.8.8\resources\resources\3d\engine\bin\.cache\dev\editor\bundled\index.js:15538:17)
    at C:\ProgramData\cocos\editors\Creator\3.8.8\resources\app.asar\builtin\scene\dist\script\3d\manager\scene\utils.ccc:1:1515
    at eval (C:\ProgramData\cocos\editors\Creator\3.8.8\resources\resources\3d\engine\bin\.cache\dev\editor\bundled\index.js:133842:17)
    at eval (C:\ProgramData\cocos\editors\Creator\3.8.8\resources\resources\3d\engine\bin\.cache\dev\editor\bundled\index.js:141562:9)
    at eval (C:\ProgramData\cocos\editors\Creator\3.8.8\resources\resources\3d\engine\bin\.cache\dev\editor\bundled\index.js:167821:9)
    at sentryWrapped (C:\ProgramData\cocos\editors\Creator\3.8.8\resources\app.asar\node_modules\@sentry\browser\src\helpers.ts:116:17)
2026-8-4 14:16:40 - warn: [PreviewInEditor] PlatformManager: 隐私授权步骤 [查询隐私授权状态] 结果 [unsupported] {
  result: 'unsupported',
  platform: 'auto',
  needAuthorization: false,
  message: '当前环境不支持隐私授权状态查询'
}Error: [PreviewInEditor] PlatformManager: 隐私授权步骤 [查询隐私授权状态] 结果 [unsupported] {
  message: '当前环境不支持隐私授权状态查询'
}
    at Logger._logHandler (C:\ProgramData\cocos\editors\Creator\3.8.8\resources\app.asar\builtin\scene\dist\script\3d\manager\startup\log.ccc:1:487)
    at Logger.record (C:\ProgramData\cocos\editors\Creator\3.8.8\resources\app.asar\node_modules\@base\electron-logger\lib\renderer.ccc:1:458)
    at console.<anonymous> (C:\ProgramData\cocos\editors\Creator\3.8.8\resources\app.asar\node_modules\@base\electron-logger\lib\renderer.ccc:1:1260)
    at console.warn (C:\ProgramData\cocos\editors\Creator\3.8.8\resources\app.asar\node_modules\@sentry\core\src\utils-hoist\instrument\console.ts:40:14)
    at PlatformManager.logPrivacyStep (file:///D:/Works/Cocos/WxMiniGames/MiniGameArrow/temp/programming/packer-driver/targets/editor/chunks/f6/file:/D:/Works/Cocos/WxMiniGames/MiniGameArrow/assets/scripts/engine/PlatformManager.ts:810:17)
    at PlatformManager.getPrivacySetting (file:///D:/Works/Cocos/WxMiniGames/MiniGameArrow/temp/programming/packer-driver/targets/editor/chunks/f6/file:/D:/Works/Cocos/WxMiniGames/MiniGameArrow/assets/scripts/engine/PlatformManager.ts:278:18)
    at PlatformManager.ensurePrivacyAuthorize (file:///D:/Works/Cocos/WxMiniGames/MiniGameArrow/temp/programming/packer-driver/targets/editor/chunks/f6/file:/D:/Works/Cocos/WxMiniGames/MiniGameArrow/assets/scripts/engine/PlatformManager.ts:390:36)
    at LoginPanel.login (file:///D:/Works/Cocos/WxMiniGames/MiniGameArrow/temp/programming/packer-driver/targets/editor/chunks/50/file:/D:/Works/Cocos/WxMiniGames/MiniGameArrow/assets/scripts/Game/CommonGame/ui/LoginPanel.ts:126:67)
    at LoginPanel.finishPreloadAndLogin (file:///D:/Works/Cocos/WxMiniGames/MiniGameArrow/temp/programming/packer-driver/targets/editor/chunks/50/file:/D:/Works/Cocos/WxMiniGames/MiniGameArrow/assets/scripts/Game/CommonGame/ui/LoginPanel.ts:116:14)
    at LoginPanel.update (file:///D:/Works/Cocos/WxMiniGames/MiniGameArrow/temp/programming/packer-driver/targets/editor/chunks/50/file:/D:/Works/Cocos/WxMiniGames/MiniGameArrow/assets/scripts/Game/CommonGame/ui/LoginPanel.ts:60:18)
    at eval (C:\ProgramData\cocos\editors\Creator\3.8.8\resources\resources\3d\engine\bin\.cache\dev\editor\bundled\index.js:53453:29)
    at ReusableInvoker.eval [as _invoke] (C:\ProgramData\cocos\editors\Creator\3.8.8\resources\resources\3d\engine\bin\.cache\dev\editor\bundled\index.js:53273:9)
    at ReusableInvoker.invoke (C:\ProgramData\cocos\editors\Creator\3.8.8\resources\resources\3d\engine\bin\.cache\dev\editor\bundled\index.js:53431:16)
    at ComponentScheduler.updatePhase (C:\ProgramData\cocos\editors\Creator\3.8.8\resources\resources\3d\engine\bin\.cache\dev\editor\bundled\index.js:53644:30)
    at Director.tick (C:\ProgramData\cocos\editors\Creator\3.8.8\resources\resources\3d\engine\bin\.cache\dev\editor\bundled\index.js:15825:35)
    at Game._updateCallback (C:\ProgramData\cocos\editors\Creator\3.8.8\resources\resources\3d\engine\bin\.cache\dev\editor\bundled\index.js:17506:22)
    at updateCallback (C:\ProgramData\cocos\editors\Creator\3.8.8\resources\resources\3d\engine\bin\.cache\dev\editor\bundled\index.js:88484:20)
    at sentryWrapped (C:\ProgramData\cocos\editors\Creator\3.8.8\resources\app.asar\node_modules\@sentry\browser\src\helpers.ts:116:17)
2026-8-4 14:16:40 - log: [PreviewInEditor] PlatformManager: 隐私授权步骤 [隐私授权流程完成] 结果 [success] { result: 'success', platform: 'auto', message: '当前环境不支持隐私授权状态查询' }
2026-8-4 14:16:40 - log: [PreviewInEditor] LoginPanel: 进入主界面 { result: 'unsupported', platform: 'auto', message: '当前环境不支持小游戏登录' }
2026-8-4 14:16:44 - warn: [PreviewInEditor] GamePanel: 加载小羊类型 black 资源失败 Error: Bundle game doesn't contain texture/sheep
    at parse (C:\ProgramData\cocos\editors\Creator\3.8.8\resources\resources\3d\engine\bin\.cache\dev\editor\bundled\index.js:141131:25)
    at Pipeline.sync (C:\ProgramData\cocos\editors\Creator\3.8.8\resources\resources\3d\engine\bin\.cache\dev\editor\bundled\index.js:139810:28)
    at preprocess (C:\ProgramData\cocos\editors\Creator\3.8.8\resources\resources\3d\engine\bin\.cache\dev\editor\bundled\index.js:140088:53)
    at Pipeline._flow (C:\ProgramData\cocos\editors\Creator\3.8.8\resources\resources\3d\engine\bin\.cache\dev\editor\bundled\index.js:139854:11)
    at Pipeline.async (C:\ProgramData\cocos\editors\Creator\3.8.8\resources\resources\3d\engine\bin\.cache\dev\editor\bundled\index.js:139850:16)
    at AssetManager.loadAny (C:\ProgramData\cocos\editors\Creator\3.8.8\resources\resources\3d\engine\bin\.cache\dev\editor\bundled\index.js:133581:20)
    at Bundle.load (C:\ProgramData\cocos\editors\Creator\3.8.8\resources\resources\3d\engine\bin\.cache\dev\editor\bundled\index.js:134909:33)
    at callback (file:///D:/Works/Cocos/WxMiniGames/MiniGameArrow/temp/programming/packer-driver/targets/editor/chunks/4b/file:/D:/Works/Cocos/WxMiniGames/MiniGameArrow/assets/scripts/engine/ResManager.ts:79:20)
    at ResManager.loadBundle (file:///D:/Works/Cocos/WxMiniGames/MiniGameArrow/temp/programming/packer-driver/targets/editor/chunks/4b/file:/D:/Works/Cocos/WxMiniGames/MiniGameArrow/assets/scripts/engine/ResManager.ts:44:13)
    at ResManager.loadFromBundle (file:///D:/Works/Cocos/WxMiniGames/MiniGameArrow/temp/programming/packer-driver/targets/editor/chunks/4b/file:/D:/Works/Cocos/WxMiniGames/MiniGameArrow/assets/scripts/engine/ResManager.ts:73:14)
    at callback (file:///D:/Works/Cocos/WxMiniGames/MiniGameArrow/temp/programming/packer-driver/targets/editor/chunks/ef/file:/D:/Works/Cocos/WxMiniGames/MiniGameArrow/assets/scripts/Game/CommonGame/ui/GamePanel.ts:390:38)
    at file:///D:/Works/Cocos/WxMiniGames/MiniGameArrow/temp/programming/packer-driver/targets/editor/chunks/4b/file:/D:/Works/Cocos/WxMiniGames/MiniGameArrow/assets/scripts/engine/ResManager.ts:83:17
    at eval (C:\ProgramData\cocos\editors\Creator\3.8.8\resources\resources\3d\engine\bin\.cache\dev\editor\bundled\index.js:141562:9)
    at eval (C:\ProgramData\cocos\editors\Creator\3.8.8\resources\resources\3d\engine\bin\.cache\dev\editor\bundled\index.js:167821:9)
    at sentryWrapped (C:\ProgramData\cocos\editors\Creator\3.8.8\resources\app.asar\node_modules\@sentry\browser\src\helpers.ts:116:17)Error: [PreviewInEditor] GamePanel: 加载小羊类型 black 资源失败 Error: Bundle game doesn't contain texture/sheep
    at Pipeline._flow (C:\ProgramData\cocos\editors\Creator\3.8.8\resources\resources\3d\engine\bin\.cache\dev\editor\bundled\index.js:139854:11)
    at Pipeline.async (C:\ProgramData\cocos\editors\Creator\3.8.8\resources\resources\3d\engine\bin\.cache\dev\editor\bundled\index.js:139850:16)
    at AssetManager.loadAny (C:\ProgramData\cocos\editors\Creator\3.8.8\resources\resources\3d\engine\bin\.cache\dev\editor\bundled\index.js:133581:20)
    at Bundle.load (C:\ProgramData\cocos\editors\Creator\3.8.8\resources\resources\3d\engine\bin\.cache\dev\editor\bundled\index.js:134909:33)
    at callback (file:///D:/Works/Cocos/WxMiniGames/MiniGameArrow/temp/programming/packer-driver/targets/editor/chunks/4b/file:/D:/Works/Cocos/WxMiniGames/MiniGameArrow/assets/scripts/engine/ResManager.ts:79:20)
    at ResManager.loadBundle (file:///D:/Works/Cocos/WxMiniGames/MiniGameArrow/temp/programming/packer-driver/targets/editor/chunks/4b/file:/D:/Works/Cocos/WxMiniGames/MiniGameArrow/assets/scripts/engine/ResManager.ts:44:13)
    at ResManager.loadFromBundle (file:///D:/Works/Cocos/WxMiniGames/MiniGameArrow/temp/programming/packer-driver/targets/editor/chunks/4b/file:/D:/Works/Cocos/WxMiniGames/MiniGameArrow/assets/scripts/engine/ResManager.ts:73:14)
    at callback (file:///D:/Works/Cocos/WxMiniGames/MiniGameArrow/temp/programming/packer-driver/targets/editor/chunks/ef/file:/D:/Works/Cocos/WxMiniGames/MiniGameArrow/assets/scripts/Game/CommonGame/ui/GamePanel.ts:390:38)
    at file:///D:/Works/Cocos/WxMiniGames/MiniGameArrow/temp/programming/packer-driver/targets/editor/chunks/4b/file:/D:/Works/Cocos/WxMiniGames/MiniGameArrow/assets/scripts/engine/ResManager.ts:83:17
    at eval (C:\ProgramData\cocos\editors\Creator\3.8.8\resources\resources\3d\engine\bin\.cache\dev\editor\bundled\index.js:141562:9)
    at eval (C:\ProgramData\cocos\editors\Creator\3.8.8\resources\resources\3d\engine\bin\.cache\dev\editor\bundled\index.js:167821:9)
    at sentryWrapped (C:\ProgramData\cocos\editors\Creator\3.8.8\resources\app.asar\node_modules\@sentry\browser\src\helpers.ts:116:17)
    at Logger._logHandler (C:\ProgramData\cocos\editors\Creator\3.8.8\resources\app.asar\builtin\scene\dist\script\3d\manager\startup\log.ccc:1:487)
    at Logger.record (C:\ProgramData\cocos\editors\Creator\3.8.8\resources\app.asar\node_modules\@base\electron-logger\lib\renderer.ccc:1:458)
    at console.<anonymous> (C:\ProgramData\cocos\editors\Creator\3.8.8\resources\app.asar\node_modules\@base\electron-logger\lib\renderer.ccc:1:1260)
    at console.warn (C:\ProgramData\cocos\editors\Creator\3.8.8\resources\app.asar\node_modules\@sentry\core\src\utils-hoist\instrument\console.ts:40:14)
    at callback (file:///D:/Works/Cocos/WxMiniGames/MiniGameArrow/temp/programming/packer-driver/targets/editor/chunks/ef/file:/D:/Works/Cocos/WxMiniGames/MiniGameArrow/assets/scripts/Game/CommonGame/ui/GamePanel.ts:394:29)
    at file:///D:/Works/Cocos/WxMiniGames/MiniGameArrow/temp/programming/packer-driver/targets/editor/chunks/4b/file:/D:/Works/Cocos/WxMiniGames/MiniGameArrow/assets/scripts/engine/ResManager.ts:83:17
    at eval (C:\ProgramData\cocos\editors\Creator\3.8.8\resources\resources\3d\engine\bin\.cache\dev\editor\bundled\index.js:141562:9)
    at eval (C:\ProgramData\cocos\editors\Creator\3.8.8\resources\resources\3d\engine\bin\.cache\dev\editor\bundled\index.js:167821:9)
    at sentryWrapped (C:\ProgramData\cocos\editors\Creator\3.8.8\resources\app.asar\node_modules\@sentry\browser\src\helpers.ts:116:17)
2026-8-4 14:16:44 - warn: [PreviewInEditor] GamePanel: 加载小羊类型 normal 资源失败 Error: Bundle game doesn't contain texture/sheep
    at parse (C:\ProgramData\cocos\editors\Creator\3.8.8\resources\resources\3d\engine\bin\.cache\dev\editor\bundled\index.js:141131:25)
    at Pipeline.sync (C:\ProgramData\cocos\editors\Creator\3.8.8\resources\resources\3d\engine\bin\.cache\dev\editor\bundled\index.js:139810:28)
    at preprocess (C:\ProgramData\cocos\editors\Creator\3.8.8\resources\resources\3d\engine\bin\.cache\dev\editor\bundled\index.js:140088:53)
    at Pipeline._flow (C:\ProgramData\cocos\editors\Creator\3.8.8\resources\resources\3d\engine\bin\.cache\dev\editor\bundled\index.js:139854:11)
    at Pipeline.async (C:\ProgramData\cocos\editors\Creator\3.8.8\resources\resources\3d\engine\bin\.cache\dev\editor\bundled\index.js:139850:16)
    at AssetManager.loadAny (C:\ProgramData\cocos\editors\Creator\3.8.8\resources\resources\3d\engine\bin\.cache\dev\editor\bundled\index.js:133581:20)
    at Bundle.load (C:\ProgramData\cocos\editors\Creator\3.8.8\resources\resources\3d\engine\bin\.cache\dev\editor\bundled\index.js:134909:33)
    at callback (file:///D:/Works/Cocos/WxMiniGames/MiniGameArrow/temp/programming/packer-driver/targets/editor/chunks/4b/file:/D:/Works/Cocos/WxMiniGames/MiniGameArrow/assets/scripts/engine/ResManager.ts:79:20)
    at ResManager.loadBundle (file:///D:/Works/Cocos/WxMiniGames/MiniGameArrow/temp/programming/packer-driver/targets/editor/chunks/4b/file:/D:/Works/Cocos/WxMiniGames/MiniGameArrow/assets/scripts/engine/ResManager.ts:44:13)
    at ResManager.loadFromBundle (file:///D:/Works/Cocos/WxMiniGames/MiniGameArrow/temp/programming/packer-driver/targets/editor/chunks/4b/file:/D:/Works/Cocos/WxMiniGames/MiniGameArrow/assets/scripts/engine/ResManager.ts:73:14)
    at callback (file:///D:/Works/Cocos/WxMiniGames/MiniGameArrow/temp/programming/packer-driver/targets/editor/chunks/ef/file:/D:/Works/Cocos/WxMiniGames/MiniGameArrow/assets/scripts/Game/CommonGame/ui/GamePanel.ts:390:38)
    at file:///D:/Works/Cocos/WxMiniGames/MiniGameArrow/temp/programming/packer-driver/targets/editor/chunks/4b/file:/D:/Works/Cocos/WxMiniGames/MiniGameArrow/assets/scripts/engine/ResManager.ts:83:17
    at eval (C:\ProgramData\cocos\editors\Creator\3.8.8\resources\resources\3d\engine\bin\.cache\dev\editor\bundled\index.js:141562:9)
    at eval (C:\ProgramData\cocos\editors\Creator\3.8.8\resources\resources\3d\engine\bin\.cache\dev\editor\bundled\index.js:167821:9)
    at sentryWrapped (C:\ProgramData\cocos\editors\Creator\3.8.8\resources\app.asar\node_modules\@sentry\browser\src\helpers.ts:116:17)Error: [PreviewInEditor] GamePanel: 加载小羊类型 normal 资源失败 Error: Bundle game doesn't contain texture/sheep
    at Pipeline._flow (C:\ProgramData\cocos\editors\Creator\3.8.8\resources\resources\3d\engine\bin\.cache\dev\editor\bundled\index.js:139854:11)
    at Pipeline.async (C:\ProgramData\cocos\editors\Creator\3.8.8\resources\resources\3d\engine\bin\.cache\dev\editor\bundled\index.js:139850:16)
    at AssetManager.loadAny (C:\ProgramData\cocos\editors\Creator\3.8.8\resources\resources\3d\engine\bin\.cache\dev\editor\bundled\index.js:133581:20)
    at Bundle.load (C:\ProgramData\cocos\editors\Creator\3.8.8\resources\resources\3d\engine\bin\.cache\dev\editor\bundled\index.js:134909:33)
    at callback (file:///D:/Works/Cocos/WxMiniGames/MiniGameArrow/temp/programming/packer-driver/targets/editor/chunks/4b/file:/D:/Works/Cocos/WxMiniGames/MiniGameArrow/assets/scripts/engine/ResManager.ts:79:20)
    at ResManager.loadBundle (file:///D:/Works/Cocos/WxMiniGames/MiniGameArrow/temp/programming/packer-driver/targets/editor/chunks/4b/file:/D:/Works/Cocos/WxMiniGames/MiniGameArrow/assets/scripts/engine/ResManager.ts:44:13)
    at ResManager.loadFromBundle (file:///D:/Works/Cocos/WxMiniGames/MiniGameArrow/temp/programming/packer-driver/targets/editor/chunks/4b/file:/D:/Works/Cocos/WxMiniGames/MiniGameArrow/assets/scripts/engine/ResManager.ts:73:14)
    at callback (file:///D:/Works/Cocos/WxMiniGames/MiniGameArrow/temp/programming/packer-driver/targets/editor/chunks/ef/file:/D:/Works/Cocos/WxMiniGames/MiniGameArrow/assets/scripts/Game/CommonGame/ui/GamePanel.ts:390:38)
    at file:///D:/Works/Cocos/WxMiniGames/MiniGameArrow/temp/programming/packer-driver/targets/editor/chunks/4b/file:/D:/Works/Cocos/WxMiniGames/MiniGameArrow/assets/scripts/engine/ResManager.ts:83:17
    at eval (C:\ProgramData\cocos\editors\Creator\3.8.8\resources\resources\3d\engine\bin\.cache\dev\editor\bundled\index.js:141562:9)
    at eval (C:\ProgramData\cocos\editors\Creator\3.8.8\resources\resources\3d\engine\bin\.cache\dev\editor\bundled\index.js:167821:9)
    at sentryWrapped (C:\ProgramData\cocos\editors\Creator\3.8.8\resources\app.asar\node_modules\@sentry\browser\src\helpers.ts:116:17)
    at Logger._logHandler (C:\ProgramData\cocos\editors\Creator\3.8.8\resources\app.asar\builtin\scene\dist\script\3d\manager\startup\log.ccc:1:487)
    at Logger.record (C:\ProgramData\cocos\editors\Creator\3.8.8\resources\app.asar\node_modules\@base\electron-logger\lib\renderer.ccc:1:458)
    at console.<anonymous> (C:\ProgramData\cocos\editors\Creator\3.8.8\resources\app.asar\node_modules\@base\electron-logger\lib\renderer.ccc:1:1260)
    at console.warn (C:\ProgramData\cocos\editors\Creator\3.8.8\resources\app.asar\node_modules\@sentry\core\src\utils-hoist\instrument\console.ts:40:14)
    at callback (file:///D:/Works/Cocos/WxMiniGames/MiniGameArrow/temp/programming/packer-driver/targets/editor/chunks/ef/file:/D:/Works/Cocos/WxMiniGames/MiniGameArrow/assets/scripts/Game/CommonGame/ui/GamePanel.ts:394:29)
    at file:///D:/Works/Cocos/WxMiniGames/MiniGameArrow/temp/programming/packer-driver/targets/editor/chunks/4b/file:/D:/Works/Cocos/WxMiniGames/MiniGameArrow/assets/scripts/engine/ResManager.ts:83:17
    at eval (C:\ProgramData\cocos\editors\Creator\3.8.8\resources\resources\3d\engine\bin\.cache\dev\editor\bundled\index.js:141562:9)
    at eval (C:\ProgramData\cocos\editors\Creator\3.8.8\resources\resources\3d\engine\bin\.cache\dev\editor\bundled\index.js:167821:9)
    at sentryWrapped (C:\ProgramData\cocos\editors\Creator\3.8.8\resources\app.asar\node_modules\@sentry\browser\src\helpers.ts:116:17)
2026-8-4 14:16:44 - warn: [PreviewInEditor] GamePanel: 关卡 8 第 1 只小羊配置无效 { row: 9, col: 6, direction: 'Right', type: 'black' }Error: [PreviewInEditor] GamePanel: 关卡 8 第 1 只小羊配置无效 { row: 9, col: 6, direction: 'Right', type: 'black' }
    at console.warn (C:\ProgramData\cocos\editors\Creator\3.8.8\resources\app.asar\node_modules\@sentry\core\src\utils-hoist\instrument\console.ts:40:14)
    at forEach (file:///D:/Works/Cocos/WxMiniGames/MiniGameArrow/temp/programming/packer-driver/targets/editor/chunks/ef/file:/D:/Works/Cocos/WxMiniGames/MiniGameArrow/assets/scripts/Game/CommonGame/ui/GamePanel.ts:483:25)
    at Array.forEach (<anonymous>)
    at GamePanel.createSheepByLevelConfig (file:///D:/Works/Cocos/WxMiniGames/MiniGameArrow/temp/programming/packer-driver/targets/editor/chunks/ef/file:/D:/Works/Cocos/WxMiniGames/MiniGameArrow/assets/scripts/Game/CommonGame/ui/GamePanel.ts:479:25)
    at GamePanel.startLevel (file:///D:/Works/Cocos/WxMiniGames/MiniGameArrow/temp/programming/packer-driver/targets/editor/chunks/ef/file:/D:/Works/Cocos/WxMiniGames/MiniGameArrow/assets/scripts/Game/CommonGame/ui/GamePanel.ts:422:14)
    at onComplete (file:///D:/Works/Cocos/WxMiniGames/MiniGameArrow/temp/programming/packer-driver/targets/editor/chunks/ef/file:/D:/Works/Cocos/WxMiniGames/MiniGameArrow/assets/scripts/Game/CommonGame/ui/GamePanel.ts:242:18)
    at onComplete (file:///D:/Works/Cocos/WxMiniGames/MiniGameArrow/temp/programming/packer-driver/targets/editor/chunks/ef/file:/D:/Works/Cocos/WxMiniGames/MiniGameArrow/assets/scripts/Game/CommonGame/ui/GamePanel.ts:373:35)
    at callback (file:///D:/Works/Cocos/WxMiniGames/MiniGameArrow/temp/programming/packer-driver/targets/editor/chunks/ef/file:/D:/Works/Cocos/WxMiniGames/MiniGameArrow/assets/scripts/Game/CommonGame/ui/GamePanel.ts:396:17)
    at file:///D:/Works/Cocos/WxMiniGames/MiniGameArrow/temp/programming/packer-driver/targets/editor/chunks/4b/file:/D:/Works/Cocos/WxMiniGames/MiniGameArrow/assets/scripts/engine/ResManager.ts:83:17
    at eval (C:\ProgramData\cocos\editors\Creator\3.8.8\resources\resources\3d\engine\bin\.cache\dev\editor\bundled\index.js:141562:9)
    at eval (C:\ProgramData\cocos\editors\Creator\3.8.8\resources\resources\3d\engine\bin\.cache\dev\editor\bundled\index.js:167821:9)
    at sentryWrapped (C:\ProgramData\cocos\editors\Creator\3.8.8\resources\app.asar\node_modules\@sentry\browser\src\helpers.ts:116:17)
2026-8-4 14:16:44 - warn: [PreviewInEditor] GamePanel: 关卡 8 第 2 只小羊配置无效 { row: 9, col: 4, direction: 'Right', type: 'black' }Error: [PreviewInEditor] GamePanel: 关卡 8 第 2 只小羊配置无效 { row: 9, col: 4, direction: 'Right', type: 'black' }
    at console.warn (C:\ProgramData\cocos\editors\Creator\3.8.8\resources\app.asar\node_modules\@sentry\core\src\utils-hoist\instrument\console.ts:40:14)
    at forEach (file:///D:/Works/Cocos/WxMiniGames/MiniGameArrow/temp/programming/packer-driver/targets/editor/chunks/ef/file:/D:/Works/Cocos/WxMiniGames/MiniGameArrow/assets/scripts/Game/CommonGame/ui/GamePanel.ts:483:25)
    at Array.forEach (<anonymous>)
    at GamePanel.createSheepByLevelConfig (file:///D:/Works/Cocos/WxMiniGames/MiniGameArrow/temp/programming/packer-driver/targets/editor/chunks/ef/file:/D:/Works/Cocos/WxMiniGames/MiniGameArrow/assets/scripts/Game/CommonGame/ui/GamePanel.ts:479:25)
    at GamePanel.startLevel (file:///D:/Works/Cocos/WxMiniGames/MiniGameArrow/temp/programming/packer-driver/targets/editor/chunks/ef/file:/D:/Works/Cocos/WxMiniGames/MiniGameArrow/assets/scripts/Game/CommonGame/ui/GamePanel.ts:422:14)
    at onComplete (file:///D:/Works/Cocos/WxMiniGames/MiniGameArrow/temp/programming/packer-driver/targets/editor/chunks/ef/file:/D:/Works/Cocos/WxMiniGames/MiniGameArrow/assets/scripts/Game/CommonGame/ui/GamePanel.ts:242:18)
    at onComplete (file:///D:/Works/Cocos/WxMiniGames/MiniGameArrow/temp/programming/packer-driver/targets/editor/chunks/ef/file:/D:/Works/Cocos/WxMiniGames/MiniGameArrow/assets/scripts/Game/CommonGame/ui/GamePanel.ts:373:35)
    at callback (file:///D:/Works/Cocos/WxMiniGames/MiniGameArrow/temp/programming/packer-driver/targets/editor/chunks/ef/file:/D:/Works/Cocos/WxMiniGames/MiniGameArrow/assets/scripts/Game/CommonGame/ui/GamePanel.ts:396:17)
    at file:///D:/Works/Cocos/WxMiniGames/MiniGameArrow/temp/programming/packer-driver/targets/editor/chunks/4b/file:/D:/Works/Cocos/WxMiniGames/MiniGameArrow/assets/scripts/engine/ResManager.ts:83:17
    at eval (C:\ProgramData\cocos\editors\Creator\3.8.8\resources\resources\3d\engine\bin\.cache\dev\editor\bundled\index.js:141562:9)
    at eval (C:\ProgramData\cocos\editors\Creator\3.8.8\resources\resources\3d\engine\bin\.cache\dev\editor\bundled\index.js:167821:9)
    at sentryWrapped (C:\ProgramData\cocos\editors\Creator\3.8.8\resources\app.asar\node_modules\@sentry\browser\src\helpers.ts:116:17)
2026-8-4 14:16:44 - warn: [PreviewInEditor] GamePanel: 关卡 8 第 3 只小羊配置无效 { row: 10, col: 6, direction: 'Right', type: 'normal' }Error: [PreviewInEditor] GamePanel: 关卡 8 第 3 只小羊配置无效 { row: 10, col: 6, direction: 'Right', type: 'normal' }
    at console.warn (C:\ProgramData\cocos\editors\Creator\3.8.8\resources\app.asar\node_modules\@sentry\core\src\utils-hoist\instrument\console.ts:40:14)
    at forEach (file:///D:/Works/Cocos/WxMiniGames/MiniGameArrow/temp/programming/packer-driver/targets/editor/chunks/ef/file:/D:/Works/Cocos/WxMiniGames/MiniGameArrow/assets/scripts/Game/CommonGame/ui/GamePanel.ts:483:25)
    at Array.forEach (<anonymous>)
    at GamePanel.createSheepByLevelConfig (file:///D:/Works/Cocos/WxMiniGames/MiniGameArrow/temp/programming/packer-driver/targets/editor/chunks/ef/file:/D:/Works/Cocos/WxMiniGames/MiniGameArrow/assets/scripts/Game/CommonGame/ui/GamePanel.ts:479:25)
    at GamePanel.startLevel (file:///D:/Works/Cocos/WxMiniGames/MiniGameArrow/temp/programming/packer-driver/targets/editor/chunks/ef/file:/D:/Works/Cocos/WxMiniGames/MiniGameArrow/assets/scripts/Game/CommonGame/ui/GamePanel.ts:422:14)
    at onComplete (file:///D:/Works/Cocos/WxMiniGames/MiniGameArrow/temp/programming/packer-driver/targets/editor/chunks/ef/file:/D:/Works/Cocos/WxMiniGames/MiniGameArrow/assets/scripts/Game/CommonGame/ui/GamePanel.ts:242:18)
    at onComplete (file:///D:/Works/Cocos/WxMiniGames/MiniGameArrow/temp/programming/packer-driver/targets/editor/chunks/ef/file:/D:/Works/Cocos/WxMiniGames/MiniGameArrow/assets/scripts/Game/CommonGame/ui/GamePanel.ts:373:35)
    at callback (file:///D:/Works/Cocos/WxMiniGames/MiniGameArrow/temp/programming/packer-driver/targets/editor/chunks/ef/file:/D:/Works/Cocos/WxMiniGames/MiniGameArrow/assets/scripts/Game/CommonGame/ui/GamePanel.ts:396:17)
    at file:///D:/Works/Cocos/WxMiniGames/MiniGameArrow/temp/programming/packer-driver/targets/editor/chunks/4b/file:/D:/Works/Cocos/WxMiniGames/MiniGameArrow/assets/scripts/engine/ResManager.ts:83:17
    at eval (C:\ProgramData\cocos\editors\Creator\3.8.8\resources\resources\3d\engine\bin\.cache\dev\editor\bundled\index.js:141562:9)
    at eval (C:\ProgramData\cocos\editors\Creator\3.8.8\resources\resources\3d\engine\bin\.cache\dev\editor\bundled\index.js:167821:9)
    at sentryWrapped (C:\ProgramData\cocos\editors\Creator\3.8.8\resources\app.asar\node_modules\@sentry\browser\src\helpers.ts:116:17)
2026-8-4 14:16:44 - warn: [PreviewInEditor] GamePanel: 关卡 8 第 4 只小羊配置无效 { row: 7, col: 5, direction: 'Down', type: 'black' }Error: [PreviewInEditor] GamePanel: 关卡 8 第 4 只小羊配置无效 { row: 7, col: 5, direction: 'Down', type: 'black' }
    at console.warn (C:\ProgramData\cocos\editors\Creator\3.8.8\resources\app.asar\node_modules\@sentry\core\src\utils-hoist\instrument\console.ts:40:14)
    at forEach (file:///D:/Works/Cocos/WxMiniGames/MiniGameArrow/temp/programming/packer-driver/targets/editor/chunks/ef/file:/D:/Works/Cocos/WxMiniGames/MiniGameArrow/assets/scripts/Game/CommonGame/ui/GamePanel.ts:483:25)
    at Array.forEach (<anonymous>)
    at GamePanel.createSheepByLevelConfig (file:///D:/Works/Cocos/WxMiniGames/MiniGameArrow/temp/programming/packer-driver/targets/editor/chunks/ef/file:/D:/Works/Cocos/WxMiniGames/MiniGameArrow/assets/scripts/Game/CommonGame/ui/GamePanel.ts:479:25)
    at GamePanel.startLevel (file:///D:/Works/Cocos/WxMiniGames/MiniGameArrow/temp/programming/packer-driver/targets/editor/chunks/ef/file:/D:/Works/Cocos/WxMiniGames/MiniGameArrow/assets/scripts/Game/CommonGame/ui/GamePanel.ts:422:14)
    at onComplete (file:///D:/Works/Cocos/WxMiniGames/MiniGameArrow/temp/programming/packer-driver/targets/editor/chunks/ef/file:/D:/Works/Cocos/WxMiniGames/MiniGameArrow/assets/scripts/Game/CommonGame/ui/GamePanel.ts:242:18)
    at onComplete (file:///D:/Works/Cocos/WxMiniGames/MiniGameArrow/temp/programming/packer-driver/targets/editor/chunks/ef/file:/D:/Works/Cocos/WxMiniGames/MiniGameArrow/assets/scripts/Game/CommonGame/ui/GamePanel.ts:373:35)
    at callback (file:///D:/Works/Cocos/WxMiniGames/MiniGameArrow/temp/programming/packer-driver/targets/editor/chunks/ef/file:/D:/Works/Cocos/WxMiniGames/MiniGameArrow/assets/scripts/Game/CommonGame/ui/GamePanel.ts:396:17)
    at file:///D:/Works/Cocos/WxMiniGames/MiniGameArrow/temp/programming/packer-driver/targets/editor/chunks/4b/file:/D:/Works/Cocos/WxMiniGames/MiniGameArrow/assets/scripts/engine/ResManager.ts:83:17
    at eval (C:\ProgramData\cocos\editors\Creator\3.8.8\resources\resources\3d\engine\bin\.cache\dev\editor\bundled\index.js:141562:9)
    at eval (C:\ProgramData\cocos\editors\Creator\3.8.8\resources\resources\3d\engine\bin\.cache\dev\editor\bundled\index.js:167821:9)
    at sentryWrapped (C:\ProgramData\cocos\editors\Creator\3.8.8\resources\app.asar\node_modules\@sentry\browser\src\helpers.ts:116:17)
2026-8-4 14:16:44 - warn: [PreviewInEditor] GamePanel: 关卡 8 第 5 只小羊配置无效 { row: 10, col: 3, direction: 'Right', type: 'normal' }Error: [PreviewInEditor] GamePanel: 关卡 8 第 5 只小羊配置无效 { row: 10, col: 3, direction: 'Right', type: 'normal' }
    at console.warn (C:\ProgramData\cocos\editors\Creator\3.8.8\resources\app.asar\node_modules\@sentry\core\src\utils-hoist\instrument\console.ts:40:14)
    at forEach (file:///D:/Works/Cocos/WxMiniGames/MiniGameArrow/temp/programming/packer-driver/targets/editor/chunks/ef/file:/D:/Works/Cocos/WxMiniGames/MiniGameArrow/assets/scripts/Game/CommonGame/ui/GamePanel.ts:483:25)
    at Array.forEach (<anonymous>)
    at GamePanel.createSheepByLevelConfig (file:///D:/Works/Cocos/WxMiniGames/MiniGameArrow/temp/programming/packer-driver/targets/editor/chunks/ef/file:/D:/Works/Cocos/WxMiniGames/MiniGameArrow/assets/scripts/Game/CommonGame/ui/GamePanel.ts:479:25)
    at GamePanel.startLevel (file:///D:/Works/Cocos/WxMiniGames/MiniGameArrow/temp/programming/packer-driver/targets/editor/chunks/ef/file:/D:/Works/Cocos/WxMiniGames/MiniGameArrow/assets/scripts/Game/CommonGame/ui/GamePanel.ts:422:14)
    at onComplete (file:///D:/Works/Cocos/WxMiniGames/MiniGameArrow/temp/programming/packer-driver/targets/editor/chunks/ef/file:/D:/Works/Cocos/WxMiniGames/MiniGameArrow/assets/scripts/Game/CommonGame/ui/GamePanel.ts:242:18)
    at onComplete (file:///D:/Works/Cocos/WxMiniGames/MiniGameArrow/temp/programming/packer-driver/targets/editor/chunks/ef/file:/D:/Works/Cocos/WxMiniGames/MiniGameArrow/assets/scripts/Game/CommonGame/ui/GamePanel.ts:373:35)
    at callback (file:///D:/Works/Cocos/WxMiniGames/MiniGameArrow/temp/programming/packer-driver/targets/editor/chunks/ef/file:/D:/Works/Cocos/WxMiniGames/MiniGameArrow/assets/scripts/Game/CommonGame/ui/GamePanel.ts:396:17)
    at file:///D:/Works/Cocos/WxMiniGames/MiniGameArrow/temp/programming/packer-driver/targets/editor/chunks/4b/file:/D:/Works/Cocos/WxMiniGames/MiniGameArrow/assets/scripts/engine/ResManager.ts:83:17
    at eval (C:\ProgramData\cocos\editors\Creator\3.8.8\resources\resources\3d\engine\bin\.cache\dev\editor\bundled\index.js:141562:9)
    at eval (C:\ProgramData\cocos\editors\Creator\3.8.8\resources\resources\3d\engine\bin\.cache\dev\editor\bundled\index.js:167821:9)
    at sentryWrapped (C:\ProgramData\cocos\editors\Creator\3.8.8\resources\app.asar\node_modules\@sentry\browser\src\helpers.ts:116:17)
2026-8-4 14:16:44 - warn: [PreviewInEditor] GamePanel: 关卡 8 第 6 只小羊配置无效 { row: 9, col: 2, direction: 'Right', type: 'normal' }Error: [PreviewInEditor] GamePanel: 关卡 8 第 6 只小羊配置无效 { row: 9, col: 2, direction: 'Right', type: 'normal' }
    at console.warn (C:\ProgramData\cocos\editors\Creator\3.8.8\resources\app.asar\node_modules\@sentry\core\src\utils-hoist\instrument\console.ts:40:14)
    at forEach (file:///D:/Works/Cocos/WxMiniGames/MiniGameArrow/temp/programming/packer-driver/targets/editor/chunks/ef/file:/D:/Works/Cocos/WxMiniGames/MiniGameArrow/assets/scripts/Game/CommonGame/ui/GamePanel.ts:483:25)
    at Array.forEach (<anonymous>)
    at GamePanel.createSheepByLevelConfig (file:///D:/Works/Cocos/WxMiniGames/MiniGameArrow/temp/programming/packer-driver/targets/editor/chunks/ef/file:/D:/Works/Cocos/WxMiniGames/MiniGameArrow/assets/scripts/Game/CommonGame/ui/GamePanel.ts:479:25)
    at GamePanel.startLevel (file:///D:/Works/Cocos/WxMiniGames/MiniGameArrow/temp/programming/packer-driver/targets/editor/chunks/ef/file:/D:/Works/Cocos/WxMiniGames/MiniGameArrow/assets/scripts/Game/CommonGame/ui/GamePanel.ts:422:14)
    at onComplete (file:///D:/Works/Cocos/WxMiniGames/MiniGameArrow/temp/programming/packer-driver/targets/editor/chunks/ef/file:/D:/Works/Cocos/WxMiniGames/MiniGameArrow/assets/scripts/Game/CommonGame/ui/GamePanel.ts:242:18)
    at onComplete (file:///D:/Works/Cocos/WxMiniGames/MiniGameArrow/temp/programming/packer-driver/targets/editor/chunks/ef/file:/D:/Works/Cocos/WxMiniGames/MiniGameArrow/assets/scripts/Game/CommonGame/ui/GamePanel.ts:373:35)
    at callback (file:///D:/Works/Cocos/WxMiniGames/MiniGameArrow/temp/programming/packer-driver/targets/editor/chunks/ef/file:/D:/Works/Cocos/WxMiniGames/MiniGameArrow/assets/scripts/Game/CommonGame/ui/GamePanel.ts:396:17)
    at file:///D:/Works/Cocos/WxMiniGames/MiniGameArrow/temp/programming/packer-driver/targets/editor/chunks/4b/file:/D:/Works/Cocos/WxMiniGames/MiniGameArrow/assets/scripts/engine/ResManager.ts:83:17
    at eval (C:\ProgramData\cocos\editors\Creator\3.8.8\resources\resources\3d\engine\bin\.cache\dev\editor\bundled\index.js:141562:9)
    at eval (C:\ProgramData\cocos\editors\Creator\3.8.8\resources\resources\3d\engine\bin\.cache\dev\editor\bundled\index.js:167821:9)
    at sentryWrapped (C:\ProgramData\cocos\editors\Creator\3.8.8\resources\app.asar\node_modules\@sentry\browser\src\helpers.ts:116:17)
2026-8-4 14:16:44 - warn: [PreviewInEditor] GamePanel: 关卡 8 第 7 只小羊配置无效 { row: 8, col: 7, direction: 'Left', type: 'black' }Error: [PreviewInEditor] GamePanel: 关卡 8 第 7 只小羊配置无效 { row: 8, col: 7, direction: 'Left', type: 'black' }
    at console.warn (C:\ProgramData\cocos\editors\Creator\3.8.8\resources\app.asar\node_modules\@sentry\core\src\utils-hoist\instrument\console.ts:40:14)
    at forEach (file:///D:/Works/Cocos/WxMiniGames/MiniGameArrow/temp/programming/packer-driver/targets/editor/chunks/ef/file:/D:/Works/Cocos/WxMiniGames/MiniGameArrow/assets/scripts/Game/CommonGame/ui/GamePanel.ts:483:25)
    at Array.forEach (<anonymous>)
    at GamePanel.createSheepByLevelConfig (file:///D:/Works/Cocos/WxMiniGames/MiniGameArrow/temp/programming/packer-driver/targets/editor/chunks/ef/file:/D:/Works/Cocos/WxMiniGames/MiniGameArrow/assets/scripts/Game/CommonGame/ui/GamePanel.ts:479:25)
    at GamePanel.startLevel (file:///D:/Works/Cocos/WxMiniGames/MiniGameArrow/temp/programming/packer-driver/targets/editor/chunks/ef/file:/D:/Works/Cocos/WxMiniGames/MiniGameArrow/assets/scripts/Game/CommonGame/ui/GamePanel.ts:422:14)
    at onComplete (file:///D:/Works/Cocos/WxMiniGames/MiniGameArrow/temp/programming/packer-driver/targets/editor/chunks/ef/file:/D:/Works/Cocos/WxMiniGames/MiniGameArrow/assets/scripts/Game/CommonGame/ui/GamePanel.ts:242:18)
    at onComplete (file:///D:/Works/Cocos/WxMiniGames/MiniGameArrow/temp/programming/packer-driver/targets/editor/chunks/ef/file:/D:/Works/Cocos/WxMiniGames/MiniGameArrow/assets/scripts/Game/CommonGame/ui/GamePanel.ts:373:35)
    at callback (file:///D:/Works/Cocos/WxMiniGames/MiniGameArrow/temp/programming/packer-driver/targets/editor/chunks/ef/file:/D:/Works/Cocos/WxMiniGames/MiniGameArrow/assets/scripts/Game/CommonGame/ui/GamePanel.ts:396:17)
    at file:///D:/Works/Cocos/WxMiniGames/MiniGameArrow/temp/programming/packer-driver/targets/editor/chunks/4b/file:/D:/Works/Cocos/WxMiniGames/MiniGameArrow/assets/scripts/engine/ResManager.ts:83:17
    at eval (C:\ProgramData\cocos\editors\Creator\3.8.8\resources\resources\3d\engine\bin\.cache\dev\editor\bundled\index.js:141562:9)
    at eval (C:\ProgramData\cocos\editors\Creator\3.8.8\resources\resources\3d\engine\bin\.cache\dev\editor\bundled\index.js:167821:9)
    at sentryWrapped (C:\ProgramData\cocos\editors\Creator\3.8.8\resources\app.asar\node_modules\@sentry\browser\src\helpers.ts:116:17)
2026-8-4 14:16:44 - warn: [PreviewInEditor] GamePanel: 关卡 8 第 8 只小羊配置无效 { row: 7, col: 6, direction: 'Left', type: 'normal' }Error: [PreviewInEditor] GamePanel: 关卡 8 第 8 只小羊配置无效 { row: 7, col: 6, direction: 'Left', type: 'normal' }
    at console.warn (C:\ProgramData\cocos\editors\Creator\3.8.8\resources\app.asar\node_modules\@sentry\core\src\utils-hoist\instrument\console.ts:40:14)
    at forEach (file:///D:/Works/Cocos/WxMiniGames/MiniGameArrow/temp/programming/packer-driver/targets/editor/chunks/ef/file:/D:/Works/Cocos/WxMiniGames/MiniGameArrow/assets/scripts/Game/CommonGame/ui/GamePanel.ts:483:25)
    at Array.forEach (<anonymous>)
    at GamePanel.createSheepByLevelConfig (file:///D:/Works/Cocos/WxMiniGames/MiniGameArrow/temp/programming/packer-driver/targets/editor/chunks/ef/file:/D:/Works/Cocos/WxMiniGames/MiniGameArrow/assets/scripts/Game/CommonGame/ui/GamePanel.ts:479:25)
    at GamePanel.startLevel (file:///D:/Works/Cocos/WxMiniGames/MiniGameArrow/temp/programming/packer-driver/targets/editor/chunks/ef/file:/D:/Works/Cocos/WxMiniGames/MiniGameArrow/assets/scripts/Game/CommonGame/ui/GamePanel.ts:422:14)
    at onComplete (file:///D:/Works/Cocos/WxMiniGames/MiniGameArrow/temp/programming/packer-driver/targets/editor/chunks/ef/file:/D:/Works/Cocos/WxMiniGames/MiniGameArrow/assets/scripts/Game/CommonGame/ui/GamePanel.ts:242:18)
    at onComplete (file:///D:/Works/Cocos/WxMiniGames/MiniGameArrow/temp/programming/packer-driver/targets/editor/chunks/ef/file:/D:/Works/Cocos/WxMiniGames/MiniGameArrow/assets/scripts/Game/CommonGame/ui/GamePanel.ts:373:35)
    at callback (file:///D:/Works/Cocos/WxMiniGames/MiniGameArrow/temp/programming/packer-driver/targets/editor/chunks/ef/file:/D:/Works/Cocos/WxMiniGames/MiniGameArrow/assets/scripts/Game/CommonGame/ui/GamePanel.ts:396:17)
    at file:///D:/Works/Cocos/WxMiniGames/MiniGameArrow/temp/programming/packer-driver/targets/editor/chunks/4b/file:/D:/Works/Cocos/WxMiniGames/MiniGameArrow/assets/scripts/engine/ResManager.ts:83:17
    at eval (C:\ProgramData\cocos\editors\Creator\3.8.8\resources\resources\3d\engine\bin\.cache\dev\editor\bundled\index.js:141562:9)
    at eval (C:\ProgramData\cocos\editors\Creator\3.8.8\resources\resources\3d\engine\bin\.cache\dev\editor\bundled\index.js:167821:9)
    at sentryWrapped (C:\ProgramData\cocos\editors\Creator\3.8.8\resources\app.asar\node_modules\@sentry\browser\src\helpers.ts:116:17)
2026-8-4 14:16:44 - warn: [PreviewInEditor] GamePanel: 关卡 8 第 9 只小羊配置无效 { row: 11, col: 6, direction: 'Up', type: 'normal' }Error: [PreviewInEditor] GamePanel: 关卡 8 第 9 只小羊配置无效 { row: 11, col: 6, direction: 'Up', type: 'normal' }
    at console.warn (C:\ProgramData\cocos\editors\Creator\3.8.8\resources\app.asar\node_modules\@sentry\core\src\utils-hoist\instrument\console.ts:40:14)
    at forEach (file:///D:/Works/Cocos/WxMiniGames/MiniGameArrow/temp/programming/packer-driver/targets/editor/chunks/ef/file:/D:/Works/Cocos/WxMiniGames/MiniGameArrow/assets/scripts/Game/CommonGame/ui/GamePanel.ts:483:25)
    at Array.forEach (<anonymous>)
    at GamePanel.createSheepByLevelConfig (file:///D:/Works/Cocos/WxMiniGames/MiniGameArrow/temp/programming/packer-driver/targets/editor/chunks/ef/file:/D:/Works/Cocos/WxMiniGames/MiniGameArrow/assets/scripts/Game/CommonGame/ui/GamePanel.ts:479:25)
    at GamePanel.startLevel (file:///D:/Works/Cocos/WxMiniGames/MiniGameArrow/temp/programming/packer-driver/targets/editor/chunks/ef/file:/D:/Works/Cocos/WxMiniGames/MiniGameArrow/assets/scripts/Game/CommonGame/ui/GamePanel.ts:422:14)
    at onComplete (file:///D:/Works/Cocos/WxMiniGames/MiniGameArrow/temp/programming/packer-driver/targets/editor/chunks/ef/file:/D:/Works/Cocos/WxMiniGames/MiniGameArrow/assets/scripts/Game/CommonGame/ui/GamePanel.ts:242:18)
    at onComplete (file:///D:/Works/Cocos/WxMiniGames/MiniGameArrow/temp/programming/packer-driver/targets/editor/chunks/ef/file:/D:/Works/Cocos/WxMiniGames/MiniGameArrow/assets/scripts/Game/CommonGame/ui/GamePanel.ts:373:35)
    at callback (file:///D:/Works/Cocos/WxMiniGames/MiniGameArrow/temp/programming/packer-driver/targets/editor/chunks/ef/file:/D:/Works/Cocos/WxMiniGames/MiniGameArrow/assets/scripts/Game/CommonGame/ui/GamePanel.ts:396:17)
    at file:///D:/Works/Cocos/WxMiniGames/MiniGameArrow/temp/programming/packer-driver/targets/editor/chunks/4b/file:/D:/Works/Cocos/WxMiniGames/MiniGameArrow/assets/scripts/engine/ResManager.ts:83:17
    at eval (C:\ProgramData\cocos\editors\Creator\3.8.8\resources\resources\3d\engine\bin\.cache\dev\editor\bundled\index.js:141562:9)
    at eval (C:\ProgramData\cocos\editors\Creator\3.8.8\resources\resources\3d\engine\bin\.cache\dev\editor\bundled\index.js:167821:9)
    at sentryWrapped (C:\ProgramData\cocos\editors\Creator\3.8.8\resources\app.asar\node_modules\@sentry\browser\src\helpers.ts:116:17)
2026-8-4 14:16:44 - warn: [PreviewInEditor] GamePanel: 关卡 8 第 10 只小羊配置无效 { row: 13, col: 6, direction: 'Up', type: 'normal' }Error: [PreviewInEditor] GamePanel: 关卡 8 第 10 只小羊配置无效 { row: 13, col: 6, direction: 'Up', type: 'normal' }
    at console.warn (C:\ProgramData\cocos\editors\Creator\3.8.8\resources\app.asar\node_modules\@sentry\core\src\utils-hoist\instrument\console.ts:40:14)
    at forEach (file:///D:/Works/Cocos/WxMiniGames/MiniGameArrow/temp/programming/packer-driver/targets/editor/chunks/ef/file:/D:/Works/Cocos/WxMiniGames/MiniGameArrow/assets/scripts/Game/CommonGame/ui/GamePanel.ts:483:25)
    at Array.forEach (<anonymous>)
    at GamePanel.createSheepByLevelConfig (file:///D:/Works/Cocos/WxMiniGames/MiniGameArrow/temp/programming/packer-driver/targets/editor/chunks/ef/file:/D:/Works/Cocos/WxMiniGames/MiniGameArrow/assets/scripts/Game/CommonGame/ui/GamePanel.ts:479:25)
    at GamePanel.startLevel (file:///D:/Works/Cocos/WxMiniGames/MiniGameArrow/temp/programming/packer-driver/targets/editor/chunks/ef/file:/D:/Works/Cocos/WxMiniGames/MiniGameArrow/assets/scripts/Game/CommonGame/ui/GamePanel.ts:422:14)
    at onComplete (file:///D:/Works/Cocos/WxMiniGames/MiniGameArrow/temp/programming/packer-driver/targets/editor/chunks/ef/file:/D:/Works/Cocos/WxMiniGames/MiniGameArrow/assets/scripts/Game/CommonGame/ui/GamePanel.ts:242:18)
    at onComplete (file:///D:/Works/Cocos/WxMiniGames/MiniGameArrow/temp/programming/packer-driver/targets/editor/chunks/ef/file:/D:/Works/Cocos/WxMiniGames/MiniGameArrow/assets/scripts/Game/CommonGame/ui/GamePanel.ts:373:35)
    at callback (file:///D:/Works/Cocos/WxMiniGames/MiniGameArrow/temp/programming/packer-driver/targets/editor/chunks/ef/file:/D:/Works/Cocos/WxMiniGames/MiniGameArrow/assets/scripts/Game/CommonGame/ui/GamePanel.ts:396:17)
    at file:///D:/Works/Cocos/WxMiniGames/MiniGameArrow/temp/programming/packer-driver/targets/editor/chunks/4b/file:/D:/Works/Cocos/WxMiniGames/MiniGameArrow/assets/scripts/engine/ResManager.ts:83:17
    at eval (C:\ProgramData\cocos\editors\Creator\3.8.8\resources\resources\3d\engine\bin\.cache\dev\editor\bundled\index.js:141562:9)
    at eval (C:\ProgramData\cocos\editors\Creator\3.8.8\resources\resources\3d\engine\bin\.cache\dev\editor\bundled\index.js:167821:9)
    at sentryWrapped (C:\ProgramData\cocos\editors\Creator\3.8.8\resources\app.asar\node_modules\@sentry\browser\src\helpers.ts:116:17)
2026-8-4 14:16:44 - warn: [PreviewInEditor] GamePanel: 关卡 8 第 11 只小羊配置无效 { row: 5, col: 5, direction: 'Down', type: 'normal' }Error: [PreviewInEditor] GamePanel: 关卡 8 第 11 只小羊配置无效 { row: 5, col: 5, direction: 'Down', type: 'normal' }
    at console.warn (C:\ProgramData\cocos\editors\Creator\3.8.8\resources\app.asar\node_modules\@sentry\core\src\utils-hoist\instrument\console.ts:40:14)
    at forEach (file:///D:/Works/Cocos/WxMiniGames/MiniGameArrow/temp/programming/packer-driver/targets/editor/chunks/ef/file:/D:/Works/Cocos/WxMiniGames/MiniGameArrow/assets/scripts/Game/CommonGame/ui/GamePanel.ts:483:25)
    at Array.forEach (<anonymous>)
    at GamePanel.createSheepByLevelConfig (file:///D:/Works/Cocos/WxMiniGames/MiniGameArrow/temp/programming/packer-driver/targets/editor/chunks/ef/file:/D:/Works/Cocos/WxMiniGames/MiniGameArrow/assets/scripts/Game/CommonGame/ui/GamePanel.ts:479:25)
    at GamePanel.startLevel (file:///D:/Works/Cocos/WxMiniGames/MiniGameArrow/temp/programming/packer-driver/targets/editor/chunks/ef/file:/D:/Works/Cocos/WxMiniGames/MiniGameArrow/assets/scripts/Game/CommonGame/ui/GamePanel.ts:422:14)
    at onComplete (file:///D:/Works/Cocos/WxMiniGames/MiniGameArrow/temp/programming/packer-driver/targets/editor/chunks/ef/file:/D:/Works/Cocos/WxMiniGames/MiniGameArrow/assets/scripts/Game/CommonGame/ui/GamePanel.ts:242:18)
    at onComplete (file:///D:/Works/Cocos/WxMiniGames/MiniGameArrow/temp/programming/packer-driver/targets/editor/chunks/ef/file:/D:/Works/Cocos/WxMiniGames/MiniGameArrow/assets/scripts/Game/CommonGame/ui/GamePanel.ts:373:35)
    at callback (file:///D:/Works/Cocos/WxMiniGames/MiniGameArrow/temp/programming/packer-driver/targets/editor/chunks/ef/file:/D:/Works/Cocos/WxMiniGames/MiniGameArrow/assets/scripts/Game/CommonGame/ui/GamePanel.ts:396:17)
    at file:///D:/Works/Cocos/WxMiniGames/MiniGameArrow/temp/programming/packer-driver/targets/editor/chunks/4b/file:/D:/Works/Cocos/WxMiniGames/MiniGameArrow/assets/scripts/engine/ResManager.ts:83:17
    at eval (C:\ProgramData\cocos\editors\Creator\3.8.8\resources\resources\3d\engine\bin\.cache\dev\editor\bundled\index.js:141562:9)
    at eval (C:\ProgramData\cocos\editors\Creator\3.8.8\resources\resources\3d\engine\bin\.cache\dev\editor\bundled\index.js:167821:9)
    at sentryWrapped (C:\ProgramData\cocos\editors\Creator\3.8.8\resources\app.asar\node_modules\@sentry\browser\src\helpers.ts:116:17)
2026-8-4 14:16:44 - warn: [PreviewInEditor] GamePanel: 关卡 8 第 12 只小羊配置无效 { row: 11, col: 8, direction: 'Up', type: 'normal' }Error: [PreviewInEditor] GamePanel: 关卡 8 第 12 只小羊配置无效 { row: 11, col: 8, direction: 'Up', type: 'normal' }
    at console.warn (C:\ProgramData\cocos\editors\Creator\3.8.8\resources\app.asar\node_modules\@sentry\core\src\utils-hoist\instrument\console.ts:40:14)
    at forEach (file:///D:/Works/Cocos/WxMiniGames/MiniGameArrow/temp/programming/packer-driver/targets/editor/chunks/ef/file:/D:/Works/Cocos/WxMiniGames/MiniGameArrow/assets/scripts/Game/CommonGame/ui/GamePanel.ts:483:25)
    at Array.forEach (<anonymous>)
    at GamePanel.createSheepByLevelConfig (file:///D:/Works/Cocos/WxMiniGames/MiniGameArrow/temp/programming/packer-driver/targets/editor/chunks/ef/file:/D:/Works/Cocos/WxMiniGames/MiniGameArrow/assets/scripts/Game/CommonGame/ui/GamePanel.ts:479:25)
    at GamePanel.startLevel (file:///D:/Works/Cocos/WxMiniGames/MiniGameArrow/temp/programming/packer-driver/targets/editor/chunks/ef/file:/D:/Works/Cocos/WxMiniGames/MiniGameArrow/assets/scripts/Game/CommonGame/ui/GamePanel.ts:422:14)
    at onComplete (file:///D:/Works/Cocos/WxMiniGames/MiniGameArrow/temp/programming/packer-driver/targets/editor/chunks/ef/file:/D:/Works/Cocos/WxMiniGames/MiniGameArrow/assets/scripts/Game/CommonGame/ui/GamePanel.ts:242:18)
    at onComplete (file:///D:/Works/Cocos/WxMiniGames/MiniGameArrow/temp/programming/packer-driver/targets/editor/chunks/ef/file:/D:/Works/Cocos/WxMiniGames/MiniGameArrow/assets/scripts/Game/CommonGame/ui/GamePanel.ts:373:35)
    at callback (file:///D:/Works/Cocos/WxMiniGames/MiniGameArrow/temp/programming/packer-driver/targets/editor/chunks/ef/file:/D:/Works/Cocos/WxMiniGames/MiniGameArrow/assets/scripts/Game/CommonGame/ui/GamePanel.ts:396:17)
    at file:///D:/Works/Cocos/WxMiniGames/MiniGameArrow/temp/programming/packer-driver/targets/editor/chunks/4b/file:/D:/Works/Cocos/WxMiniGames/MiniGameArrow/assets/scripts/engine/ResManager.ts:83:17
    at eval (C:\ProgramData\cocos\editors\Creator\3.8.8\resources\resources\3d\engine\bin\.cache\dev\editor\bundled\index.js:141562:9)
    at eval (C:\ProgramData\cocos\editors\Creator\3.8.8\resources\resources\3d\engine\bin\.cache\dev\editor\bundled\index.js:167821:9)
    at sentryWrapped (C:\ProgramData\cocos\editors\Creator\3.8.8\resources\app.asar\node_modules\@sentry\browser\src\helpers.ts:116:17)
2026-8-4 14:16:44 - warn: [PreviewInEditor] GamePanel: 关卡 8 第 13 只小羊配置无效 { row: 12, col: 3, direction: 'Right', type: 'black' }Error: [PreviewInEditor] GamePanel: 关卡 8 第 13 只小羊配置无效 { row: 12, col: 3, direction: 'Right', type: 'black' }
    at console.warn (C:\ProgramData\cocos\editors\Creator\3.8.8\resources\app.asar\node_modules\@sentry\core\src\utils-hoist\instrument\console.ts:40:14)
    at forEach (file:///D:/Works/Cocos/WxMiniGames/MiniGameArrow/temp/programming/packer-driver/targets/editor/chunks/ef/file:/D:/Works/Cocos/WxMiniGames/MiniGameArrow/assets/scripts/Game/CommonGame/ui/GamePanel.ts:483:25)
    at Array.forEach (<anonymous>)
    at GamePanel.createSheepByLevelConfig (file:///D:/Works/Cocos/WxMiniGames/MiniGameArrow/temp/programming/packer-driver/targets/editor/chunks/ef/file:/D:/Works/Cocos/WxMiniGames/MiniGameArrow/assets/scripts/Game/CommonGame/ui/GamePanel.ts:479:25)
    at GamePanel.startLevel (file:///D:/Works/Cocos/WxMiniGames/MiniGameArrow/temp/programming/packer-driver/targets/editor/chunks/ef/file:/D:/Works/Cocos/WxMiniGames/MiniGameArrow/assets/scripts/Game/CommonGame/ui/GamePanel.ts:422:14)
    at onComplete (file:///D:/Works/Cocos/WxMiniGames/MiniGameArrow/temp/programming/packer-driver/targets/editor/chunks/ef/file:/D:/Works/Cocos/WxMiniGames/MiniGameArrow/assets/scripts/Game/CommonGame/ui/GamePanel.ts:242:18)
    at onComplete (file:///D:/Works/Cocos/WxMiniGames/MiniGameArrow/temp/programming/packer-driver/targets/editor/chunks/ef/file:/D:/Works/Cocos/WxMiniGames/MiniGameArrow/assets/scripts/Game/CommonGame/ui/GamePanel.ts:373:35)
    at callback (file:///D:/Works/Cocos/WxMiniGames/MiniGameArrow/temp/programming/packer-driver/targets/editor/chunks/ef/file:/D:/Works/Cocos/WxMiniGames/MiniGameArrow/assets/scripts/Game/CommonGame/ui/GamePanel.ts:396:17)
    at file:///D:/Works/Cocos/WxMiniGames/MiniGameArrow/temp/programming/packer-driver/targets/editor/chunks/4b/file:/D:/Works/Cocos/WxMiniGames/MiniGameArrow/assets/scripts/engine/ResManager.ts:83:17
    at eval (C:\ProgramData\cocos\editors\Creator\3.8.8\resources\resources\3d\engine\bin\.cache\dev\editor\bundled\index.js:141562:9)
    at eval (C:\ProgramData\cocos\editors\Creator\3.8.8\resources\resources\3d\engine\bin\.cache\dev\editor\bundled\index.js:167821:9)
    at sentryWrapped (C:\ProgramData\cocos\editors\Creator\3.8.8\resources\app.asar\node_modules\@sentry\browser\src\helpers.ts:116:17)
2026-8-4 14:16:44 - warn: [PreviewInEditor] GamePanel: 关卡 8 第 14 只小羊配置无效 { row: 11, col: 9, direction: 'Left', type: 'normal' }Error: [PreviewInEditor] GamePanel: 关卡 8 第 14 只小羊配置无效 { row: 11, col: 9, direction: 'Left', type: 'normal' }
    at console.warn (C:\ProgramData\cocos\editors\Creator\3.8.8\resources\app.asar\node_modules\@sentry\core\src\utils-hoist\instrument\console.ts:40:14)
    at forEach (file:///D:/Works/Cocos/WxMiniGames/MiniGameArrow/temp/programming/packer-driver/targets/editor/chunks/ef/file:/D:/Works/Cocos/WxMiniGames/MiniGameArrow/assets/scripts/Game/CommonGame/ui/GamePanel.ts:483:25)
    at Array.forEach (<anonymous>)
    at GamePanel.createSheepByLevelConfig (file:///D:/Works/Cocos/WxMiniGames/MiniGameArrow/temp/programming/packer-driver/targets/editor/chunks/ef/file:/D:/Works/Cocos/WxMiniGames/MiniGameArrow/assets/scripts/Game/CommonGame/ui/GamePanel.ts:479:25)
    at GamePanel.startLevel (file:///D:/Works/Cocos/WxMiniGames/MiniGameArrow/temp/programming/packer-driver/targets/editor/chunks/ef/file:/D:/Works/Cocos/WxMiniGames/MiniGameArrow/assets/scripts/Game/CommonGame/ui/GamePanel.ts:422:14)
    at onComplete (file:///D:/Works/Cocos/WxMiniGames/MiniGameArrow/temp/programming/packer-driver/targets/editor/chunks/ef/file:/D:/Works/Cocos/WxMiniGames/MiniGameArrow/assets/scripts/Game/CommonGame/ui/GamePanel.ts:242:18)
    at onComplete (file:///D:/Works/Cocos/WxMiniGames/MiniGameArrow/temp/programming/packer-driver/targets/editor/chunks/ef/file:/D:/Works/Cocos/WxMiniGames/MiniGameArrow/assets/scripts/Game/CommonGame/ui/GamePanel.ts:373:35)
    at callback (file:///D:/Works/Cocos/WxMiniGames/MiniGameArrow/temp/programming/packer-driver/targets/editor/chunks/ef/file:/D:/Works/Cocos/WxMiniGames/MiniGameArrow/assets/scripts/Game/CommonGame/ui/GamePanel.ts:396:17)
    at file:///D:/Works/Cocos/WxMiniGames/MiniGameArrow/temp/programming/packer-driver/targets/editor/chunks/4b/file:/D:/Works/Cocos/WxMiniGames/MiniGameArrow/assets/scripts/engine/ResManager.ts:83:17
    at eval (C:\ProgramData\cocos\editors\Creator\3.8.8\resources\resources\3d\engine\bin\.cache\dev\editor\bundled\index.js:141562:9)
    at eval (C:\ProgramData\cocos\editors\Creator\3.8.8\resources\resources\3d\engine\bin\.cache\dev\editor\bundled\index.js:167821:9)
    at sentryWrapped (C:\ProgramData\cocos\editors\Creator\3.8.8\resources\app.asar\node_modules\@sentry\browser\src\helpers.ts:116:17)
2026-8-4 14:16:44 - warn: [PreviewInEditor] GamePanel: 关卡 8 第 15 只小羊配置无效 { row: 13, col: 7, direction: 'Up', type: 'black' }Error: [PreviewInEditor] GamePanel: 关卡 8 第 15 只小羊配置无效 { row: 13, col: 7, direction: 'Up', type: 'black' }
    at console.warn (C:\ProgramData\cocos\editors\Creator\3.8.8\resources\app.asar\node_modules\@sentry\core\src\utils-hoist\instrument\console.ts:40:14)
    at forEach (file:///D:/Works/Cocos/WxMiniGames/MiniGameArrow/temp/programming/packer-driver/targets/editor/chunks/ef/file:/D:/Works/Cocos/WxMiniGames/MiniGameArrow/assets/scripts/Game/CommonGame/ui/GamePanel.ts:483:25)
    at Array.forEach (<anonymous>)
    at GamePanel.createSheepByLevelConfig (file:///D:/Works/Cocos/WxMiniGames/MiniGameArrow/temp/programming/packer-driver/targets/editor/chunks/ef/file:/D:/Works/Cocos/WxMiniGames/MiniGameArrow/assets/scripts/Game/CommonGame/ui/GamePanel.ts:479:25)
    at GamePanel.startLevel (file:///D:/Works/Cocos/WxMiniGames/MiniGameArrow/temp/programming/packer-driver/targets/editor/chunks/ef/file:/D:/Works/Cocos/WxMiniGames/MiniGameArrow/assets/scripts/Game/CommonGame/ui/GamePanel.ts:422:14)
    at onComplete (file:///D:/Works/Cocos/WxMiniGames/MiniGameArrow/temp/programming/packer-driver/targets/editor/chunks/ef/file:/D:/Works/Cocos/WxMiniGames/MiniGameArrow/assets/scripts/Game/CommonGame/ui/GamePanel.ts:242:18)
    at onComplete (file:///D:/Works/Cocos/WxMiniGames/MiniGameArrow/temp/programming/packer-driver/targets/editor/chunks/ef/file:/D:/Works/Cocos/WxMiniGames/MiniGameArrow/assets/scripts/Game/CommonGame/ui/GamePanel.ts:373:35)
    at callback (file:///D:/Works/Cocos/WxMiniGames/MiniGameArrow/temp/programming/packer-driver/targets/editor/chunks/ef/file:/D:/Works/Cocos/WxMiniGames/MiniGameArrow/assets/scripts/Game/CommonGame/ui/GamePanel.ts:396:17)
    at file:///D:/Works/Cocos/WxMiniGames/MiniGameArrow/temp/programming/packer-driver/targets/editor/chunks/4b/file:/D:/Works/Cocos/WxMiniGames/MiniGameArrow/assets/scripts/engine/ResManager.ts:83:17
    at eval (C:\ProgramData\cocos\editors\Creator\3.8.8\resources\resources\3d\engine\bin\.cache\dev\editor\bundled\index.js:141562:9)
    at eval (C:\ProgramData\cocos\editors\Creator\3.8.8\resources\resources\3d\engine\bin\.cache\dev\editor\bundled\index.js:167821:9)
    at sentryWrapped (C:\ProgramData\cocos\editors\Creator\3.8.8\resources\app.asar\node_modules\@sentry\browser\src\helpers.ts:116:17)
2026-8-4 14:16:44 - warn: [PreviewInEditor] GamePanel: 关卡 8 第 16 只小羊配置无效 { row: 7, col: 9, direction: 'Left', type: 'normal' }Error: [PreviewInEditor] GamePanel: 关卡 8 第 16 只小羊配置无效 { row: 7, col: 9, direction: 'Left', type: 'normal' }
    at console.warn (C:\ProgramData\cocos\editors\Creator\3.8.8\resources\app.asar\node_modules\@sentry\core\src\utils-hoist\instrument\console.ts:40:14)
    at forEach (file:///D:/Works/Cocos/WxMiniGames/MiniGameArrow/temp/programming/packer-driver/targets/editor/chunks/ef/file:/D:/Works/Cocos/WxMiniGames/MiniGameArrow/assets/scripts/Game/CommonGame/ui/GamePanel.ts:483:25)
    at Array.forEach (<anonymous>)
    at GamePanel.createSheepByLevelConfig (file:///D:/Works/Cocos/WxMiniGames/MiniGameArrow/temp/programming/packer-driver/targets/editor/chunks/ef/file:/D:/Works/Cocos/WxMiniGames/MiniGameArrow/assets/scripts/Game/CommonGame/ui/GamePanel.ts:479:25)
    at GamePanel.startLevel (file:///D:/Works/Cocos/WxMiniGames/MiniGameArrow/temp/programming/packer-driver/targets/editor/chunks/ef/file:/D:/Works/Cocos/WxMiniGames/MiniGameArrow/assets/scripts/Game/CommonGame/ui/GamePanel.ts:422:14)
    at onComplete (file:///D:/Works/Cocos/WxMiniGames/MiniGameArrow/temp/programming/packer-driver/targets/editor/chunks/ef/file:/D:/Works/Cocos/WxMiniGames/MiniGameArrow/assets/scripts/Game/CommonGame/ui/GamePanel.ts:242:18)
    at onComplete (file:///D:/Works/Cocos/WxMiniGames/MiniGameArrow/temp/programming/packer-driver/targets/editor/chunks/ef/file:/D:/Works/Cocos/WxMiniGames/MiniGameArrow/assets/scripts/Game/CommonGame/ui/GamePanel.ts:373:35)
    at callback (file:///D:/Works/Cocos/WxMiniGames/MiniGameArrow/temp/programming/packer-driver/targets/editor/chunks/ef/file:/D:/Works/Cocos/WxMiniGames/MiniGameArrow/assets/scripts/Game/CommonGame/ui/GamePanel.ts:396:17)
    at file:///D:/Works/Cocos/WxMiniGames/MiniGameArrow/temp/programming/packer-driver/targets/editor/chunks/4b/file:/D:/Works/Cocos/WxMiniGames/MiniGameArrow/assets/scripts/engine/ResManager.ts:83:17
    at eval (C:\ProgramData\cocos\editors\Creator\3.8.8\resources\resources\3d\engine\bin\.cache\dev\editor\bundled\index.js:141562:9)
    at eval (C:\ProgramData\cocos\editors\Creator\3.8.8\resources\resources\3d\engine\bin\.cache\dev\editor\bundled\index.js:167821:9)
    at sentryWrapped (C:\ProgramData\cocos\editors\Creator\3.8.8\resources\app.asar\node_modules\@sentry\browser\src\helpers.ts:116:17)
2026-8-4 14:16:44 - warn: [PreviewInEditor] GamePanel: 关卡 8 第 17 只小羊配置无效 { row: 15, col: 6, direction: 'Up', type: 'black' }Error: [PreviewInEditor] GamePanel: 关卡 8 第 17 只小羊配置无效 { row: 15, col: 6, direction: 'Up', type: 'black' }
    at console.warn (C:\ProgramData\cocos\editors\Creator\3.8.8\resources\app.asar\node_modules\@sentry\core\src\utils-hoist\instrument\console.ts:40:14)
    at forEach (file:///D:/Works/Cocos/WxMiniGames/MiniGameArrow/temp/programming/packer-driver/targets/editor/chunks/ef/file:/D:/Works/Cocos/WxMiniGames/MiniGameArrow/assets/scripts/Game/CommonGame/ui/GamePanel.ts:483:25)
    at Array.forEach (<anonymous>)
    at GamePanel.createSheepByLevelConfig (file:///D:/Works/Cocos/WxMiniGames/MiniGameArrow/temp/programming/packer-driver/targets/editor/chunks/ef/file:/D:/Works/Cocos/WxMiniGames/MiniGameArrow/assets/scripts/Game/CommonGame/ui/GamePanel.ts:479:25)
    at GamePanel.startLevel (file:///D:/Works/Cocos/WxMiniGames/MiniGameArrow/temp/programming/packer-driver/targets/editor/chunks/ef/file:/D:/Works/Cocos/WxMiniGames/MiniGameArrow/assets/scripts/Game/CommonGame/ui/GamePanel.ts:422:14)
    at onComplete (file:///D:/Works/Cocos/WxMiniGames/MiniGameArrow/temp/programming/packer-driver/targets/editor/chunks/ef/file:/D:/Works/Cocos/WxMiniGames/MiniGameArrow/assets/scripts/Game/CommonGame/ui/GamePanel.ts:242:18)
    at onComplete (file:///D:/Works/Cocos/WxMiniGames/MiniGameArrow/temp/programming/packer-driver/targets/editor/chunks/ef/file:/D:/Works/Cocos/WxMiniGames/MiniGameArrow/assets/scripts/Game/CommonGame/ui/GamePanel.ts:373:35)
    at callback (file:///D:/Works/Cocos/WxMiniGames/MiniGameArrow/temp/programming/packer-driver/targets/editor/chunks/ef/file:/D:/Works/Cocos/WxMiniGames/MiniGameArrow/assets/scripts/Game/CommonGame/ui/GamePanel.ts:396:17)
    at file:///D:/Works/Cocos/WxMiniGames/MiniGameArrow/temp/programming/packer-driver/targets/editor/chunks/4b/file:/D:/Works/Cocos/WxMiniGames/MiniGameArrow/assets/scripts/engine/ResManager.ts:83:17
    at eval (C:\ProgramData\cocos\editors\Creator\3.8.8\resources\resources\3d\engine\bin\.cache\dev\editor\bundled\index.js:141562:9)
    at eval (C:\ProgramData\cocos\editors\Creator\3.8.8\resources\resources\3d\engine\bin\.cache\dev\editor\bundled\index.js:167821:9)
    at sentryWrapped (C:\ProgramData\cocos\editors\Creator\3.8.8\resources\app.asar\node_modules\@sentry\browser\src\helpers.ts:116:17)
2026-8-4 14:16:44 - warn: [PreviewInEditor] GamePanel: 关卡 8 第 18 只小羊配置无效 { row: 8, col: 9, direction: 'Left', type: 'black' }Error: [PreviewInEditor] GamePanel: 关卡 8 第 18 只小羊配置无效 { row: 8, col: 9, direction: 'Left', type: 'black' }
    at console.warn (C:\ProgramData\cocos\editors\Creator\3.8.8\resources\app.asar\node_modules\@sentry\core\src\utils-hoist\instrument\console.ts:40:14)
    at forEach (file:///D:/Works/Cocos/WxMiniGames/MiniGameArrow/temp/programming/packer-driver/targets/editor/chunks/ef/file:/D:/Works/Cocos/WxMiniGames/MiniGameArrow/assets/scripts/Game/CommonGame/ui/GamePanel.ts:483:25)
    at Array.forEach (<anonymous>)
    at GamePanel.createSheepByLevelConfig (file:///D:/Works/Cocos/WxMiniGames/MiniGameArrow/temp/programming/packer-driver/targets/editor/chunks/ef/file:/D:/Works/Cocos/WxMiniGames/MiniGameArrow/assets/scripts/Game/CommonGame/ui/GamePanel.ts:479:25)
    at GamePanel.startLevel (file:///D:/Works/Cocos/WxMiniGames/MiniGameArrow/temp/programming/packer-driver/targets/editor/chunks/ef/file:/D:/Works/Cocos/WxMiniGames/MiniGameArrow/assets/scripts/Game/CommonGame/ui/GamePanel.ts:422:14)
    at onComplete (file:///D:/Works/Cocos/WxMiniGames/MiniGameArrow/temp/programming/packer-driver/targets/editor/chunks/ef/file:/D:/Works/Cocos/WxMiniGames/MiniGameArrow/assets/scripts/Game/CommonGame/ui/GamePanel.ts:242:18)
    at onComplete (file:///D:/Works/Cocos/WxMiniGames/MiniGameArrow/temp/programming/packer-driver/targets/editor/chunks/ef/file:/D:/Works/Cocos/WxMiniGames/MiniGameArrow/assets/scripts/Game/CommonGame/ui/GamePanel.ts:373:35)
    at callback (file:///D:/Works/Cocos/WxMiniGames/MiniGameArrow/temp/programming/packer-driver/targets/editor/chunks/ef/file:/D:/Works/Cocos/WxMiniGames/MiniGameArrow/assets/scripts/Game/CommonGame/ui/GamePanel.ts:396:17)
    at file:///D:/Works/Cocos/WxMiniGames/MiniGameArrow/temp/programming/packer-driver/targets/editor/chunks/4b/file:/D:/Works/Cocos/WxMiniGames/MiniGameArrow/assets/scripts/engine/ResManager.ts:83:17
    at eval (C:\ProgramData\cocos\editors\Creator\3.8.8\resources\resources\3d\engine\bin\.cache\dev\editor\bundled\index.js:141562:9)
    at eval (C:\ProgramData\cocos\editors\Creator\3.8.8\resources\resources\3d\engine\bin\.cache\dev\editor\bundled\index.js:167821:9)
    at sentryWrapped (C:\ProgramData\cocos\editors\Creator\3.8.8\resources\app.asar\node_modules\@sentry\browser\src\helpers.ts:116:17)
2026-8-4 14:16:44 - warn: [PreviewInEditor] GamePanel: 关卡 8 第 19 只小羊配置无效 { row: 9, col: 0, direction: 'Right', type: 'normal' }Error: [PreviewInEditor] GamePanel: 关卡 8 第 19 只小羊配置无效 { row: 9, col: 0, direction: 'Right', type: 'normal' }
    at console.warn (C:\ProgramData\cocos\editors\Creator\3.8.8\resources\app.asar\node_modules\@sentry\core\src\utils-hoist\instrument\console.ts:40:14)
    at forEach (file:///D:/Works/Cocos/WxMiniGames/MiniGameArrow/temp/programming/packer-driver/targets/editor/chunks/ef/file:/D:/Works/Cocos/WxMiniGames/MiniGameArrow/assets/scripts/Game/CommonGame/ui/GamePanel.ts:483:25)
    at Array.forEach (<anonymous>)
    at GamePanel.createSheepByLevelConfig (file:///D:/Works/Cocos/WxMiniGames/MiniGameArrow/temp/programming/packer-driver/targets/editor/chunks/ef/file:/D:/Works/Cocos/WxMiniGames/MiniGameArrow/assets/scripts/Game/CommonGame/ui/GamePanel.ts:479:25)
    at GamePanel.startLevel (file:///D:/Works/Cocos/WxMiniGames/MiniGameArrow/temp/programming/packer-driver/targets/editor/chunks/ef/file:/D:/Works/Cocos/WxMiniGames/MiniGameArrow/assets/scripts/Game/CommonGame/ui/GamePanel.ts:422:14)
    at onComplete (file:///D:/Works/Cocos/WxMiniGames/MiniGameArrow/temp/programming/packer-driver/targets/editor/chunks/ef/file:/D:/Works/Cocos/WxMiniGames/MiniGameArrow/assets/scripts/Game/CommonGame/ui/GamePanel.ts:242:18)
    at onComplete (file:///D:/Works/Cocos/WxMiniGames/MiniGameArrow/temp/programming/packer-driver/targets/editor/chunks/ef/file:/D:/Works/Cocos/WxMiniGames/MiniGameArrow/assets/scripts/Game/CommonGame/ui/GamePanel.ts:373:35)
    at callback (file:///D:/Works/Cocos/WxMiniGames/MiniGameArrow/temp/programming/packer-driver/targets/editor/chunks/ef/file:/D:/Works/Cocos/WxMiniGames/MiniGameArrow/assets/scripts/Game/CommonGame/ui/GamePanel.ts:396:17)
    at file:///D:/Works/Cocos/WxMiniGames/MiniGameArrow/temp/programming/packer-driver/targets/editor/chunks/4b/file:/D:/Works/Cocos/WxMiniGames/MiniGameArrow/assets/scripts/engine/ResManager.ts:83:17
    at eval (C:\ProgramData\cocos\editors\Creator\3.8.8\resources\resources\3d\engine\bin\.cache\dev\editor\bundled\index.js:141562:9)
    at eval (C:\ProgramData\cocos\editors\Creator\3.8.8\resources\resources\3d\engine\bin\.cache\dev\editor\bundled\index.js:167821:9)
    at sentryWrapped (C:\ProgramData\cocos\editors\Creator\3.8.8\resources\app.asar\node_modules\@sentry\browser\src\helpers.ts:116:17)
2026-8-4 14:16:44 - warn: [PreviewInEditor] GamePanel: 关卡 8 第 20 只小羊配置无效 { row: 13, col: 4, direction: 'Up', type: 'black' }Error: [PreviewInEditor] GamePanel: 关卡 8 第 20 只小羊配置无效 { row: 13, col: 4, direction: 'Up', type: 'black' }
    at console.warn (C:\ProgramData\cocos\editors\Creator\3.8.8\resources\app.asar\node_modules\@sentry\core\src\utils-hoist\instrument\console.ts:40:14)
    at forEach (file:///D:/Works/Cocos/WxMiniGames/MiniGameArrow/temp/programming/packer-driver/targets/editor/chunks/ef/file:/D:/Works/Cocos/WxMiniGames/MiniGameArrow/assets/scripts/Game/CommonGame/ui/GamePanel.ts:483:25)
    at Array.forEach (<anonymous>)
    at GamePanel.createSheepByLevelConfig (file:///D:/Works/Cocos/WxMiniGames/MiniGameArrow/temp/programming/packer-driver/targets/editor/chunks/ef/file:/D:/Works/Cocos/WxMiniGames/MiniGameArrow/assets/scripts/Game/CommonGame/ui/GamePanel.ts:479:25)
    at GamePanel.startLevel (file:///D:/Works/Cocos/WxMiniGames/MiniGameArrow/temp/programming/packer-driver/targets/editor/chunks/ef/file:/D:/Works/Cocos/WxMiniGames/MiniGameArrow/assets/scripts/Game/CommonGame/ui/GamePanel.ts:422:14)
    at onComplete (file:///D:/Works/Cocos/WxMiniGames/MiniGameArrow/temp/programming/packer-driver/targets/editor/chunks/ef/file:/D:/Works/Cocos/WxMiniGames/MiniGameArrow/assets/scripts/Game/CommonGame/ui/GamePanel.ts:242:18)
    at onComplete (file:///D:/Works/Cocos/WxMiniGames/MiniGameArrow/temp/programming/packer-driver/targets/editor/chunks/ef/file:/D:/Works/Cocos/WxMiniGames/MiniGameArrow/assets/scripts/Game/CommonGame/ui/GamePanel.ts:373:35)
    at callback (file:///D:/Works/Cocos/WxMiniGames/MiniGameArrow/temp/programming/packer-driver/targets/editor/chunks/ef/file:/D:/Works/Cocos/WxMiniGames/MiniGameArrow/assets/scripts/Game/CommonGame/ui/GamePanel.ts:396:17)
    at file:///D:/Works/Cocos/WxMiniGames/MiniGameArrow/temp/programming/packer-driver/targets/editor/chunks/4b/file:/D:/Works/Cocos/WxMiniGames/MiniGameArrow/assets/scripts/engine/ResManager.ts:83:17
    at eval (C:\ProgramData\cocos\editors\Creator\3.8.8\resources\resources\3d\engine\bin\.cache\dev\editor\bundled\index.js:141562:9)
    at eval (C:\ProgramData\cocos\editors\Creator\3.8.8\resources\resources\3d\engine\bin\.cache\dev\editor\bundled\index.js:167821:9)
    at sentryWrapped (C:\ProgramData\cocos\editors\Creator\3.8.8\resources\app.asar\node_modules\@sentry\browser\src\helpers.ts:116:17)
2026-8-4 14:16:44 - warn: [PreviewInEditor] GamePanel: 关卡 8 第 21 只小羊配置无效 { row: 13, col: 8, direction: 'Left', type: 'black' }Error: [PreviewInEditor] GamePanel: 关卡 8 第 21 只小羊配置无效 { row: 13, col: 8, direction: 'Left', type: 'black' }
    at console.warn (C:\ProgramData\cocos\editors\Creator\3.8.8\resources\app.asar\node_modules\@sentry\core\src\utils-hoist\instrument\console.ts:40:14)
    at forEach (file:///D:/Works/Cocos/WxMiniGames/MiniGameArrow/temp/programming/packer-driver/targets/editor/chunks/ef/file:/D:/Works/Cocos/WxMiniGames/MiniGameArrow/assets/scripts/Game/CommonGame/ui/GamePanel.ts:483:25)
    at Array.forEach (<anonymous>)
    at GamePanel.createSheepByLevelConfig (file:///D:/Works/Cocos/WxMiniGames/MiniGameArrow/temp/programming/packer-driver/targets/editor/chunks/ef/file:/D:/Works/Cocos/WxMiniGames/MiniGameArrow/assets/scripts/Game/CommonGame/ui/GamePanel.ts:479:25)
    at GamePanel.startLevel (file:///D:/Works/Cocos/WxMiniGames/MiniGameArrow/temp/programming/packer-driver/targets/editor/chunks/ef/file:/D:/Works/Cocos/WxMiniGames/MiniGameArrow/assets/scripts/Game/CommonGame/ui/GamePanel.ts:422:14)
    at onComplete (file:///D:/Works/Cocos/WxMiniGames/MiniGameArrow/temp/programming/packer-driver/targets/editor/chunks/ef/file:/D:/Works/Cocos/WxMiniGames/MiniGameArrow/assets/scripts/Game/CommonGame/ui/GamePanel.ts:242:18)
    at onComplete (file:///D:/Works/Cocos/WxMiniGames/MiniGameArrow/temp/programming/packer-driver/targets/editor/chunks/ef/file:/D:/Works/Cocos/WxMiniGames/MiniGameArrow/assets/scripts/Game/CommonGame/ui/GamePanel.ts:373:35)
    at callback (file:///D:/Works/Cocos/WxMiniGames/MiniGameArrow/temp/programming/packer-driver/targets/editor/chunks/ef/file:/D:/Works/Cocos/WxMiniGames/MiniGameArrow/assets/scripts/Game/CommonGame/ui/GamePanel.ts:396:17)
    at file:///D:/Works/Cocos/WxMiniGames/MiniGameArrow/temp/programming/packer-driver/targets/editor/chunks/4b/file:/D:/Works/Cocos/WxMiniGames/MiniGameArrow/assets/scripts/engine/ResManager.ts:83:17
    at eval (C:\ProgramData\cocos\editors\Creator\3.8.8\resources\resources\3d\engine\bin\.cache\dev\editor\bundled\index.js:141562:9)
    at eval (C:\ProgramData\cocos\editors\Creator\3.8.8\resources\resources\3d\engine\bin\.cache\dev\editor\bundled\index.js:167821:9)
    at sentryWrapped (C:\ProgramData\cocos\editors\Creator\3.8.8\resources\app.asar\node_modules\@sentry\browser\src\helpers.ts:116:17)
2026-8-4 14:16:44 - warn: [PreviewInEditor] GamePanel: 关卡 8 第 22 只小羊配置无效 { row: 6, col: 10, direction: 'Left', type: 'black' }Error: [PreviewInEditor] GamePanel: 关卡 8 第 22 只小羊配置无效 { row: 6, col: 10, direction: 'Left', type: 'black' }
    at console.warn (C:\ProgramData\cocos\editors\Creator\3.8.8\resources\app.asar\node_modules\@sentry\core\src\utils-hoist\instrument\console.ts:40:14)
    at forEach (file:///D:/Works/Cocos/WxMiniGames/MiniGameArrow/temp/programming/packer-driver/targets/editor/chunks/ef/file:/D:/Works/Cocos/WxMiniGames/MiniGameArrow/assets/scripts/Game/CommonGame/ui/GamePanel.ts:483:25)
    at Array.forEach (<anonymous>)
    at GamePanel.createSheepByLevelConfig (file:///D:/Works/Cocos/WxMiniGames/MiniGameArrow/temp/programming/packer-driver/targets/editor/chunks/ef/file:/D:/Works/Cocos/WxMiniGames/MiniGameArrow/assets/scripts/Game/CommonGame/ui/GamePanel.ts:479:25)
    at GamePanel.startLevel (file:///D:/Works/Cocos/WxMiniGames/MiniGameArrow/temp/programming/packer-driver/targets/editor/chunks/ef/file:/D:/Works/Cocos/WxMiniGames/MiniGameArrow/assets/scripts/Game/CommonGame/ui/GamePanel.ts:422:14)
    at onComplete (file:///D:/Works/Cocos/WxMiniGames/MiniGameArrow/temp/programming/packer-driver/targets/editor/chunks/ef/file:/D:/Works/Cocos/WxMiniGames/MiniGameArrow/assets/scripts/Game/CommonGame/ui/GamePanel.ts:242:18)
    at onComplete (file:///D:/Works/Cocos/WxMiniGames/MiniGameArrow/temp/programming/packer-driver/targets/editor/chunks/ef/file:/D:/Works/Cocos/WxMiniGames/MiniGameArrow/assets/scripts/Game/CommonGame/ui/GamePanel.ts:373:35)
    at callback (file:///D:/Works/Cocos/WxMiniGames/MiniGameArrow/temp/programming/packer-driver/targets/editor/chunks/ef/file:/D:/Works/Cocos/WxMiniGames/MiniGameArrow/assets/scripts/Game/CommonGame/ui/GamePanel.ts:396:17)
    at file:///D:/Works/Cocos/WxMiniGames/MiniGameArrow/temp/programming/packer-driver/targets/editor/chunks/4b/file:/D:/Works/Cocos/WxMiniGames/MiniGameArrow/assets/scripts/engine/ResManager.ts:83:17
    at eval (C:\ProgramData\cocos\editors\Creator\3.8.8\resources\resources\3d\engine\bin\.cache\dev\editor\bundled\index.js:141562:9)
    at eval (C:\ProgramData\cocos\editors\Creator\3.8.8\resources\resources\3d\engine\bin\.cache\dev\editor\bundled\index.js:167821:9)
    at sentryWrapped (C:\ProgramData\cocos\editors\Creator\3.8.8\resources\app.asar\node_modules\@sentry\browser\src\helpers.ts:116:17)
2026-8-4 14:16:44 - warn: [PreviewInEditor] GamePanel: 关卡 8 第 23 只小羊配置无效 { row: 14, col: 3, direction: 'Up', type: 'black' }Error: [PreviewInEditor] GamePanel: 关卡 8 第 23 只小羊配置无效 { row: 14, col: 3, direction: 'Up', type: 'black' }
    at console.warn (C:\ProgramData\cocos\editors\Creator\3.8.8\resources\app.asar\node_modules\@sentry\core\src\utils-hoist\instrument\console.ts:40:14)
    at forEach (file:///D:/Works/Cocos/WxMiniGames/MiniGameArrow/temp/programming/packer-driver/targets/editor/chunks/ef/file:/D:/Works/Cocos/WxMiniGames/MiniGameArrow/assets/scripts/Game/CommonGame/ui/GamePanel.ts:483:25)
    at Array.forEach (<anonymous>)
    at GamePanel.createSheepByLevelConfig (file:///D:/Works/Cocos/WxMiniGames/MiniGameArrow/temp/programming/packer-driver/targets/editor/chunks/ef/file:/D:/Works/Cocos/WxMiniGames/MiniGameArrow/assets/scripts/Game/CommonGame/ui/GamePanel.ts:479:25)
    at GamePanel.startLevel (file:///D:/Works/Cocos/WxMiniGames/MiniGameArrow/temp/programming/packer-driver/targets/editor/chunks/ef/file:/D:/Works/Cocos/WxMiniGames/MiniGameArrow/assets/scripts/Game/CommonGame/ui/GamePanel.ts:422:14)
    at onComplete (file:///D:/Works/Cocos/WxMiniGames/MiniGameArrow/temp/programming/packer-driver/targets/editor/chunks/ef/file:/D:/Works/Cocos/WxMiniGames/MiniGameArrow/assets/scripts/Game/CommonGame/ui/GamePanel.ts:242:18)
    at onComplete (file:///D:/Works/Cocos/WxMiniGames/MiniGameArrow/temp/programming/packer-driver/targets/editor/chunks/ef/file:/D:/Works/Cocos/WxMiniGames/MiniGameArrow/assets/scripts/Game/CommonGame/ui/GamePanel.ts:373:35)
    at callback (file:///D:/Works/Cocos/WxMiniGames/MiniGameArrow/temp/programming/packer-driver/targets/editor/chunks/ef/file:/D:/Works/Cocos/WxMiniGames/MiniGameArrow/assets/scripts/Game/CommonGame/ui/GamePanel.ts:396:17)
    at file:///D:/Works/Cocos/WxMiniGames/MiniGameArrow/temp/programming/packer-driver/targets/editor/chunks/4b/file:/D:/Works/Cocos/WxMiniGames/MiniGameArrow/assets/scripts/engine/ResManager.ts:83:17
    at eval (C:\ProgramData\cocos\editors\Creator\3.8.8\resources\resources\3d\engine\bin\.cache\dev\editor\bundled\index.js:141562:9)
    at eval (C:\ProgramData\cocos\editors\Creator\3.8.8\resources\resources\3d\engine\bin\.cache\dev\editor\bundled\index.js:167821:9)
    at sentryWrapped (C:\ProgramData\cocos\editors\Creator\3.8.8\resources\app.asar\node_modules\@sentry\browser\src\helpers.ts:116:17)
2026-8-4 14:16:44 - warn: [PreviewInEditor] GamePanel: 关卡 8 第 24 只小羊配置无效 { row: 10, col: 1, direction: 'Right', type: 'normal' }Error: [PreviewInEditor] GamePanel: 关卡 8 第 24 只小羊配置无效 { row: 10, col: 1, direction: 'Right', type: 'normal' }
    at console.warn (C:\ProgramData\cocos\editors\Creator\3.8.8\resources\app.asar\node_modules\@sentry\core\src\utils-hoist\instrument\console.ts:40:14)
    at forEach (file:///D:/Works/Cocos/WxMiniGames/MiniGameArrow/temp/programming/packer-driver/targets/editor/chunks/ef/file:/D:/Works/Cocos/WxMiniGames/MiniGameArrow/assets/scripts/Game/CommonGame/ui/GamePanel.ts:483:25)
    at Array.forEach (<anonymous>)
    at GamePanel.createSheepByLevelConfig (file:///D:/Works/Cocos/WxMiniGames/MiniGameArrow/temp/programming/packer-driver/targets/editor/chunks/ef/file:/D:/Works/Cocos/WxMiniGames/MiniGameArrow/assets/scripts/Game/CommonGame/ui/GamePanel.ts:479:25)
    at GamePanel.startLevel (file:///D:/Works/Cocos/WxMiniGames/MiniGameArrow/temp/programming/packer-driver/targets/editor/chunks/ef/file:/D:/Works/Cocos/WxMiniGames/MiniGameArrow/assets/scripts/Game/CommonGame/ui/GamePanel.ts:422:14)
    at onComplete (file:///D:/Works/Cocos/WxMiniGames/MiniGameArrow/temp/programming/packer-driver/targets/editor/chunks/ef/file:/D:/Works/Cocos/WxMiniGames/MiniGameArrow/assets/scripts/Game/CommonGame/ui/GamePanel.ts:242:18)
    at onComplete (file:///D:/Works/Cocos/WxMiniGames/MiniGameArrow/temp/programming/packer-driver/targets/editor/chunks/ef/file:/D:/Works/Cocos/WxMiniGames/MiniGameArrow/assets/scripts/Game/CommonGame/ui/GamePanel.ts:373:35)
    at callback (file:///D:/Works/Cocos/WxMiniGames/MiniGameArrow/temp/programming/packer-driver/targets/editor/chunks/ef/file:/D:/Works/Cocos/WxMiniGames/MiniGameArrow/assets/scripts/Game/CommonGame/ui/GamePanel.ts:396:17)
    at file:///D:/Works/Cocos/WxMiniGames/MiniGameArrow/temp/programming/packer-driver/targets/editor/chunks/4b/file:/D:/Works/Cocos/WxMiniGames/MiniGameArrow/assets/scripts/engine/ResManager.ts:83:17
    at eval (C:\ProgramData\cocos\editors\Creator\3.8.8\resources\resources\3d\engine\bin\.cache\dev\editor\bundled\index.js:141562:9)
    at eval (C:\ProgramData\cocos\editors\Creator\3.8.8\resources\resources\3d\engine\bin\.cache\dev\editor\bundled\index.js:167821:9)
    at sentryWrapped (C:\ProgramData\cocos\editors\Creator\3.8.8\resources\app.asar\node_modules\@sentry\browser\src\helpers.ts:116:17)
2026-8-4 14:16:44 - warn: [PreviewInEditor] GamePanel: 关卡 8 第 25 只小羊配置无效 { row: 12, col: 1, direction: 'Right', type: 'black' }Error: [PreviewInEditor] GamePanel: 关卡 8 第 25 只小羊配置无效 { row: 12, col: 1, direction: 'Right', type: 'black' }
    at console.warn (C:\ProgramData\cocos\editors\Creator\3.8.8\resources\app.asar\node_modules\@sentry\core\src\utils-hoist\instrument\console.ts:40:14)
    at forEach (file:///D:/Works/Cocos/WxMiniGames/MiniGameArrow/temp/programming/packer-driver/targets/editor/chunks/ef/file:/D:/Works/Cocos/WxMiniGames/MiniGameArrow/assets/scripts/Game/CommonGame/ui/GamePanel.ts:483:25)
    at Array.forEach (<anonymous>)
    at GamePanel.createSheepByLevelConfig (file:///D:/Works/Cocos/WxMiniGames/MiniGameArrow/temp/programming/packer-driver/targets/editor/chunks/ef/file:/D:/Works/Cocos/WxMiniGames/MiniGameArrow/assets/scripts/Game/CommonGame/ui/GamePanel.ts:479:25)
    at GamePanel.startLevel (file:///D:/Works/Cocos/WxMiniGames/MiniGameArrow/temp/programming/packer-driver/targets/editor/chunks/ef/file:/D:/Works/Cocos/WxMiniGames/MiniGameArrow/assets/scripts/Game/CommonGame/ui/GamePanel.ts:422:14)
    at onComplete (file:///D:/Works/Cocos/WxMiniGames/MiniGameArrow/temp/programming/packer-driver/targets/editor/chunks/ef/file:/D:/Works/Cocos/WxMiniGames/MiniGameArrow/assets/scripts/Game/CommonGame/ui/GamePanel.ts:242:18)
    at onComplete (file:///D:/Works/Cocos/WxMiniGames/MiniGameArrow/temp/programming/packer-driver/targets/editor/chunks/ef/file:/D:/Works/Cocos/WxMiniGames/MiniGameArrow/assets/scripts/Game/CommonGame/ui/GamePanel.ts:373:35)
    at callback (file:///D:/Works/Cocos/WxMiniGames/MiniGameArrow/temp/programming/packer-driver/targets/editor/chunks/ef/file:/D:/Works/Cocos/WxMiniGames/MiniGameArrow/assets/scripts/Game/CommonGame/ui/GamePanel.ts:396:17)
    at file:///D:/Works/Cocos/WxMiniGames/MiniGameArrow/temp/programming/packer-driver/targets/editor/chunks/4b/file:/D:/Works/Cocos/WxMiniGames/MiniGameArrow/assets/scripts/engine/ResManager.ts:83:17
    at eval (C:\ProgramData\cocos\editors\Creator\3.8.8\resources\resources\3d\engine\bin\.cache\dev\editor\bundled\index.js:141562:9)
    at eval (C:\ProgramData\cocos\editors\Creator\3.8.8\resources\resources\3d\engine\bin\.cache\dev\editor\bundled\index.js:167821:9)
    at sentryWrapped (C:\ProgramData\cocos\editors\Creator\3.8.8\resources\app.asar\node_modules\@sentry\browser\src\helpers.ts:116:17)
2026-8-4 14:16:44 - warn: [PreviewInEditor] GamePanel: 关卡 8 第 26 只小羊配置无效 { row: 3, col: 5, direction: 'Down', type: 'normal' }Error: [PreviewInEditor] GamePanel: 关卡 8 第 26 只小羊配置无效 { row: 3, col: 5, direction: 'Down', type: 'normal' }
    at console.warn (C:\ProgramData\cocos\editors\Creator\3.8.8\resources\app.asar\node_modules\@sentry\core\src\utils-hoist\instrument\console.ts:40:14)
    at forEach (file:///D:/Works/Cocos/WxMiniGames/MiniGameArrow/temp/programming/packer-driver/targets/editor/chunks/ef/file:/D:/Works/Cocos/WxMiniGames/MiniGameArrow/assets/scripts/Game/CommonGame/ui/GamePanel.ts:483:25)
    at Array.forEach (<anonymous>)
    at GamePanel.createSheepByLevelConfig (file:///D:/Works/Cocos/WxMiniGames/MiniGameArrow/temp/programming/packer-driver/targets/editor/chunks/ef/file:/D:/Works/Cocos/WxMiniGames/MiniGameArrow/assets/scripts/Game/CommonGame/ui/GamePanel.ts:479:25)
    at GamePanel.startLevel (file:///D:/Works/Cocos/WxMiniGames/MiniGameArrow/temp/programming/packer-driver/targets/editor/chunks/ef/file:/D:/Works/Cocos/WxMiniGames/MiniGameArrow/assets/scripts/Game/CommonGame/ui/GamePanel.ts:422:14)
    at onComplete (file:///D:/Works/Cocos/WxMiniGames/MiniGameArrow/temp/programming/packer-driver/targets/editor/chunks/ef/file:/D:/Works/Cocos/WxMiniGames/MiniGameArrow/assets/scripts/Game/CommonGame/ui/GamePanel.ts:242:18)
    at onComplete (file:///D:/Works/Cocos/WxMiniGames/MiniGameArrow/temp/programming/packer-driver/targets/editor/chunks/ef/file:/D:/Works/Cocos/WxMiniGames/MiniGameArrow/assets/scripts/Game/CommonGame/ui/GamePanel.ts:373:35)
    at callback (file:///D:/Works/Cocos/WxMiniGames/MiniGameArrow/temp/programming/packer-driver/targets/editor/chunks/ef/file:/D:/Works/Cocos/WxMiniGames/MiniGameArrow/assets/scripts/Game/CommonGame/ui/GamePanel.ts:396:17)
    at file:///D:/Works/Cocos/WxMiniGames/MiniGameArrow/temp/programming/packer-driver/targets/editor/chunks/4b/file:/D:/Works/Cocos/WxMiniGames/MiniGameArrow/assets/scripts/engine/ResManager.ts:83:17
    at eval (C:\ProgramData\cocos\editors\Creator\3.8.8\resources\resources\3d\engine\bin\.cache\dev\editor\bundled\index.js:141562:9)
    at eval (C:\ProgramData\cocos\editors\Creator\3.8.8\resources\resources\3d\engine\bin\.cache\dev\editor\bundled\index.js:167821:9)
    at sentryWrapped (C:\ProgramData\cocos\editors\Creator\3.8.8\resources\app.asar\node_modules\@sentry\browser\src\helpers.ts:116:17)
2026-8-4 14:16:44 - warn: [PreviewInEditor] GamePanel: 关卡 8 第 27 只小羊配置无效 { row: 16, col: 7, direction: 'Up', type: 'black' }Error: [PreviewInEditor] GamePanel: 关卡 8 第 27 只小羊配置无效 { row: 16, col: 7, direction: 'Up', type: 'black' }
    at console.warn (C:\ProgramData\cocos\editors\Creator\3.8.8\resources\app.asar\node_modules\@sentry\core\src\utils-hoist\instrument\console.ts:40:14)
    at forEach (file:///D:/Works/Cocos/WxMiniGames/MiniGameArrow/temp/programming/packer-driver/targets/editor/chunks/ef/file:/D:/Works/Cocos/WxMiniGames/MiniGameArrow/assets/scripts/Game/CommonGame/ui/GamePanel.ts:483:25)
    at Array.forEach (<anonymous>)
    at GamePanel.createSheepByLevelConfig (file:///D:/Works/Cocos/WxMiniGames/MiniGameArrow/temp/programming/packer-driver/targets/editor/chunks/ef/file:/D:/Works/Cocos/WxMiniGames/MiniGameArrow/assets/scripts/Game/CommonGame/ui/GamePanel.ts:479:25)
    at GamePanel.startLevel (file:///D:/Works/Cocos/WxMiniGames/MiniGameArrow/temp/programming/packer-driver/targets/editor/chunks/ef/file:/D:/Works/Cocos/WxMiniGames/MiniGameArrow/assets/scripts/Game/CommonGame/ui/GamePanel.ts:422:14)
    at onComplete (file:///D:/Works/Cocos/WxMiniGames/MiniGameArrow/temp/programming/packer-driver/targets/editor/chunks/ef/file:/D:/Works/Cocos/WxMiniGames/MiniGameArrow/assets/scripts/Game/CommonGame/ui/GamePanel.ts:242:18)
    at onComplete (file:///D:/Works/Cocos/WxMiniGames/MiniGameArrow/temp/programming/packer-driver/targets/editor/chunks/ef/file:/D:/Works/Cocos/WxMiniGames/MiniGameArrow/assets/scripts/Game/CommonGame/ui/GamePanel.ts:373:35)
    at callback (file:///D:/Works/Cocos/WxMiniGames/MiniGameArrow/temp/programming/packer-driver/targets/editor/chunks/ef/file:/D:/Works/Cocos/WxMiniGames/MiniGameArrow/assets/scripts/Game/CommonGame/ui/GamePanel.ts:396:17)
    at file:///D:/Works/Cocos/WxMiniGames/MiniGameArrow/temp/programming/packer-driver/targets/editor/chunks/4b/file:/D:/Works/Cocos/WxMiniGames/MiniGameArrow/assets/scripts/engine/ResManager.ts:83:17
    at eval (C:\ProgramData\cocos\editors\Creator\3.8.8\resources\resources\3d\engine\bin\.cache\dev\editor\bundled\index.js:141562:9)
    at eval (C:\ProgramData\cocos\editors\Creator\3.8.8\resources\resources\3d\engine\bin\.cache\dev\editor\bundled\index.js:167821:9)
    at sentryWrapped (C:\ProgramData\cocos\editors\Creator\3.8.8\resources\app.asar\node_modules\@sentry\browser\src\helpers.ts:116:17)
2026-8-4 14:16:44 - warn: [PreviewInEditor] GamePanel: 关卡 8 第 28 只小羊配置无效 { row: 5, col: 9, direction: 'Left', type: 'black' }Error: [PreviewInEditor] GamePanel: 关卡 8 第 28 只小羊配置无效 { row: 5, col: 9, direction: 'Left', type: 'black' }
    at console.warn (C:\ProgramData\cocos\editors\Creator\3.8.8\resources\app.asar\node_modules\@sentry\core\src\utils-hoist\instrument\console.ts:40:14)
    at forEach (file:///D:/Works/Cocos/WxMiniGames/MiniGameArrow/temp/programming/packer-driver/targets/editor/chunks/ef/file:/D:/Works/Cocos/WxMiniGames/MiniGameArrow/assets/scripts/Game/CommonGame/ui/GamePanel.ts:483:25)
    at Array.forEach (<anonymous>)
    at GamePanel.createSheepByLevelConfig (file:///D:/Works/Cocos/WxMiniGames/MiniGameArrow/temp/programming/packer-driver/targets/editor/chunks/ef/file:/D:/Works/Cocos/WxMiniGames/MiniGameArrow/assets/scripts/Game/CommonGame/ui/GamePanel.ts:479:25)
    at GamePanel.startLevel (file:///D:/Works/Cocos/WxMiniGames/MiniGameArrow/temp/programming/packer-driver/targets/editor/chunks/ef/file:/D:/Works/Cocos/WxMiniGames/MiniGameArrow/assets/scripts/Game/CommonGame/ui/GamePanel.ts:422:14)
    at onComplete (file:///D:/Works/Cocos/WxMiniGames/MiniGameArrow/temp/programming/packer-driver/targets/editor/chunks/ef/file:/D:/Works/Cocos/WxMiniGames/MiniGameArrow/assets/scripts/Game/CommonGame/ui/GamePanel.ts:242:18)
    at onComplete (file:///D:/Works/Cocos/WxMiniGames/MiniGameArrow/temp/programming/packer-driver/targets/editor/chunks/ef/file:/D:/Works/Cocos/WxMiniGames/MiniGameArrow/assets/scripts/Game/CommonGame/ui/GamePanel.ts:373:35)
    at callback (file:///D:/Works/Cocos/WxMiniGames/MiniGameArrow/temp/programming/packer-driver/targets/editor/chunks/ef/file:/D:/Works/Cocos/WxMiniGames/MiniGameArrow/assets/scripts/Game/CommonGame/ui/GamePanel.ts:396:17)
    at file:///D:/Works/Cocos/WxMiniGames/MiniGameArrow/temp/programming/packer-driver/targets/editor/chunks/4b/file:/D:/Works/Cocos/WxMiniGames/MiniGameArrow/assets/scripts/engine/ResManager.ts:83:17
    at eval (C:\ProgramData\cocos\editors\Creator\3.8.8\resources\resources\3d\engine\bin\.cache\dev\editor\bundled\index.js:141562:9)
    at eval (C:\ProgramData\cocos\editors\Creator\3.8.8\resources\resources\3d\engine\bin\.cache\dev\editor\bundled\index.js:167821:9)
    at sentryWrapped (C:\ProgramData\cocos\editors\Creator\3.8.8\resources\app.asar\node_modules\@sentry\browser\src\helpers.ts:116:17)
2026-8-4 14:16:44 - warn: [PreviewInEditor] GamePanel: 关卡 8 第 29 只小羊配置无效 { row: 15, col: 4, direction: 'Up', type: 'normal' }Error: [PreviewInEditor] GamePanel: 关卡 8 第 29 只小羊配置无效 { row: 15, col: 4, direction: 'Up', type: 'normal' }
    at console.warn (C:\ProgramData\cocos\editors\Creator\3.8.8\resources\app.asar\node_modules\@sentry\core\src\utils-hoist\instrument\console.ts:40:14)
    at forEach (file:///D:/Works/Cocos/WxMiniGames/MiniGameArrow/temp/programming/packer-driver/targets/editor/chunks/ef/file:/D:/Works/Cocos/WxMiniGames/MiniGameArrow/assets/scripts/Game/CommonGame/ui/GamePanel.ts:483:25)
    at Array.forEach (<anonymous>)
    at GamePanel.createSheepByLevelConfig (file:///D:/Works/Cocos/WxMiniGames/MiniGameArrow/temp/programming/packer-driver/targets/editor/chunks/ef/file:/D:/Works/Cocos/WxMiniGames/MiniGameArrow/assets/scripts/Game/CommonGame/ui/GamePanel.ts:479:25)
    at GamePanel.startLevel (file:///D:/Works/Cocos/WxMiniGames/MiniGameArrow/temp/programming/packer-driver/targets/editor/chunks/ef/file:/D:/Works/Cocos/WxMiniGames/MiniGameArrow/assets/scripts/Game/CommonGame/ui/GamePanel.ts:422:14)
    at onComplete (file:///D:/Works/Cocos/WxMiniGames/MiniGameArrow/temp/programming/packer-driver/targets/editor/chunks/ef/file:/D:/Works/Cocos/WxMiniGames/MiniGameArrow/assets/scripts/Game/CommonGame/ui/GamePanel.ts:242:18)
    at onComplete (file:///D:/Works/Cocos/WxMiniGames/MiniGameArrow/temp/programming/packer-driver/targets/editor/chunks/ef/file:/D:/Works/Cocos/WxMiniGames/MiniGameArrow/assets/scripts/Game/CommonGame/ui/GamePanel.ts:373:35)
    at callback (file:///D:/Works/Cocos/WxMiniGames/MiniGameArrow/temp/programming/packer-driver/targets/editor/chunks/ef/file:/D:/Works/Cocos/WxMiniGames/MiniGameArrow/assets/scripts/Game/CommonGame/ui/GamePanel.ts:396:17)
    at file:///D:/Works/Cocos/WxMiniGames/MiniGameArrow/temp/programming/packer-driver/targets/editor/chunks/4b/file:/D:/Works/Cocos/WxMiniGames/MiniGameArrow/assets/scripts/engine/ResManager.ts:83:17
    at eval (C:\ProgramData\cocos\editors\Creator\3.8.8\resources\resources\3d\engine\bin\.cache\dev\editor\bundled\index.js:141562:9)
    at eval (C:\ProgramData\cocos\editors\Creator\3.8.8\resources\resources\3d\engine\bin\.cache\dev\editor\bundled\index.js:167821:9)
    at sentryWrapped (C:\ProgramData\cocos\editors\Creator\3.8.8\resources\app.asar\node_modules\@sentry\browser\src\helpers.ts:116:17)
2026-8-4 14:16:44 - warn: [PreviewInEditor] GamePanel: 关卡 8 第 30 只小羊配置无效 { row: 15, col: 8, direction: 'Left', type: 'normal' }Error: [PreviewInEditor] GamePanel: 关卡 8 第 30 只小羊配置无效 { row: 15, col: 8, direction: 'Left', type: 'normal' }
    at console.warn (C:\ProgramData\cocos\editors\Creator\3.8.8\resources\app.asar\node_modules\@sentry\core\src\utils-hoist\instrument\console.ts:40:14)
    at forEach (file:///D:/Works/Cocos/WxMiniGames/MiniGameArrow/temp/programming/packer-driver/targets/editor/chunks/ef/file:/D:/Works/Cocos/WxMiniGames/MiniGameArrow/assets/scripts/Game/CommonGame/ui/GamePanel.ts:483:25)
    at Array.forEach (<anonymous>)
    at GamePanel.createSheepByLevelConfig (file:///D:/Works/Cocos/WxMiniGames/MiniGameArrow/temp/programming/packer-driver/targets/editor/chunks/ef/file:/D:/Works/Cocos/WxMiniGames/MiniGameArrow/assets/scripts/Game/CommonGame/ui/GamePanel.ts:479:25)
    at GamePanel.startLevel (file:///D:/Works/Cocos/WxMiniGames/MiniGameArrow/temp/programming/packer-driver/targets/editor/chunks/ef/file:/D:/Works/Cocos/WxMiniGames/MiniGameArrow/assets/scripts/Game/CommonGame/ui/GamePanel.ts:422:14)
    at onComplete (file:///D:/Works/Cocos/WxMiniGames/MiniGameArrow/temp/programming/packer-driver/targets/editor/chunks/ef/file:/D:/Works/Cocos/WxMiniGames/MiniGameArrow/assets/scripts/Game/CommonGame/ui/GamePanel.ts:242:18)
    at onComplete (file:///D:/Works/Cocos/WxMiniGames/MiniGameArrow/temp/programming/packer-driver/targets/editor/chunks/ef/file:/D:/Works/Cocos/WxMiniGames/MiniGameArrow/assets/scripts/Game/CommonGame/ui/GamePanel.ts:373:35)
    at callback (file:///D:/Works/Cocos/WxMiniGames/MiniGameArrow/temp/programming/packer-driver/targets/editor/chunks/ef/file:/D:/Works/Cocos/WxMiniGames/MiniGameArrow/assets/scripts/Game/CommonGame/ui/GamePanel.ts:396:17)
    at file:///D:/Works/Cocos/WxMiniGames/MiniGameArrow/temp/programming/packer-driver/targets/editor/chunks/4b/file:/D:/Works/Cocos/WxMiniGames/MiniGameArrow/assets/scripts/engine/ResManager.ts:83:17
    at eval (C:\ProgramData\cocos\editors\Creator\3.8.8\resources\resources\3d\engine\bin\.cache\dev\editor\bundled\index.js:141562:9)
    at eval (C:\ProgramData\cocos\editors\Creator\3.8.8\resources\resources\3d\engine\bin\.cache\dev\editor\bundled\index.js:167821:9)
    at sentryWrapped (C:\ProgramData\cocos\editors\Creator\3.8.8\resources\app.asar\node_modules\@sentry\browser\src\helpers.ts:116:17)
2026-8-4 14:16:44 - warn: [PreviewInEditor] GamePanel: 关卡 8 第 31 只小羊配置无效 { row: 14, col: 1, direction: 'Right', type: 'normal' }Error: [PreviewInEditor] GamePanel: 关卡 8 第 31 只小羊配置无效 { row: 14, col: 1, direction: 'Right', type: 'normal' }
    at console.warn (C:\ProgramData\cocos\editors\Creator\3.8.8\resources\app.asar\node_modules\@sentry\core\src\utils-hoist\instrument\console.ts:40:14)
    at forEach (file:///D:/Works/Cocos/WxMiniGames/MiniGameArrow/temp/programming/packer-driver/targets/editor/chunks/ef/file:/D:/Works/Cocos/WxMiniGames/MiniGameArrow/assets/scripts/Game/CommonGame/ui/GamePanel.ts:483:25)
    at Array.forEach (<anonymous>)
    at GamePanel.createSheepByLevelConfig (file:///D:/Works/Cocos/WxMiniGames/MiniGameArrow/temp/programming/packer-driver/targets/editor/chunks/ef/file:/D:/Works/Cocos/WxMiniGames/MiniGameArrow/assets/scripts/Game/CommonGame/ui/GamePanel.ts:479:25)
    at GamePanel.startLevel (file:///D:/Works/Cocos/WxMiniGames/MiniGameArrow/temp/programming/packer-driver/targets/editor/chunks/ef/file:/D:/Works/Cocos/WxMiniGames/MiniGameArrow/assets/scripts/Game/CommonGame/ui/GamePanel.ts:422:14)
    at onComplete (file:///D:/Works/Cocos/WxMiniGames/MiniGameArrow/temp/programming/packer-driver/targets/editor/chunks/ef/file:/D:/Works/Cocos/WxMiniGames/MiniGameArrow/assets/scripts/Game/CommonGame/ui/GamePanel.ts:242:18)
    at onComplete (file:///D:/Works/Cocos/WxMiniGames/MiniGameArrow/temp/programming/packer-driver/targets/editor/chunks/ef/file:/D:/Works/Cocos/WxMiniGames/MiniGameArrow/assets/scripts/Game/CommonGame/ui/GamePanel.ts:373:35)
    at callback (file:///D:/Works/Cocos/WxMiniGames/MiniGameArrow/temp/programming/packer-driver/targets/editor/chunks/ef/file:/D:/Works/Cocos/WxMiniGames/MiniGameArrow/assets/scripts/Game/CommonGame/ui/GamePanel.ts:396:17)
    at file:///D:/Works/Cocos/WxMiniGames/MiniGameArrow/temp/programming/packer-driver/targets/editor/chunks/4b/file:/D:/Works/Cocos/WxMiniGames/MiniGameArrow/assets/scripts/engine/ResManager.ts:83:17
    at eval (C:\ProgramData\cocos\editors\Creator\3.8.8\resources\resources\3d\engine\bin\.cache\dev\editor\bundled\index.js:141562:9)
    at eval (C:\ProgramData\cocos\editors\Creator\3.8.8\resources\resources\3d\engine\bin\.cache\dev\editor\bundled\index.js:167821:9)
    at sentryWrapped (C:\ProgramData\cocos\editors\Creator\3.8.8\resources\app.asar\node_modules\@sentry\browser\src\helpers.ts:116:17)
2026-8-4 14:16:44 - warn: [PreviewInEditor] GamePanel: 关卡 8 第 32 只小羊配置无效 { row: 0, col: 5, direction: 'Down', type: 'normal' }Error: [PreviewInEditor] GamePanel: 关卡 8 第 32 只小羊配置无效 { row: 0, col: 5, direction: 'Down', type: 'normal' }
    at console.warn (C:\ProgramData\cocos\editors\Creator\3.8.8\resources\app.asar\node_modules\@sentry\core\src\utils-hoist\instrument\console.ts:40:14)
    at forEach (file:///D:/Works/Cocos/WxMiniGames/MiniGameArrow/temp/programming/packer-driver/targets/editor/chunks/ef/file:/D:/Works/Cocos/WxMiniGames/MiniGameArrow/assets/scripts/Game/CommonGame/ui/GamePanel.ts:483:25)
    at Array.forEach (<anonymous>)
    at GamePanel.createSheepByLevelConfig (file:///D:/Works/Cocos/WxMiniGames/MiniGameArrow/temp/programming/packer-driver/targets/editor/chunks/ef/file:/D:/Works/Cocos/WxMiniGames/MiniGameArrow/assets/scripts/Game/CommonGame/ui/GamePanel.ts:479:25)
    at GamePanel.startLevel (file:///D:/Works/Cocos/WxMiniGames/MiniGameArrow/temp/programming/packer-driver/targets/editor/chunks/ef/file:/D:/Works/Cocos/WxMiniGames/MiniGameArrow/assets/scripts/Game/CommonGame/ui/GamePanel.ts:422:14)
    at onComplete (file:///D:/Works/Cocos/WxMiniGames/MiniGameArrow/temp/programming/packer-driver/targets/editor/chunks/ef/file:/D:/Works/Cocos/WxMiniGames/MiniGameArrow/assets/scripts/Game/CommonGame/ui/GamePanel.ts:242:18)
    at onComplete (file:///D:/Works/Cocos/WxMiniGames/MiniGameArrow/temp/programming/packer-driver/targets/editor/chunks/ef/file:/D:/Works/Cocos/WxMiniGames/MiniGameArrow/assets/scripts/Game/CommonGame/ui/GamePanel.ts:373:35)
    at callback (file:///D:/Works/Cocos/WxMiniGames/MiniGameArrow/temp/programming/packer-driver/targets/editor/chunks/ef/file:/D:/Works/Cocos/WxMiniGames/MiniGameArrow/assets/scripts/Game/CommonGame/ui/GamePanel.ts:396:17)
    at file:///D:/Works/Cocos/WxMiniGames/MiniGameArrow/temp/programming/packer-driver/targets/editor/chunks/4b/file:/D:/Works/Cocos/WxMiniGames/MiniGameArrow/assets/scripts/engine/ResManager.ts:83:17
    at eval (C:\ProgramData\cocos\editors\Creator\3.8.8\resources\resources\3d\engine\bin\.cache\dev\editor\bundled\index.js:141562:9)
    at eval (C:\ProgramData\cocos\editors\Creator\3.8.8\resources\resources\3d\engine\bin\.cache\dev\editor\bundled\index.js:167821:9)
    at sentryWrapped (C:\ProgramData\cocos\editors\Creator\3.8.8\resources\app.asar\node_modules\@sentry\browser\src\helpers.ts:116:17)
2026-8-4 14:16:44 - warn: [PreviewInEditor] GamePanel: 关卡 8 第 33 只小羊配置无效 { row: 4, col: 0, direction: 'Right', type: 'normal' }Error: [PreviewInEditor] GamePanel: 关卡 8 第 33 只小羊配置无效 { row: 4, col: 0, direction: 'Right', type: 'normal' }
    at console.warn (C:\ProgramData\cocos\editors\Creator\3.8.8\resources\app.asar\node_modules\@sentry\core\src\utils-hoist\instrument\console.ts:40:14)
    at forEach (file:///D:/Works/Cocos/WxMiniGames/MiniGameArrow/temp/programming/packer-driver/targets/editor/chunks/ef/file:/D:/Works/Cocos/WxMiniGames/MiniGameArrow/assets/scripts/Game/CommonGame/ui/GamePanel.ts:483:25)
    at Array.forEach (<anonymous>)
    at GamePanel.createSheepByLevelConfig (file:///D:/Works/Cocos/WxMiniGames/MiniGameArrow/temp/programming/packer-driver/targets/editor/chunks/ef/file:/D:/Works/Cocos/WxMiniGames/MiniGameArrow/assets/scripts/Game/CommonGame/ui/GamePanel.ts:479:25)
    at GamePanel.startLevel (file:///D:/Works/Cocos/WxMiniGames/MiniGameArrow/temp/programming/packer-driver/targets/editor/chunks/ef/file:/D:/Works/Cocos/WxMiniGames/MiniGameArrow/assets/scripts/Game/CommonGame/ui/GamePanel.ts:422:14)
    at onComplete (file:///D:/Works/Cocos/WxMiniGames/MiniGameArrow/temp/programming/packer-driver/targets/editor/chunks/ef/file:/D:/Works/Cocos/WxMiniGames/MiniGameArrow/assets/scripts/Game/CommonGame/ui/GamePanel.ts:242:18)
    at onComplete (file:///D:/Works/Cocos/WxMiniGames/MiniGameArrow/temp/programming/packer-driver/targets/editor/chunks/ef/file:/D:/Works/Cocos/WxMiniGames/MiniGameArrow/assets/scripts/Game/CommonGame/ui/GamePanel.ts:373:35)
    at callback (file:///D:/Works/Cocos/WxMiniGames/MiniGameArrow/temp/programming/packer-driver/targets/editor/chunks/ef/file:/D:/Works/Cocos/WxMiniGames/MiniGameArrow/assets/scripts/Game/CommonGame/ui/GamePanel.ts:396:17)
    at file:///D:/Works/Cocos/WxMiniGames/MiniGameArrow/temp/programming/packer-driver/targets/editor/chunks/4b/file:/D:/Works/Cocos/WxMiniGames/MiniGameArrow/assets/scripts/engine/ResManager.ts:83:17
    at eval (C:\ProgramData\cocos\editors\Creator\3.8.8\resources\resources\3d\engine\bin\.cache\dev\editor\bundled\index.js:141562:9)
    at eval (C:\ProgramData\cocos\editors\Creator\3.8.8\resources\resources\3d\engine\bin\.cache\dev\editor\bundled\index.js:167821:9)
    at sentryWrapped (C:\ProgramData\cocos\editors\Creator\3.8.8\resources\app.asar\node_modules\@sentry\browser\src\helpers.ts:116:17)
2026-8-4 14:16:44 - warn: [PreviewInEditor] GamePanel: 关卡 8 第 34 只小羊配置无效 { row: 17, col: 4, direction: 'Up', type: 'black' }Error: [PreviewInEditor] GamePanel: 关卡 8 第 34 只小羊配置无效 { row: 17, col: 4, direction: 'Up', type: 'black' }
    at console.warn (C:\ProgramData\cocos\editors\Creator\3.8.8\resources\app.asar\node_modules\@sentry\core\src\utils-hoist\instrument\console.ts:40:14)
    at forEach (file:///D:/Works/Cocos/WxMiniGames/MiniGameArrow/temp/programming/packer-driver/targets/editor/chunks/ef/file:/D:/Works/Cocos/WxMiniGames/MiniGameArrow/assets/scripts/Game/CommonGame/ui/GamePanel.ts:483:25)
    at Array.forEach (<anonymous>)
    at GamePanel.createSheepByLevelConfig (file:///D:/Works/Cocos/WxMiniGames/MiniGameArrow/temp/programming/packer-driver/targets/editor/chunks/ef/file:/D:/Works/Cocos/WxMiniGames/MiniGameArrow/assets/scripts/Game/CommonGame/ui/GamePanel.ts:479:25)
    at GamePanel.startLevel (file:///D:/Works/Cocos/WxMiniGames/MiniGameArrow/temp/programming/packer-driver/targets/editor/chunks/ef/file:/D:/Works/Cocos/WxMiniGames/MiniGameArrow/assets/scripts/Game/CommonGame/ui/GamePanel.ts:422:14)
    at onComplete (file:///D:/Works/Cocos/WxMiniGames/MiniGameArrow/temp/programming/packer-driver/targets/editor/chunks/ef/file:/D:/Works/Cocos/WxMiniGames/MiniGameArrow/assets/scripts/Game/CommonGame/ui/GamePanel.ts:242:18)
    at onComplete (file:///D:/Works/Cocos/WxMiniGames/MiniGameArrow/temp/programming/packer-driver/targets/editor/chunks/ef/file:/D:/Works/Cocos/WxMiniGames/MiniGameArrow/assets/scripts/Game/CommonGame/ui/GamePanel.ts:373:35)
    at callback (file:///D:/Works/Cocos/WxMiniGames/MiniGameArrow/temp/programming/packer-driver/targets/editor/chunks/ef/file:/D:/Works/Cocos/WxMiniGames/MiniGameArrow/assets/scripts/Game/CommonGame/ui/GamePanel.ts:396:17)
    at file:///D:/Works/Cocos/WxMiniGames/MiniGameArrow/temp/programming/packer-driver/targets/editor/chunks/4b/file:/D:/Works/Cocos/WxMiniGames/MiniGameArrow/assets/scripts/engine/ResManager.ts:83:17
    at eval (C:\ProgramData\cocos\editors\Creator\3.8.8\resources\resources\3d\engine\bin\.cache\dev\editor\bundled\index.js:141562:9)
    at eval (C:\ProgramData\cocos\editors\Creator\3.8.8\resources\resources\3d\engine\bin\.cache\dev\editor\bundled\index.js:167821:9)
    at sentryWrapped (C:\ProgramData\cocos\editors\Creator\3.8.8\resources\app.asar\node_modules\@sentry\browser\src\helpers.ts:116:17)
2026-8-4 14:16:44 - warn: [PreviewInEditor] GamePanel: 关卡 8 第 35 只小羊配置无效 { row: 17, col: 3, direction: 'Up', type: 'black' }Error: [PreviewInEditor] GamePanel: 关卡 8 第 35 只小羊配置无效 { row: 17, col: 3, direction: 'Up', type: 'black' }
    at console.warn (C:\ProgramData\cocos\editors\Creator\3.8.8\resources\app.asar\node_modules\@sentry\core\src\utils-hoist\instrument\console.ts:40:14)
    at forEach (file:///D:/Works/Cocos/WxMiniGames/MiniGameArrow/temp/programming/packer-driver/targets/editor/chunks/ef/file:/D:/Works/Cocos/WxMiniGames/MiniGameArrow/assets/scripts/Game/CommonGame/ui/GamePanel.ts:483:25)
    at Array.forEach (<anonymous>)
    at GamePanel.createSheepByLevelConfig (file:///D:/Works/Cocos/WxMiniGames/MiniGameArrow/temp/programming/packer-driver/targets/editor/chunks/ef/file:/D:/Works/Cocos/WxMiniGames/MiniGameArrow/assets/scripts/Game/CommonGame/ui/GamePanel.ts:479:25)
    at GamePanel.startLevel (file:///D:/Works/Cocos/WxMiniGames/MiniGameArrow/temp/programming/packer-driver/targets/editor/chunks/ef/file:/D:/Works/Cocos/WxMiniGames/MiniGameArrow/assets/scripts/Game/CommonGame/ui/GamePanel.ts:422:14)
    at onComplete (file:///D:/Works/Cocos/WxMiniGames/MiniGameArrow/temp/programming/packer-driver/targets/editor/chunks/ef/file:/D:/Works/Cocos/WxMiniGames/MiniGameArrow/assets/scripts/Game/CommonGame/ui/GamePanel.ts:242:18)
    at onComplete (file:///D:/Works/Cocos/WxMiniGames/MiniGameArrow/temp/programming/packer-driver/targets/editor/chunks/ef/file:/D:/Works/Cocos/WxMiniGames/MiniGameArrow/assets/scripts/Game/CommonGame/ui/GamePanel.ts:373:35)
    at callback (file:///D:/Works/Cocos/WxMiniGames/MiniGameArrow/temp/programming/packer-driver/targets/editor/chunks/ef/file:/D:/Works/Cocos/WxMiniGames/MiniGameArrow/assets/scripts/Game/CommonGame/ui/GamePanel.ts:396:17)
    at file:///D:/Works/Cocos/WxMiniGames/MiniGameArrow/temp/programming/packer-driver/targets/editor/chunks/4b/file:/D:/Works/Cocos/WxMiniGames/MiniGameArrow/assets/scripts/engine/ResManager.ts:83:17
    at eval (C:\ProgramData\cocos\editors\Creator\3.8.8\resources\resources\3d\engine\bin\.cache\dev\editor\bundled\index.js:141562:9)
    at eval (C:\ProgramData\cocos\editors\Creator\3.8.8\resources\resources\3d\engine\bin\.cache\dev\editor\bundled\index.js:167821:9)
    at sentryWrapped (C:\ProgramData\cocos\editors\Creator\3.8.8\resources\app.asar\node_modules\@sentry\browser\src\helpers.ts:116:17)
2026-8-4 14:16:44 - warn: [PreviewInEditor] GamePanel: 关卡 8 第 36 只小羊配置无效 { row: 17, col: 6, direction: 'Up', type: 'normal' }Error: [PreviewInEditor] GamePanel: 关卡 8 第 36 只小羊配置无效 { row: 17, col: 6, direction: 'Up', type: 'normal' }
    at console.warn (C:\ProgramData\cocos\editors\Creator\3.8.8\resources\app.asar\node_modules\@sentry\core\src\utils-hoist\instrument\console.ts:40:14)
    at forEach (file:///D:/Works/Cocos/WxMiniGames/MiniGameArrow/temp/programming/packer-driver/targets/editor/chunks/ef/file:/D:/Works/Cocos/WxMiniGames/MiniGameArrow/assets/scripts/Game/CommonGame/ui/GamePanel.ts:483:25)
    at Array.forEach (<anonymous>)
    at GamePanel.createSheepByLevelConfig (file:///D:/Works/Cocos/WxMiniGames/MiniGameArrow/temp/programming/packer-driver/targets/editor/chunks/ef/file:/D:/Works/Cocos/WxMiniGames/MiniGameArrow/assets/scripts/Game/CommonGame/ui/GamePanel.ts:479:25)
    at GamePanel.startLevel (file:///D:/Works/Cocos/WxMiniGames/MiniGameArrow/temp/programming/packer-driver/targets/editor/chunks/ef/file:/D:/Works/Cocos/WxMiniGames/MiniGameArrow/assets/scripts/Game/CommonGame/ui/GamePanel.ts:422:14)
    at onComplete (file:///D:/Works/Cocos/WxMiniGames/MiniGameArrow/temp/programming/packer-driver/targets/editor/chunks/ef/file:/D:/Works/Cocos/WxMiniGames/MiniGameArrow/assets/scripts/Game/CommonGame/ui/GamePanel.ts:242:18)
    at onComplete (file:///D:/Works/Cocos/WxMiniGames/MiniGameArrow/temp/programming/packer-driver/targets/editor/chunks/ef/file:/D:/Works/Cocos/WxMiniGames/MiniGameArrow/assets/scripts/Game/CommonGame/ui/GamePanel.ts:373:35)
    at callback (file:///D:/Works/Cocos/WxMiniGames/MiniGameArrow/temp/programming/packer-driver/targets/editor/chunks/ef/file:/D:/Works/Cocos/WxMiniGames/MiniGameArrow/assets/scripts/Game/CommonGame/ui/GamePanel.ts:396:17)
    at file:///D:/Works/Cocos/WxMiniGames/MiniGameArrow/temp/programming/packer-driver/targets/editor/chunks/4b/file:/D:/Works/Cocos/WxMiniGames/MiniGameArrow/assets/scripts/engine/ResManager.ts:83:17
    at eval (C:\ProgramData\cocos\editors\Creator\3.8.8\resources\resources\3d\engine\bin\.cache\dev\editor\bundled\index.js:141562:9)
    at eval (C:\ProgramData\cocos\editors\Creator\3.8.8\resources\resources\3d\engine\bin\.cache\dev\editor\bundled\index.js:167821:9)
    at sentryWrapped (C:\ProgramData\cocos\editors\Creator\3.8.8\resources\app.asar\node_modules\@sentry\browser\src\helpers.ts:116:17)
2026-8-4 14:16:44 - warn: [PreviewInEditor] GamePanel: 关卡 8 第 37 只小羊配置无效 { row: 16, col: 8, direction: 'Left', type: 'black' }Error: [PreviewInEditor] GamePanel: 关卡 8 第 37 只小羊配置无效 { row: 16, col: 8, direction: 'Left', type: 'black' }
    at console.warn (C:\ProgramData\cocos\editors\Creator\3.8.8\resources\app.asar\node_modules\@sentry\core\src\utils-hoist\instrument\console.ts:40:14)
    at forEach (file:///D:/Works/Cocos/WxMiniGames/MiniGameArrow/temp/programming/packer-driver/targets/editor/chunks/ef/file:/D:/Works/Cocos/WxMiniGames/MiniGameArrow/assets/scripts/Game/CommonGame/ui/GamePanel.ts:483:25)
    at Array.forEach (<anonymous>)
    at GamePanel.createSheepByLevelConfig (file:///D:/Works/Cocos/WxMiniGames/MiniGameArrow/temp/programming/packer-driver/targets/editor/chunks/ef/file:/D:/Works/Cocos/WxMiniGames/MiniGameArrow/assets/scripts/Game/CommonGame/ui/GamePanel.ts:479:25)
    at GamePanel.startLevel (file:///D:/Works/Cocos/WxMiniGames/MiniGameArrow/temp/programming/packer-driver/targets/editor/chunks/ef/file:/D:/Works/Cocos/WxMiniGames/MiniGameArrow/assets/scripts/Game/CommonGame/ui/GamePanel.ts:422:14)
    at onComplete (file:///D:/Works/Cocos/WxMiniGames/MiniGameArrow/temp/programming/packer-driver/targets/editor/chunks/ef/file:/D:/Works/Cocos/WxMiniGames/MiniGameArrow/assets/scripts/Game/CommonGame/ui/GamePanel.ts:242:18)
    at onComplete (file:///D:/Works/Cocos/WxMiniGames/MiniGameArrow/temp/programming/packer-driver/targets/editor/chunks/ef/file:/D:/Works/Cocos/WxMiniGames/MiniGameArrow/assets/scripts/Game/CommonGame/ui/GamePanel.ts:373:35)
    at callback (file:///D:/Works/Cocos/WxMiniGames/MiniGameArrow/temp/programming/packer-driver/targets/editor/chunks/ef/file:/D:/Works/Cocos/WxMiniGames/MiniGameArrow/assets/scripts/Game/CommonGame/ui/GamePanel.ts:396:17)
    at file:///D:/Works/Cocos/WxMiniGames/MiniGameArrow/temp/programming/packer-driver/targets/editor/chunks/4b/file:/D:/Works/Cocos/WxMiniGames/MiniGameArrow/assets/scripts/engine/ResManager.ts:83:17
    at eval (C:\ProgramData\cocos\editors\Creator\3.8.8\resources\resources\3d\engine\bin\.cache\dev\editor\bundled\index.js:141562:9)
    at eval (C:\ProgramData\cocos\editors\Creator\3.8.8\resources\resources\3d\engine\bin\.cache\dev\editor\bundled\index.js:167821:9)
    at sentryWrapped (C:\ProgramData\cocos\editors\Creator\3.8.8\resources\app.asar\node_modules\@sentry\browser\src\helpers.ts:116:17)
2026-8-4 14:16:44 - warn: [PreviewInEditor] GamePanel: 关卡 8 第 38 只小羊配置无效 { row: 15, col: 10, direction: 'Left', type: 'black' }Error: [PreviewInEditor] GamePanel: 关卡 8 第 38 只小羊配置无效 { row: 15, col: 10, direction: 'Left', type: 'black' }
    at console.warn (C:\ProgramData\cocos\editors\Creator\3.8.8\resources\app.asar\node_modules\@sentry\core\src\utils-hoist\instrument\console.ts:40:14)
    at forEach (file:///D:/Works/Cocos/WxMiniGames/MiniGameArrow/temp/programming/packer-driver/targets/editor/chunks/ef/file:/D:/Works/Cocos/WxMiniGames/MiniGameArrow/assets/scripts/Game/CommonGame/ui/GamePanel.ts:483:25)
    at Array.forEach (<anonymous>)
    at GamePanel.createSheepByLevelConfig (file:///D:/Works/Cocos/WxMiniGames/MiniGameArrow/temp/programming/packer-driver/targets/editor/chunks/ef/file:/D:/Works/Cocos/WxMiniGames/MiniGameArrow/assets/scripts/Game/CommonGame/ui/GamePanel.ts:479:25)
    at GamePanel.startLevel (file:///D:/Works/Cocos/WxMiniGames/MiniGameArrow/temp/programming/packer-driver/targets/editor/chunks/ef/file:/D:/Works/Cocos/WxMiniGames/MiniGameArrow/assets/scripts/Game/CommonGame/ui/GamePanel.ts:422:14)
    at onComplete (file:///D:/Works/Cocos/WxMiniGames/MiniGameArrow/temp/programming/packer-driver/targets/editor/chunks/ef/file:/D:/Works/Cocos/WxMiniGames/MiniGameArrow/assets/scripts/Game/CommonGame/ui/GamePanel.ts:242:18)
    at onComplete (file:///D:/Works/Cocos/WxMiniGames/MiniGameArrow/temp/programming/packer-driver/targets/editor/chunks/ef/file:/D:/Works/Cocos/WxMiniGames/MiniGameArrow/assets/scripts/Game/CommonGame/ui/GamePanel.ts:373:35)
    at callback (file:///D:/Works/Cocos/WxMiniGames/MiniGameArrow/temp/programming/packer-driver/targets/editor/chunks/ef/file:/D:/Works/Cocos/WxMiniGames/MiniGameArrow/assets/scripts/Game/CommonGame/ui/GamePanel.ts:396:17)
    at file:///D:/Works/Cocos/WxMiniGames/MiniGameArrow/temp/programming/packer-driver/targets/editor/chunks/4b/file:/D:/Works/Cocos/WxMiniGames/MiniGameArrow/assets/scripts/engine/ResManager.ts:83:17
    at eval (C:\ProgramData\cocos\editors\Creator\3.8.8\resources\resources\3d\engine\bin\.cache\dev\editor\bundled\index.js:141562:9)
    at eval (C:\ProgramData\cocos\editors\Creator\3.8.8\resources\resources\3d\engine\bin\.cache\dev\editor\bundled\index.js:167821:9)
    at sentryWrapped (C:\ProgramData\cocos\editors\Creator\3.8.8\resources\app.asar\node_modules\@sentry\browser\src\helpers.ts:116:17)
2026-8-4 14:16:44 - warn: [PreviewInEditor] GamePanel: 关卡 8 第 39 只小羊配置无效 { row: 18, col: 7, direction: 'Left', type: 'normal' }Error: [PreviewInEditor] GamePanel: 关卡 8 第 39 只小羊配置无效 { row: 18, col: 7, direction: 'Left', type: 'normal' }
    at console.warn (C:\ProgramData\cocos\editors\Creator\3.8.8\resources\app.asar\node_modules\@sentry\core\src\utils-hoist\instrument\console.ts:40:14)
    at forEach (file:///D:/Works/Cocos/WxMiniGames/MiniGameArrow/temp/programming/packer-driver/targets/editor/chunks/ef/file:/D:/Works/Cocos/WxMiniGames/MiniGameArrow/assets/scripts/Game/CommonGame/ui/GamePanel.ts:483:25)
    at Array.forEach (<anonymous>)
    at GamePanel.createSheepByLevelConfig (file:///D:/Works/Cocos/WxMiniGames/MiniGameArrow/temp/programming/packer-driver/targets/editor/chunks/ef/file:/D:/Works/Cocos/WxMiniGames/MiniGameArrow/assets/scripts/Game/CommonGame/ui/GamePanel.ts:479:25)
    at GamePanel.startLevel (file:///D:/Works/Cocos/WxMiniGames/MiniGameArrow/temp/programming/packer-driver/targets/editor/chunks/ef/file:/D:/Works/Cocos/WxMiniGames/MiniGameArrow/assets/scripts/Game/CommonGame/ui/GamePanel.ts:422:14)
    at onComplete (file:///D:/Works/Cocos/WxMiniGames/MiniGameArrow/temp/programming/packer-driver/targets/editor/chunks/ef/file:/D:/Works/Cocos/WxMiniGames/MiniGameArrow/assets/scripts/Game/CommonGame/ui/GamePanel.ts:242:18)
    at onComplete (file:///D:/Works/Cocos/WxMiniGames/MiniGameArrow/temp/programming/packer-driver/targets/editor/chunks/ef/file:/D:/Works/Cocos/WxMiniGames/MiniGameArrow/assets/scripts/Game/CommonGame/ui/GamePanel.ts:373:35)
    at callback (file:///D:/Works/Cocos/WxMiniGames/MiniGameArrow/temp/programming/packer-driver/targets/editor/chunks/ef/file:/D:/Works/Cocos/WxMiniGames/MiniGameArrow/assets/scripts/Game/CommonGame/ui/GamePanel.ts:396:17)
    at file:///D:/Works/Cocos/WxMiniGames/MiniGameArrow/temp/programming/packer-driver/targets/editor/chunks/4b/file:/D:/Works/Cocos/WxMiniGames/MiniGameArrow/assets/scripts/engine/ResManager.ts:83:17
    at eval (C:\ProgramData\cocos\editors\Creator\3.8.8\resources\resources\3d\engine\bin\.cache\dev\editor\bundled\index.js:141562:9)
    at eval (C:\ProgramData\cocos\editors\Creator\3.8.8\resources\resources\3d\engine\bin\.cache\dev\editor\bundled\index.js:167821:9)
    at sentryWrapped (C:\ProgramData\cocos\editors\Creator\3.8.8\resources\app.asar\node_modules\@sentry\browser\src\helpers.ts:116:17)
2026-8-4 14:16:44 - warn: [PreviewInEditor] GamePanel: 关卡 8 第 40 只小羊配置无效 { row: 3, col: 1, direction: 'Right', type: 'black' }Error: [PreviewInEditor] GamePanel: 关卡 8 第 40 只小羊配置无效 { row: 3, col: 1, direction: 'Right', type: 'black' }
    at console.warn (C:\ProgramData\cocos\editors\Creator\3.8.8\resources\app.asar\node_modules\@sentry\core\src\utils-hoist\instrument\console.ts:40:14)
    at forEach (file:///D:/Works/Cocos/WxMiniGames/MiniGameArrow/temp/programming/packer-driver/targets/editor/chunks/ef/file:/D:/Works/Cocos/WxMiniGames/MiniGameArrow/assets/scripts/Game/CommonGame/ui/GamePanel.ts:483:25)
    at Array.forEach (<anonymous>)
    at GamePanel.createSheepByLevelConfig (file:///D:/Works/Cocos/WxMiniGames/MiniGameArrow/temp/programming/packer-driver/targets/editor/chunks/ef/file:/D:/Works/Cocos/WxMiniGames/MiniGameArrow/assets/scripts/Game/CommonGame/ui/GamePanel.ts:479:25)
    at GamePanel.startLevel (file:///D:/Works/Cocos/WxMiniGames/MiniGameArrow/temp/programming/packer-driver/targets/editor/chunks/ef/file:/D:/Works/Cocos/WxMiniGames/MiniGameArrow/assets/scripts/Game/CommonGame/ui/GamePanel.ts:422:14)
    at onComplete (file:///D:/Works/Cocos/WxMiniGames/MiniGameArrow/temp/programming/packer-driver/targets/editor/chunks/ef/file:/D:/Works/Cocos/WxMiniGames/MiniGameArrow/assets/scripts/Game/CommonGame/ui/GamePanel.ts:242:18)
    at onComplete (file:///D:/Works/Cocos/WxMiniGames/MiniGameArrow/temp/programming/packer-driver/targets/editor/chunks/ef/file:/D:/Works/Cocos/WxMiniGames/MiniGameArrow/assets/scripts/Game/CommonGame/ui/GamePanel.ts:373:35)
    at callback (file:///D:/Works/Cocos/WxMiniGames/MiniGameArrow/temp/programming/packer-driver/targets/editor/chunks/ef/file:/D:/Works/Cocos/WxMiniGames/MiniGameArrow/assets/scripts/Game/CommonGame/ui/GamePanel.ts:396:17)
    at file:///D:/Works/Cocos/WxMiniGames/MiniGameArrow/temp/programming/packer-driver/targets/editor/chunks/4b/file:/D:/Works/Cocos/WxMiniGames/MiniGameArrow/assets/scripts/engine/ResManager.ts:83:17
    at eval (C:\ProgramData\cocos\editors\Creator\3.8.8\resources\resources\3d\engine\bin\.cache\dev\editor\bundled\index.js:141562:9)
    at eval (C:\ProgramData\cocos\editors\Creator\3.8.8\resources\resources\3d\engine\bin\.cache\dev\editor\bundled\index.js:167821:9)
    at sentryWrapped (C:\ProgramData\cocos\editors\Creator\3.8.8\resources\app.asar\node_modules\@sentry\browser\src\helpers.ts:116:17)
2026-8-4 14:16:44 - warn: [PreviewInEditor] GamePanel: 关卡 8 第 41 只小羊配置无效 { row: 17, col: 9, direction: 'Left', type: 'black' }Error: [PreviewInEditor] GamePanel: 关卡 8 第 41 只小羊配置无效 { row: 17, col: 9, direction: 'Left', type: 'black' }
    at console.warn (C:\ProgramData\cocos\editors\Creator\3.8.8\resources\app.asar\node_modules\@sentry\core\src\utils-hoist\instrument\console.ts:40:14)
    at forEach (file:///D:/Works/Cocos/WxMiniGames/MiniGameArrow/temp/programming/packer-driver/targets/editor/chunks/ef/file:/D:/Works/Cocos/WxMiniGames/MiniGameArrow/assets/scripts/Game/CommonGame/ui/GamePanel.ts:483:25)
    at Array.forEach (<anonymous>)
    at GamePanel.createSheepByLevelConfig (file:///D:/Works/Cocos/WxMiniGames/MiniGameArrow/temp/programming/packer-driver/targets/editor/chunks/ef/file:/D:/Works/Cocos/WxMiniGames/MiniGameArrow/assets/scripts/Game/CommonGame/ui/GamePanel.ts:479:25)
    at GamePanel.startLevel (file:///D:/Works/Cocos/WxMiniGames/MiniGameArrow/temp/programming/packer-driver/targets/editor/chunks/ef/file:/D:/Works/Cocos/WxMiniGames/MiniGameArrow/assets/scripts/Game/CommonGame/ui/GamePanel.ts:422:14)
    at onComplete (file:///D:/Works/Cocos/WxMiniGames/MiniGameArrow/temp/programming/packer-driver/targets/editor/chunks/ef/file:/D:/Works/Cocos/WxMiniGames/MiniGameArrow/assets/scripts/Game/CommonGame/ui/GamePanel.ts:242:18)
    at onComplete (file:///D:/Works/Cocos/WxMiniGames/MiniGameArrow/temp/programming/packer-driver/targets/editor/chunks/ef/file:/D:/Works/Cocos/WxMiniGames/MiniGameArrow/assets/scripts/Game/CommonGame/ui/GamePanel.ts:373:35)
    at callback (file:///D:/Works/Cocos/WxMiniGames/MiniGameArrow/temp/programming/packer-driver/targets/editor/chunks/ef/file:/D:/Works/Cocos/WxMiniGames/MiniGameArrow/assets/scripts/Game/CommonGame/ui/GamePanel.ts:396:17)
    at file:///D:/Works/Cocos/WxMiniGames/MiniGameArrow/temp/programming/packer-driver/targets/editor/chunks/4b/file:/D:/Works/Cocos/WxMiniGames/MiniGameArrow/assets/scripts/engine/ResManager.ts:83:17
    at eval (C:\ProgramData\cocos\editors\Creator\3.8.8\resources\resources\3d\engine\bin\.cache\dev\editor\bundled\index.js:141562:9)
    at eval (C:\ProgramData\cocos\editors\Creator\3.8.8\resources\resources\3d\engine\bin\.cache\dev\editor\bundled\index.js:167821:9)
    at sentryWrapped (C:\ProgramData\cocos\editors\Creator\3.8.8\resources\app.asar\node_modules\@sentry\browser\src\helpers.ts:116:17)
2026-8-4 14:16:44 - warn: [PreviewInEditor] GamePanel: 关卡 8 第 42 只小羊配置无效 { row: 7, col: 11, direction: 'Up', type: 'normal' }Error: [PreviewInEditor] GamePanel: 关卡 8 第 42 只小羊配置无效 { row: 7, col: 11, direction: 'Up', type: 'normal' }
    at console.warn (C:\ProgramData\cocos\editors\Creator\3.8.8\resources\app.asar\node_modules\@sentry\core\src\utils-hoist\instrument\console.ts:40:14)
    at forEach (file:///D:/Works/Cocos/WxMiniGames/MiniGameArrow/temp/programming/packer-driver/targets/editor/chunks/ef/file:/D:/Works/Cocos/WxMiniGames/MiniGameArrow/assets/scripts/Game/CommonGame/ui/GamePanel.ts:483:25)
    at Array.forEach (<anonymous>)
    at GamePanel.createSheepByLevelConfig (file:///D:/Works/Cocos/WxMiniGames/MiniGameArrow/temp/programming/packer-driver/targets/editor/chunks/ef/file:/D:/Works/Cocos/WxMiniGames/MiniGameArrow/assets/scripts/Game/CommonGame/ui/GamePanel.ts:479:25)
    at GamePanel.startLevel (file:///D:/Works/Cocos/WxMiniGames/MiniGameArrow/temp/programming/packer-driver/targets/editor/chunks/ef/file:/D:/Works/Cocos/WxMiniGames/MiniGameArrow/assets/scripts/Game/CommonGame/ui/GamePanel.ts:422:14)
    at onComplete (file:///D:/Works/Cocos/WxMiniGames/MiniGameArrow/temp/programming/packer-driver/targets/editor/chunks/ef/file:/D:/Works/Cocos/WxMiniGames/MiniGameArrow/assets/scripts/Game/CommonGame/ui/GamePanel.ts:242:18)
    at onComplete (file:///D:/Works/Cocos/WxMiniGames/MiniGameArrow/temp/programming/packer-driver/targets/editor/chunks/ef/file:/D:/Works/Cocos/WxMiniGames/MiniGameArrow/assets/scripts/Game/CommonGame/ui/GamePanel.ts:373:35)
    at callback (file:///D:/Works/Cocos/WxMiniGames/MiniGameArrow/temp/programming/packer-driver/targets/editor/chunks/ef/file:/D:/Works/Cocos/WxMiniGames/MiniGameArrow/assets/scripts/Game/CommonGame/ui/GamePanel.ts:396:17)
    at file:///D:/Works/Cocos/WxMiniGames/MiniGameArrow/temp/programming/packer-driver/targets/editor/chunks/4b/file:/D:/Works/Cocos/WxMiniGames/MiniGameArrow/assets/scripts/engine/ResManager.ts:83:17
    at eval (C:\ProgramData\cocos\editors\Creator\3.8.8\resources\resources\3d\engine\bin\.cache\dev\editor\bundled\index.js:141562:9)
    at eval (C:\ProgramData\cocos\editors\Creator\3.8.8\resources\resources\3d\engine\bin\.cache\dev\editor\bundled\index.js:167821:9)
    at sentryWrapped (C:\ProgramData\cocos\editors\Creator\3.8.8\resources\app.asar\node_modules\@sentry\browser\src\helpers.ts:116:17)
2026-8-4 14:16:44 - warn: [PreviewInEditor] GamePanel: 关卡 8 第 43 只小羊配置无效 { row: 0, col: 1, direction: 'Right', type: 'black' }Error: [PreviewInEditor] GamePanel: 关卡 8 第 43 只小羊配置无效 { row: 0, col: 1, direction: 'Right', type: 'black' }
    at console.warn (C:\ProgramData\cocos\editors\Creator\3.8.8\resources\app.asar\node_modules\@sentry\core\src\utils-hoist\instrument\console.ts:40:14)
    at forEach (file:///D:/Works/Cocos/WxMiniGames/MiniGameArrow/temp/programming/packer-driver/targets/editor/chunks/ef/file:/D:/Works/Cocos/WxMiniGames/MiniGameArrow/assets/scripts/Game/CommonGame/ui/GamePanel.ts:483:25)
    at Array.forEach (<anonymous>)
    at GamePanel.createSheepByLevelConfig (file:///D:/Works/Cocos/WxMiniGames/MiniGameArrow/temp/programming/packer-driver/targets/editor/chunks/ef/file:/D:/Works/Cocos/WxMiniGames/MiniGameArrow/assets/scripts/Game/CommonGame/ui/GamePanel.ts:479:25)
    at GamePanel.startLevel (file:///D:/Works/Cocos/WxMiniGames/MiniGameArrow/temp/programming/packer-driver/targets/editor/chunks/ef/file:/D:/Works/Cocos/WxMiniGames/MiniGameArrow/assets/scripts/Game/CommonGame/ui/GamePanel.ts:422:14)
    at onComplete (file:///D:/Works/Cocos/WxMiniGames/MiniGameArrow/temp/programming/packer-driver/targets/editor/chunks/ef/file:/D:/Works/Cocos/WxMiniGames/MiniGameArrow/assets/scripts/Game/CommonGame/ui/GamePanel.ts:242:18)
    at onComplete (file:///D:/Works/Cocos/WxMiniGames/MiniGameArrow/temp/programming/packer-driver/targets/editor/chunks/ef/file:/D:/Works/Cocos/WxMiniGames/MiniGameArrow/assets/scripts/Game/CommonGame/ui/GamePanel.ts:373:35)
    at callback (file:///D:/Works/Cocos/WxMiniGames/MiniGameArrow/temp/programming/packer-driver/targets/editor/chunks/ef/file:/D:/Works/Cocos/WxMiniGames/MiniGameArrow/assets/scripts/Game/CommonGame/ui/GamePanel.ts:396:17)
    at file:///D:/Works/Cocos/WxMiniGames/MiniGameArrow/temp/programming/packer-driver/targets/editor/chunks/4b/file:/D:/Works/Cocos/WxMiniGames/MiniGameArrow/assets/scripts/engine/ResManager.ts:83:17
    at eval (C:\ProgramData\cocos\editors\Creator\3.8.8\resources\resources\3d\engine\bin\.cache\dev\editor\bundled\index.js:141562:9)
    at eval (C:\ProgramData\cocos\editors\Creator\3.8.8\resources\resources\3d\engine\bin\.cache\dev\editor\bundled\index.js:167821:9)
    at sentryWrapped (C:\ProgramData\cocos\editors\Creator\3.8.8\resources\app.asar\node_modules\@sentry\browser\src\helpers.ts:116:17)
2026-8-4 14:16:44 - warn: [PreviewInEditor] GamePanel: 关卡 8 第 44 只小羊配置无效 { row: 2, col: 0, direction: 'Down', type: 'normal' }Error: [PreviewInEditor] GamePanel: 关卡 8 第 44 只小羊配置无效 { row: 2, col: 0, direction: 'Down', type: 'normal' }
    at console.warn (C:\ProgramData\cocos\editors\Creator\3.8.8\resources\app.asar\node_modules\@sentry\core\src\utils-hoist\instrument\console.ts:40:14)
    at forEach (file:///D:/Works/Cocos/WxMiniGames/MiniGameArrow/temp/programming/packer-driver/targets/editor/chunks/ef/file:/D:/Works/Cocos/WxMiniGames/MiniGameArrow/assets/scripts/Game/CommonGame/ui/GamePanel.ts:483:25)
    at Array.forEach (<anonymous>)
    at GamePanel.createSheepByLevelConfig (file:///D:/Works/Cocos/WxMiniGames/MiniGameArrow/temp/programming/packer-driver/targets/editor/chunks/ef/file:/D:/Works/Cocos/WxMiniGames/MiniGameArrow/assets/scripts/Game/CommonGame/ui/GamePanel.ts:479:25)
    at GamePanel.startLevel (file:///D:/Works/Cocos/WxMiniGames/MiniGameArrow/temp/programming/packer-driver/targets/editor/chunks/ef/file:/D:/Works/Cocos/WxMiniGames/MiniGameArrow/assets/scripts/Game/CommonGame/ui/GamePanel.ts:422:14)
    at onComplete (file:///D:/Works/Cocos/WxMiniGames/MiniGameArrow/temp/programming/packer-driver/targets/editor/chunks/ef/file:/D:/Works/Cocos/WxMiniGames/MiniGameArrow/assets/scripts/Game/CommonGame/ui/GamePanel.ts:242:18)
    at onComplete (file:///D:/Works/Cocos/WxMiniGames/MiniGameArrow/temp/programming/packer-driver/targets/editor/chunks/ef/file:/D:/Works/Cocos/WxMiniGames/MiniGameArrow/assets/scripts/Game/CommonGame/ui/GamePanel.ts:373:35)
    at callback (file:///D:/Works/Cocos/WxMiniGames/MiniGameArrow/temp/programming/packer-driver/targets/editor/chunks/ef/file:/D:/Works/Cocos/WxMiniGames/MiniGameArrow/assets/scripts/Game/CommonGame/ui/GamePanel.ts:396:17)
    at file:///D:/Works/Cocos/WxMiniGames/MiniGameArrow/temp/programming/packer-driver/targets/editor/chunks/4b/file:/D:/Works/Cocos/WxMiniGames/MiniGameArrow/assets/scripts/engine/ResManager.ts:83:17
    at eval (C:\ProgramData\cocos\editors\Creator\3.8.8\resources\resources\3d\engine\bin\.cache\dev\editor\bundled\index.js:141562:9)
    at eval (C:\ProgramData\cocos\editors\Creator\3.8.8\resources\resources\3d\engine\bin\.cache\dev\editor\bundled\index.js:167821:9)
    at sentryWrapped (C:\ProgramData\cocos\editors\Creator\3.8.8\resources\app.asar\node_modules\@sentry\browser\src\helpers.ts:116:17)
2026-8-4 14:16:44 - warn: [PreviewInEditor] GamePanel: 关卡 8 第 45 只小羊配置无效 { row: 13, col: 10, direction: 'Left', type: 'normal' }Error: [PreviewInEditor] GamePanel: 关卡 8 第 45 只小羊配置无效 { row: 13, col: 10, direction: 'Left', type: 'normal' }
    at console.warn (C:\ProgramData\cocos\editors\Creator\3.8.8\resources\app.asar\node_modules\@sentry\core\src\utils-hoist\instrument\console.ts:40:14)
    at forEach (file:///D:/Works/Cocos/WxMiniGames/MiniGameArrow/temp/programming/packer-driver/targets/editor/chunks/ef/file:/D:/Works/Cocos/WxMiniGames/MiniGameArrow/assets/scripts/Game/CommonGame/ui/GamePanel.ts:483:25)
    at Array.forEach (<anonymous>)
    at GamePanel.createSheepByLevelConfig (file:///D:/Works/Cocos/WxMiniGames/MiniGameArrow/temp/programming/packer-driver/targets/editor/chunks/ef/file:/D:/Works/Cocos/WxMiniGames/MiniGameArrow/assets/scripts/Game/CommonGame/ui/GamePanel.ts:479:25)
    at GamePanel.startLevel (file:///D:/Works/Cocos/WxMiniGames/MiniGameArrow/temp/programming/packer-driver/targets/editor/chunks/ef/file:/D:/Works/Cocos/WxMiniGames/MiniGameArrow/assets/scripts/Game/CommonGame/ui/GamePanel.ts:422:14)
    at onComplete (file:///D:/Works/Cocos/WxMiniGames/MiniGameArrow/temp/programming/packer-driver/targets/editor/chunks/ef/file:/D:/Works/Cocos/WxMiniGames/MiniGameArrow/assets/scripts/Game/CommonGame/ui/GamePanel.ts:242:18)
    at onComplete (file:///D:/Works/Cocos/WxMiniGames/MiniGameArrow/temp/programming/packer-driver/targets/editor/chunks/ef/file:/D:/Works/Cocos/WxMiniGames/MiniGameArrow/assets/scripts/Game/CommonGame/ui/GamePanel.ts:373:35)
    at callback (file:///D:/Works/Cocos/WxMiniGames/MiniGameArrow/temp/programming/packer-driver/targets/editor/chunks/ef/file:/D:/Works/Cocos/WxMiniGames/MiniGameArrow/assets/scripts/Game/CommonGame/ui/GamePanel.ts:396:17)
    at file:///D:/Works/Cocos/WxMiniGames/MiniGameArrow/temp/programming/packer-driver/targets/editor/chunks/4b/file:/D:/Works/Cocos/WxMiniGames/MiniGameArrow/assets/scripts/engine/ResManager.ts:83:17
    at eval (C:\ProgramData\cocos\editors\Creator\3.8.8\resources\resources\3d\engine\bin\.cache\dev\editor\bundled\index.js:141562:9)
    at eval (C:\ProgramData\cocos\editors\Creator\3.8.8\resources\resources\3d\engine\bin\.cache\dev\editor\bundled\index.js:167821:9)
    at sentryWrapped (C:\ProgramData\cocos\editors\Creator\3.8.8\resources\app.asar\node_modules\@sentry\browser\src\helpers.ts:116:17)
2026-8-4 14:16:44 - warn: [PreviewInEditor] GamePanel: 关卡 8 第 46 只小羊配置无效 { row: 1, col: 1, direction: 'Up', type: 'black' }Error: [PreviewInEditor] GamePanel: 关卡 8 第 46 只小羊配置无效 { row: 1, col: 1, direction: 'Up', type: 'black' }
    at console.warn (C:\ProgramData\cocos\editors\Creator\3.8.8\resources\app.asar\node_modules\@sentry\core\src\utils-hoist\instrument\console.ts:40:14)
    at forEach (file:///D:/Works/Cocos/WxMiniGames/MiniGameArrow/temp/programming/packer-driver/targets/editor/chunks/ef/file:/D:/Works/Cocos/WxMiniGames/MiniGameArrow/assets/scripts/Game/CommonGame/ui/GamePanel.ts:483:25)
    at Array.forEach (<anonymous>)
    at GamePanel.createSheepByLevelConfig (file:///D:/Works/Cocos/WxMiniGames/MiniGameArrow/temp/programming/packer-driver/targets/editor/chunks/ef/file:/D:/Works/Cocos/WxMiniGames/MiniGameArrow/assets/scripts/Game/CommonGame/ui/GamePanel.ts:479:25)
    at GamePanel.startLevel (file:///D:/Works/Cocos/WxMiniGames/MiniGameArrow/temp/programming/packer-driver/targets/editor/chunks/ef/file:/D:/Works/Cocos/WxMiniGames/MiniGameArrow/assets/scripts/Game/CommonGame/ui/GamePanel.ts:422:14)
    at onComplete (file:///D:/Works/Cocos/WxMiniGames/MiniGameArrow/temp/programming/packer-driver/targets/editor/chunks/ef/file:/D:/Works/Cocos/WxMiniGames/MiniGameArrow/assets/scripts/Game/CommonGame/ui/GamePanel.ts:242:18)
    at onComplete (file:///D:/Works/Cocos/WxMiniGames/MiniGameArrow/temp/programming/packer-driver/targets/editor/chunks/ef/file:/D:/Works/Cocos/WxMiniGames/MiniGameArrow/assets/scripts/Game/CommonGame/ui/GamePanel.ts:373:35)
    at callback (file:///D:/Works/Cocos/WxMiniGames/MiniGameArrow/temp/programming/packer-driver/targets/editor/chunks/ef/file:/D:/Works/Cocos/WxMiniGames/MiniGameArrow/assets/scripts/Game/CommonGame/ui/GamePanel.ts:396:17)
    at file:///D:/Works/Cocos/WxMiniGames/MiniGameArrow/temp/programming/packer-driver/targets/editor/chunks/4b/file:/D:/Works/Cocos/WxMiniGames/MiniGameArrow/assets/scripts/engine/ResManager.ts:83:17
    at eval (C:\ProgramData\cocos\editors\Creator\3.8.8\resources\resources\3d\engine\bin\.cache\dev\editor\bundled\index.js:141562:9)
    at eval (C:\ProgramData\cocos\editors\Creator\3.8.8\resources\resources\3d\engine\bin\.cache\dev\editor\bundled\index.js:167821:9)
    at sentryWrapped (C:\ProgramData\cocos\editors\Creator\3.8.8\resources\app.asar\node_modules\@sentry\browser\src\helpers.ts:116:17)
2026-8-4 14:16:44 - warn: [PreviewInEditor] GamePanel: 关卡 8 第 47 只小羊配置无效 { row: 16, col: 10, direction: 'Left', type: 'black' }Error: [PreviewInEditor] GamePanel: 关卡 8 第 47 只小羊配置无效 { row: 16, col: 10, direction: 'Left', type: 'black' }
    at console.warn (C:\ProgramData\cocos\editors\Creator\3.8.8\resources\app.asar\node_modules\@sentry\core\src\utils-hoist\instrument\console.ts:40:14)
    at forEach (file:///D:/Works/Cocos/WxMiniGames/MiniGameArrow/temp/programming/packer-driver/targets/editor/chunks/ef/file:/D:/Works/Cocos/WxMiniGames/MiniGameArrow/assets/scripts/Game/CommonGame/ui/GamePanel.ts:483:25)
    at Array.forEach (<anonymous>)
    at GamePanel.createSheepByLevelConfig (file:///D:/Works/Cocos/WxMiniGames/MiniGameArrow/temp/programming/packer-driver/targets/editor/chunks/ef/file:/D:/Works/Cocos/WxMiniGames/MiniGameArrow/assets/scripts/Game/CommonGame/ui/GamePanel.ts:479:25)
    at GamePanel.startLevel (file:///D:/Works/Cocos/WxMiniGames/MiniGameArrow/temp/programming/packer-driver/targets/editor/chunks/ef/file:/D:/Works/Cocos/WxMiniGames/MiniGameArrow/assets/scripts/Game/CommonGame/ui/GamePanel.ts:422:14)
    at onComplete (file:///D:/Works/Cocos/WxMiniGames/MiniGameArrow/temp/programming/packer-driver/targets/editor/chunks/ef/file:/D:/Works/Cocos/WxMiniGames/MiniGameArrow/assets/scripts/Game/CommonGame/ui/GamePanel.ts:242:18)
    at onComplete (file:///D:/Works/Cocos/WxMiniGames/MiniGameArrow/temp/programming/packer-driver/targets/editor/chunks/ef/file:/D:/Works/Cocos/WxMiniGames/MiniGameArrow/assets/scripts/Game/CommonGame/ui/GamePanel.ts:373:35)
    at callback (file:///D:/Works/Cocos/WxMiniGames/MiniGameArrow/temp/programming/packer-driver/targets/editor/chunks/ef/file:/D:/Works/Cocos/WxMiniGames/MiniGameArrow/assets/scripts/Game/CommonGame/ui/GamePanel.ts:396:17)
    at file:///D:/Works/Cocos/WxMiniGames/MiniGameArrow/temp/programming/packer-driver/targets/editor/chunks/4b/file:/D:/Works/Cocos/WxMiniGames/MiniGameArrow/assets/scripts/engine/ResManager.ts:83:17
    at eval (C:\ProgramData\cocos\editors\Creator\3.8.8\resources\resources\3d\engine\bin\.cache\dev\editor\bundled\index.js:141562:9)
    at eval (C:\ProgramData\cocos\editors\Creator\3.8.8\resources\resources\3d\engine\bin\.cache\dev\editor\bundled\index.js:167821:9)
    at sentryWrapped (C:\ProgramData\cocos\editors\Creator\3.8.8\resources\app.asar\node_modules\@sentry\browser\src\helpers.ts:116:17)
2026-8-4 14:16:44 - warn: [PreviewInEditor] GamePanel: 关卡 8 第 48 只小羊配置无效 { row: 1, col: 2, direction: 'Up', type: 'black' }Error: [PreviewInEditor] GamePanel: 关卡 8 第 48 只小羊配置无效 { row: 1, col: 2, direction: 'Up', type: 'black' }
    at console.warn (C:\ProgramData\cocos\editors\Creator\3.8.8\resources\app.asar\node_modules\@sentry\core\src\utils-hoist\instrument\console.ts:40:14)
    at forEach (file:///D:/Works/Cocos/WxMiniGames/MiniGameArrow/temp/programming/packer-driver/targets/editor/chunks/ef/file:/D:/Works/Cocos/WxMiniGames/MiniGameArrow/assets/scripts/Game/CommonGame/ui/GamePanel.ts:483:25)
    at Array.forEach (<anonymous>)
    at GamePanel.createSheepByLevelConfig (file:///D:/Works/Cocos/WxMiniGames/MiniGameArrow/temp/programming/packer-driver/targets/editor/chunks/ef/file:/D:/Works/Cocos/WxMiniGames/MiniGameArrow/assets/scripts/Game/CommonGame/ui/GamePanel.ts:479:25)
    at GamePanel.startLevel (file:///D:/Works/Cocos/WxMiniGames/MiniGameArrow/temp/programming/packer-driver/targets/editor/chunks/ef/file:/D:/Works/Cocos/WxMiniGames/MiniGameArrow/assets/scripts/Game/CommonGame/ui/GamePanel.ts:422:14)
    at onComplete (file:///D:/Works/Cocos/WxMiniGames/MiniGameArrow/temp/programming/packer-driver/targets/editor/chunks/ef/file:/D:/Works/Cocos/WxMiniGames/MiniGameArrow/assets/scripts/Game/CommonGame/ui/GamePanel.ts:242:18)
    at onComplete (file:///D:/Works/Cocos/WxMiniGames/MiniGameArrow/temp/programming/packer-driver/targets/editor/chunks/ef/file:/D:/Works/Cocos/WxMiniGames/MiniGameArrow/assets/scripts/Game/CommonGame/ui/GamePanel.ts:373:35)
    at callback (file:///D:/Works/Cocos/WxMiniGames/MiniGameArrow/temp/programming/packer-driver/targets/editor/chunks/ef/file:/D:/Works/Cocos/WxMiniGames/MiniGameArrow/assets/scripts/Game/CommonGame/ui/GamePanel.ts:396:17)
    at file:///D:/Works/Cocos/WxMiniGames/MiniGameArrow/temp/programming/packer-driver/targets/editor/chunks/4b/file:/D:/Works/Cocos/WxMiniGames/MiniGameArrow/assets/scripts/engine/ResManager.ts:83:17
    at eval (C:\ProgramData\cocos\editors\Creator\3.8.8\resources\resources\3d\engine\bin\.cache\dev\editor\bundled\index.js:141562:9)
    at eval (C:\ProgramData\cocos\editors\Creator\3.8.8\resources\resources\3d\engine\bin\.cache\dev\editor\bundled\index.js:167821:9)
    at sentryWrapped (C:\ProgramData\cocos\editors\Creator\3.8.8\resources\app.asar\node_modules\@sentry\browser\src\helpers.ts:116:17)
2026-8-4 14:16:44 - warn: [PreviewInEditor] GamePanel: 关卡 8 第 49 只小羊配置无效 { row: 18, col: 9, direction: 'Right', type: 'normal' }Error: [PreviewInEditor] GamePanel: 关卡 8 第 49 只小羊配置无效 { row: 18, col: 9, direction: 'Right', type: 'normal' }
    at console.warn (C:\ProgramData\cocos\editors\Creator\3.8.8\resources\app.asar\node_modules\@sentry\core\src\utils-hoist\instrument\console.ts:40:14)
    at forEach (file:///D:/Works/Cocos/WxMiniGames/MiniGameArrow/temp/programming/packer-driver/targets/editor/chunks/ef/file:/D:/Works/Cocos/WxMiniGames/MiniGameArrow/assets/scripts/Game/CommonGame/ui/GamePanel.ts:483:25)
    at Array.forEach (<anonymous>)
    at GamePanel.createSheepByLevelConfig (file:///D:/Works/Cocos/WxMiniGames/MiniGameArrow/temp/programming/packer-driver/targets/editor/chunks/ef/file:/D:/Works/Cocos/WxMiniGames/MiniGameArrow/assets/scripts/Game/CommonGame/ui/GamePanel.ts:479:25)
    at GamePanel.startLevel (file:///D:/Works/Cocos/WxMiniGames/MiniGameArrow/temp/programming/packer-driver/targets/editor/chunks/ef/file:/D:/Works/Cocos/WxMiniGames/MiniGameArrow/assets/scripts/Game/CommonGame/ui/GamePanel.ts:422:14)
    at onComplete (file:///D:/Works/Cocos/WxMiniGames/MiniGameArrow/temp/programming/packer-driver/targets/editor/chunks/ef/file:/D:/Works/Cocos/WxMiniGames/MiniGameArrow/assets/scripts/Game/CommonGame/ui/GamePanel.ts:242:18)
    at onComplete (file:///D:/Works/Cocos/WxMiniGames/MiniGameArrow/temp/programming/packer-driver/targets/editor/chunks/ef/file:/D:/Works/Cocos/WxMiniGames/MiniGameArrow/assets/scripts/Game/CommonGame/ui/GamePanel.ts:373:35)
    at callback (file:///D:/Works/Cocos/WxMiniGames/MiniGameArrow/temp/programming/packer-driver/targets/editor/chunks/ef/file:/D:/Works/Cocos/WxMiniGames/MiniGameArrow/assets/scripts/Game/CommonGame/ui/GamePanel.ts:396:17)
    at file:///D:/Works/Cocos/WxMiniGames/MiniGameArrow/temp/programming/packer-driver/targets/editor/chunks/4b/file:/D:/Works/Cocos/WxMiniGames/MiniGameArrow/assets/scripts/engine/ResManager.ts:83:17
    at eval (C:\ProgramData\cocos\editors\Creator\3.8.8\resources\resources\3d\engine\bin\.cache\dev\editor\bundled\index.js:141562:9)
    at eval (C:\ProgramData\cocos\editors\Creator\3.8.8\resources\resources\3d\engine\bin\.cache\dev\editor\bundled\index.js:167821:9)
    at sentryWrapped (C:\ProgramData\cocos\editors\Creator\3.8.8\resources\app.asar\node_modules\@sentry\browser\src\helpers.ts:116:17)
2026-8-4 14:16:44 - warn: [PreviewInEditor] GamePanel: 关卡 8 第 50 只小羊配置无效 { row: 1, col: 9, direction: 'Up', type: 'black' }Error: [PreviewInEditor] GamePanel: 关卡 8 第 50 只小羊配置无效 { row: 1, col: 9, direction: 'Up', type: 'black' }
    at console.warn (C:\ProgramData\cocos\editors\Creator\3.8.8\resources\app.asar\node_modules\@sentry\core\src\utils-hoist\instrument\console.ts:40:14)
    at forEach (file:///D:/Works/Cocos/WxMiniGames/MiniGameArrow/temp/programming/packer-driver/targets/editor/chunks/ef/file:/D:/Works/Cocos/WxMiniGames/MiniGameArrow/assets/scripts/Game/CommonGame/ui/GamePanel.ts:483:25)
    at Array.forEach (<anonymous>)
    at GamePanel.createSheepByLevelConfig (file:///D:/Works/Cocos/WxMiniGames/MiniGameArrow/temp/programming/packer-driver/targets/editor/chunks/ef/file:/D:/Works/Cocos/WxMiniGames/MiniGameArrow/assets/scripts/Game/CommonGame/ui/GamePanel.ts:479:25)
    at GamePanel.startLevel (file:///D:/Works/Cocos/WxMiniGames/MiniGameArrow/temp/programming/packer-driver/targets/editor/chunks/ef/file:/D:/Works/Cocos/WxMiniGames/MiniGameArrow/assets/scripts/Game/CommonGame/ui/GamePanel.ts:422:14)
    at onComplete (file:///D:/Works/Cocos/WxMiniGames/MiniGameArrow/temp/programming/packer-driver/targets/editor/chunks/ef/file:/D:/Works/Cocos/WxMiniGames/MiniGameArrow/assets/scripts/Game/CommonGame/ui/GamePanel.ts:242:18)
    at onComplete (file:///D:/Works/Cocos/WxMiniGames/MiniGameArrow/temp/programming/packer-driver/targets/editor/chunks/ef/file:/D:/Works/Cocos/WxMiniGames/MiniGameArrow/assets/scripts/Game/CommonGame/ui/GamePanel.ts:373:35)
    at callback (file:///D:/Works/Cocos/WxMiniGames/MiniGameArrow/temp/programming/packer-driver/targets/editor/chunks/ef/file:/D:/Works/Cocos/WxMiniGames/MiniGameArrow/assets/scripts/Game/CommonGame/ui/GamePanel.ts:396:17)
    at file:///D:/Works/Cocos/WxMiniGames/MiniGameArrow/temp/programming/packer-driver/targets/editor/chunks/4b/file:/D:/Works/Cocos/WxMiniGames/MiniGameArrow/assets/scripts/engine/ResManager.ts:83:17
    at eval (C:\ProgramData\cocos\editors\Creator\3.8.8\resources\resources\3d\engine\bin\.cache\dev\editor\bundled\index.js:141562:9)
    at eval (C:\ProgramData\cocos\editors\Creator\3.8.8\resources\resources\3d\engine\bin\.cache\dev\editor\bundled\index.js:167821:9)
    at sentryWrapped (C:\ProgramData\cocos\editors\Creator\3.8.8\resources\app.asar\node_modules\@sentry\browser\src\helpers.ts:116:17)
2026-8-4 14:16:44 - warn: [PreviewInEditor] GamePanel: 关卡 8 第 51 只小羊配置无效 { row: 1, col: 10, direction: 'Up', type: 'normal' }Error: [PreviewInEditor] GamePanel: 关卡 8 第 51 只小羊配置无效 { row: 1, col: 10, direction: 'Up', type: 'normal' }
    at console.warn (C:\ProgramData\cocos\editors\Creator\3.8.8\resources\app.asar\node_modules\@sentry\core\src\utils-hoist\instrument\console.ts:40:14)
    at forEach (file:///D:/Works/Cocos/WxMiniGames/MiniGameArrow/temp/programming/packer-driver/targets/editor/chunks/ef/file:/D:/Works/Cocos/WxMiniGames/MiniGameArrow/assets/scripts/Game/CommonGame/ui/GamePanel.ts:483:25)
    at Array.forEach (<anonymous>)
    at GamePanel.createSheepByLevelConfig (file:///D:/Works/Cocos/WxMiniGames/MiniGameArrow/temp/programming/packer-driver/targets/editor/chunks/ef/file:/D:/Works/Cocos/WxMiniGames/MiniGameArrow/assets/scripts/Game/CommonGame/ui/GamePanel.ts:479:25)
    at GamePanel.startLevel (file:///D:/Works/Cocos/WxMiniGames/MiniGameArrow/temp/programming/packer-driver/targets/editor/chunks/ef/file:/D:/Works/Cocos/WxMiniGames/MiniGameArrow/assets/scripts/Game/CommonGame/ui/GamePanel.ts:422:14)
    at onComplete (file:///D:/Works/Cocos/WxMiniGames/MiniGameArrow/temp/programming/packer-driver/targets/editor/chunks/ef/file:/D:/Works/Cocos/WxMiniGames/MiniGameArrow/assets/scripts/Game/CommonGame/ui/GamePanel.ts:242:18)
    at onComplete (file:///D:/Works/Cocos/WxMiniGames/MiniGameArrow/temp/programming/packer-driver/targets/editor/chunks/ef/file:/D:/Works/Cocos/WxMiniGames/MiniGameArrow/assets/scripts/Game/CommonGame/ui/GamePanel.ts:373:35)
    at callback (file:///D:/Works/Cocos/WxMiniGames/MiniGameArrow/temp/programming/packer-driver/targets/editor/chunks/ef/file:/D:/Works/Cocos/WxMiniGames/MiniGameArrow/assets/scripts/Game/CommonGame/ui/GamePanel.ts:396:17)
    at file:///D:/Works/Cocos/WxMiniGames/MiniGameArrow/temp/programming/packer-driver/targets/editor/chunks/4b/file:/D:/Works/Cocos/WxMiniGames/MiniGameArrow/assets/scripts/engine/ResManager.ts:83:17
    at eval (C:\ProgramData\cocos\editors\Creator\3.8.8\resources\resources\3d\engine\bin\.cache\dev\editor\bundled\index.js:141562:9)
    at eval (C:\ProgramData\cocos\editors\Creator\3.8.8\resources\resources\3d\engine\bin\.cache\dev\editor\bundled\index.js:167821:9)
    at sentryWrapped (C:\ProgramData\cocos\editors\Creator\3.8.8\resources\app.asar\node_modules\@sentry\browser\src\helpers.ts:116:17)
2026-8-4 14:16:44 - warn: [PreviewInEditor] GamePanel: 关卡 8 第 52 只小羊配置无效 { row: 0, col: 0, direction: 'Down', type: 'black' }Error: [PreviewInEditor] GamePanel: 关卡 8 第 52 只小羊配置无效 { row: 0, col: 0, direction: 'Down', type: 'black' }
    at console.warn (C:\ProgramData\cocos\editors\Creator\3.8.8\resources\app.asar\node_modules\@sentry\core\src\utils-hoist\instrument\console.ts:40:14)
    at forEach (file:///D:/Works/Cocos/WxMiniGames/MiniGameArrow/temp/programming/packer-driver/targets/editor/chunks/ef/file:/D:/Works/Cocos/WxMiniGames/MiniGameArrow/assets/scripts/Game/CommonGame/ui/GamePanel.ts:483:25)
    at Array.forEach (<anonymous>)
    at GamePanel.createSheepByLevelConfig (file:///D:/Works/Cocos/WxMiniGames/MiniGameArrow/temp/programming/packer-driver/targets/editor/chunks/ef/file:/D:/Works/Cocos/WxMiniGames/MiniGameArrow/assets/scripts/Game/CommonGame/ui/GamePanel.ts:479:25)
    at GamePanel.startLevel (file:///D:/Works/Cocos/WxMiniGames/MiniGameArrow/temp/programming/packer-driver/targets/editor/chunks/ef/file:/D:/Works/Cocos/WxMiniGames/MiniGameArrow/assets/scripts/Game/CommonGame/ui/GamePanel.ts:422:14)
    at onComplete (file:///D:/Works/Cocos/WxMiniGames/MiniGameArrow/temp/programming/packer-driver/targets/editor/chunks/ef/file:/D:/Works/Cocos/WxMiniGames/MiniGameArrow/assets/scripts/Game/CommonGame/ui/GamePanel.ts:242:18)
    at onComplete (file:///D:/Works/Cocos/WxMiniGames/MiniGameArrow/temp/programming/packer-driver/targets/editor/chunks/ef/file:/D:/Works/Cocos/WxMiniGames/MiniGameArrow/assets/scripts/Game/CommonGame/ui/GamePanel.ts:373:35)
    at callback (file:///D:/Works/Cocos/WxMiniGames/MiniGameArrow/temp/programming/packer-driver/targets/editor/chunks/ef/file:/D:/Works/Cocos/WxMiniGames/MiniGameArrow/assets/scripts/Game/CommonGame/ui/GamePanel.ts:396:17)
    at file:///D:/Works/Cocos/WxMiniGames/MiniGameArrow/temp/programming/packer-driver/targets/editor/chunks/4b/file:/D:/Works/Cocos/WxMiniGames/MiniGameArrow/assets/scripts/engine/ResManager.ts:83:17
    at eval (C:\ProgramData\cocos\editors\Creator\3.8.8\resources\resources\3d\engine\bin\.cache\dev\editor\bundled\index.js:141562:9)
    at eval (C:\ProgramData\cocos\editors\Creator\3.8.8\resources\resources\3d\engine\bin\.cache\dev\editor\bundled\index.js:167821:9)
    at sentryWrapped (C:\ProgramData\cocos\editors\Creator\3.8.8\resources\app.asar\node_modules\@sentry\browser\src\helpers.ts:116:17)
2026-8-4 14:16:49 - warn: [PreviewInEditor] IPC message has been lost.Error: [PreviewInEditor] IPC message has been lost.
    at console.warn (C:\ProgramData\cocos\editors\Creator\3.8.8\resources\app.asar\node_modules\@sentry\core\src\utils-hoist\instrument\console.ts:40:14)
    at IpcRenderer.<anonymous> (C:\ProgramData\cocos\editors\Creator\3.8.8\resources\app.asar\builtin\scene\dist\script\3d\manager\ipc\web\webview.ccc:1:1464)
    at IpcRenderer.emit (node:events:519:28)
    at Object.onMessage (node:electron/js2c/renderer_init:2:8837)
2026-8-4 14:16:49 - info: [PreviewInEditor] 预览环境初始化完毕
