{
  "__type__": "cc.SpriteFrame",
  "content": {
    "name": "Pictoicon_Gear",
    "atlas": "",
    "rect": {
      "x": 21,
      "y": 21,
      "width": 86,
      "height": 86
    },
    "offset": {
      "x": 0,
      "y": 0
    },
    "originalSize": {
      "width": 128,
      "height": 128
    },
    "rotated": false,
    "capInsets": [
      0,
      0,
      0,
      0
    ],
    "vertices": {
      "rawPosition": [
        -43,
        -43,
        0,
        43,
        -43,
        0,
        -43,
        43,
        0,
        43,
        43,
        0
      ],
      "indexes": [
        0,
        1,
        2,
        2,
        1,
        3
      ],
      "uv": [
        21,
        107,
        107,
        107,
        21,
        21,
        107,
        21
      ],
      "nuv": [
        0.1640625,
        0.1640625,
        0.8359375,
        0.1640625,
        0.1640625,
        0.8359375,
        0.8359375,
        0.8359375
      ],
      "minPos": {
        "x": -43,
        "y": -43,
        "z": 0
      },
      "maxPos": {
        "x": 43,
        "y": 43,
        "z": 0
      }
    },
    "texture": "4e9cfa13-dac5-4d82-861c-1cc1eaa9920d@6c48a",
    "packable": true,
    "pixelsToUnit": 100,
    "pivot": {
      "x": 0.5,
      "y": 0.5
    },
    "meshType": 0
  }
}