{
  "__type__": "cc.SpriteFrame",
  "content": {
    "name": "flower04",
    "atlas": "",
    "rect": {
      "x": 2,
      "y": 1,
      "width": 88,
      "height": 148
    },
    "offset": {
      "x": 0,
      "y": 0
    },
    "originalSize": {
      "width": 92,
      "height": 150
    },
    "rotated": false,
    "capInsets": [
      0,
      0,
      0,
      0
    ],
    "vertices": {
      "rawPosition": [
        -44,
        -74,
        0,
        44,
        -74,
        0,
        -44,
        74,
        0,
        44,
        74,
        0
      ],
      "indexes": [
        0,
        1,
        2,
        2,
        1,
        3
      ],
      "uv": [
        2,
        149,
        90,
        149,
        2,
        1,
        90,
        1
      ],
      "nuv": [
        0.021739130434782608,
        0.006666666666666667,
        0.9782608695652174,
        0.006666666666666667,
        0.021739130434782608,
        0.9933333333333333,
        0.9782608695652174,
        0.9933333333333333
      ],
      "minPos": {
        "x": -44,
        "y": -74,
        "z": 0
      },
      "maxPos": {
        "x": 44,
        "y": 74,
        "z": 0
      }
    },
    "texture": "b08c3ffe-2d09-4de1-9b4a-2c5d18b5fabe@6c48a",
    "packable": true,
    "pixelsToUnit": 100,
    "pivot": {
      "x": 0.5,
      "y": 0.5
    },
    "meshType": 0
  }
}