{
  "__type__": "cc.SpriteFrame",
  "content": {
    "name": "sheeptitle",
    "atlas": "",
    "rect": {
      "x": 15,
      "y": 22,
      "width": 480,
      "height": 374
    },
    "offset": {
      "x": 0,
      "y": 0
    },
    "originalSize": {
      "width": 510,
      "height": 418
    },
    "rotated": false,
    "capInsets": [
      0,
      0,
      0,
      0
    ],
    "vertices": {
      "rawPosition": [
        -240,
        -187,
        0,
        240,
        -187,
        0,
        -240,
        187,
        0,
        240,
        187,
        0
      ],
      "indexes": [
        0,
        1,
        2,
        2,
        1,
        3
      ],
      "uv": [
        15,
        396,
        495,
        396,
        15,
        22,
        495,
        22
      ],
      "nuv": [
        0.029411764705882353,
        0.05263157894736842,
        0.9705882352941176,
        0.05263157894736842,
        0.029411764705882353,
        0.9473684210526315,
        0.9705882352941176,
        0.9473684210526315
      ],
      "minPos": {
        "x": -240,
        "y": -187,
        "z": 0
      },
      "maxPos": {
        "x": 240,
        "y": 187,
        "z": 0
      }
    },
    "texture": "a66726f4-f780-4d1d-b776-00cce3b6c51d@6c48a",
    "packable": true,
    "pixelsToUnit": 100,
    "pivot": {
      "x": 0.5,
      "y": 0.5
    },
    "meshType": 0
  }
}