{
  "__type__": "cc.SpriteFrame",
  "content": {
    "name": "title",
    "atlas": "",
    "rect": {
      "x": 9,
      "y": 12,
      "width": 581,
      "height": 274
    },
    "offset": {
      "x": -0.5,
      "y": 0.5
    },
    "originalSize": {
      "width": 600,
      "height": 299
    },
    "rotated": false,
    "capInsets": [
      0,
      0,
      0,
      0
    ],
    "vertices": {
      "rawPosition": [
        -290.5,
        -137,
        0,
        290.5,
        -137,
        0,
        -290.5,
        137,
        0,
        290.5,
        137,
        0
      ],
      "indexes": [
        0,
        1,
        2,
        2,
        1,
        3
      ],
      "uv": [
        9,
        287,
        590,
        287,
        9,
        13,
        590,
        13
      ],
      "nuv": [
        0.015,
        0.043478260869565216,
        0.9833333333333333,
        0.043478260869565216,
        0.015,
        0.959866220735786,
        0.9833333333333333,
        0.959866220735786
      ],
      "minPos": {
        "x": -290.5,
        "y": -137,
        "z": 0
      },
      "maxPos": {
        "x": 290.5,
        "y": 137,
        "z": 0
      }
    },
    "texture": "4dfad19b-187b-40d5-ba83-2e74171fdee1@6c48a",
    "packable": true,
    "pixelsToUnit": 100,
    "pivot": {
      "x": 0.5,
      "y": 0.5
    },
    "meshType": 0
  }
}