{
  "__type__": "cc.SpriteFrame",
  "content": {
    "name": "flower02",
    "atlas": "",
    "rect": {
      "x": 1,
      "y": 0,
      "width": 99,
      "height": 150
    },
    "offset": {
      "x": 0,
      "y": 0
    },
    "originalSize": {
      "width": 101,
      "height": 150
    },
    "rotated": false,
    "capInsets": [
      0,
      0,
      0,
      0
    ],
    "vertices": {
      "rawPosition": [
        -49.5,
        -75,
        0,
        49.5,
        -75,
        0,
        -49.5,
        75,
        0,
        49.5,
        75,
        0
      ],
      "indexes": [
        0,
        1,
        2,
        2,
        1,
        3
      ],
      "uv": [
        1,
        150,
        100,
        150,
        1,
        0,
        100,
        0
      ],
      "nuv": [
        0.009900990099009901,
        0,
        0.9900990099009901,
        0,
        0.009900990099009901,
        1,
        0.9900990099009901,
        1
      ],
      "minPos": {
        "x": -49.5,
        "y": -75,
        "z": 0
      },
      "maxPos": {
        "x": 49.5,
        "y": 75,
        "z": 0
      }
    },
    "texture": "74b34073-03b1-40b3-b1e5-cab009cb68a4@6c48a",
    "packable": true,
    "pixelsToUnit": 100,
    "pivot": {
      "x": 0.5,
      "y": 0.5
    },
    "meshType": 0
  }
}