14:21:36.529 debug: 2026/8/3 14:21:36
14:21:36.530 debug: Project: D:\Works\Cocos\WxMiniGames\MiniGameArrow
14:21:36.530 debug: Targets: editor,preview
14:21:36.541 debug: Incremental file seems great.
14:21:36.542 debug: Engine path: C:\ProgramData\cocos\editors\Creator\3.8.8\resources\resources\3d\engine
14:21:36.560 debug: Initializing target [Editor]
14:21:36.560 debug: Loading cache
14:21:36.708 debug: Loading cache costs 147.01670000000013ms.
14:21:36.708 debug: Engine features shipped in editor: base,gfx-webgl,gfx-webgl2,gfx-empty,gfx-webgpu,3d,animation,skeletal-animation,2d,rich-text,mask,graphics,ui-skew,ui,affine-transform,sorting-2d,particle,particle-2d,physics-framework,physics-cannon,physics-physx,physics-ammo,physics-builtin,physics-2d-framework,physics-2d-box2d-jsb,physics-2d-box2d,physics-2d-builtin,physics-2d-box2d-wasm,intersection-2d,primitive,profiler,occlusion-query,geometry-renderer,debug-renderer,audio,video,xr,light-probe,terrain,webview,tween,tiled-map,vendor-google,spine-3.8,spine-4.2,dragon-bones,marionette,procedural-animation,custom-pipeline,custom-pipeline-builtin-scripts,custom-pipeline-post-process,legacy-pipeline,websocket,websocket-server,meshopt
14:21:36.709 debug: Our import map(foo:/bar): {
  "imports": {
    "cc": "cce:/internal/x/cc"
  }
}
14:21:36.709 debug: Initializing target [Preview]
14:21:36.709 debug: Loading cache
14:21:36.847 debug: Loading cache costs 137.96320000000014ms.
14:21:36.848 debug: Our import map(foo:/bar): {
  "imports": {
    "cc": "cce:/internal/x/cc"
  }
}
14:21:36.889 debug: Sync engine features: 2d,affine-transform,animation,audio,base,custom-pipeline,dragon-bones,gfx-webgl,gfx-webgl2,graphics,intersection-2d,mask,particle-2d,physics-2d-builtin,profiler,rich-text,spine-3.8,tiled-map,tween,ui,video,webview
14:21:36.894 debug: Reset databases. Enumerated domains: [
  {
    "root": "db://internal/",
    "physical": "C:\\ProgramData\\cocos\\editors\\Creator\\3.8.8\\resources\\resources\\3d\\engine\\editor\\assets"
  },
  {
    "root": "db://assets/",
    "physical": "D:\\Works\\Cocos\\WxMiniGames\\MiniGameArrow\\assets"
  }
]
14:21:36.894 debug: Our import map(foo:/bar): {
  "imports": {
    "cc": "cce:/internal/x/cc",
    "db://internal/": "file:///C:/ProgramData/cocos/editors/Creator/3.8.8/resources/resources/3d/engine/editor/assets/",
    "db://assets/": "file:///D:/Works/Cocos/WxMiniGames/MiniGameArrow/assets/"
  }
}
14:21:36.897 debug: Our import map(foo:/bar): {
  "imports": {
    "cc": "cce:/internal/x/cc",
    "db://internal/": "file:///C:/ProgramData/cocos/editors/Creator/3.8.8/resources/resources/3d/engine/editor/assets/",
    "db://assets/": "file:///D:/Works/Cocos/WxMiniGames/MiniGameArrow/assets/"
  }
}
14:21:36.898 debug: Pulling asset-db.
14:21:36.905 debug: Fetch asset-db cost: 6.9187999999994645ms.
14:21:36.908 debug: Build iteration starts.
Number of accumulated asset changes: 40
Feature changed: false
14:21:36.908 debug: Target(editor) build started.
14:21:36.914 debug: Detected change: cce:/internal/x/cc. Last mtime: Thu Jan 01 1970 08:00:09 GMT+0800 (香港标准时间), Current mtime: Thu Jan 01 1970 08:00:14 GMT+0800 (香港标准时间)
14:21:36.914 debug: Inspect cce:/internal/x/cc
14:21:37.006 debug: transform url: 'cce:/internal/x/cc' costs: 91.80 ms
14:21:37.008 debug: Resolve cce:/internal/x/cc-fu/base from cce:/internal/x/cc as external dependency cce:/internal/x/cc-fu/base.
14:21:37.009 debug: Resolve cce:/internal/x/cc-fu/gfx-webgl from cce:/internal/x/cc as external dependency cce:/internal/x/cc-fu/gfx-webgl.
14:21:37.009 debug: Resolve cce:/internal/x/cc-fu/gfx-webgl2 from cce:/internal/x/cc as external dependency cce:/internal/x/cc-fu/gfx-webgl2.
14:21:37.009 debug: Resolve cce:/internal/x/cc-fu/gfx-empty from cce:/internal/x/cc as external dependency cce:/internal/x/cc-fu/gfx-empty.
14:21:37.009 debug: Resolve cce:/internal/x/cc-fu/gfx-webgpu from cce:/internal/x/cc as external dependency cce:/internal/x/cc-fu/gfx-webgpu.
14:21:37.009 debug: Resolve cce:/internal/x/cc-fu/3d from cce:/internal/x/cc as external dependency cce:/internal/x/cc-fu/3d.
14:21:37.009 debug: Resolve cce:/internal/x/cc-fu/animation from cce:/internal/x/cc as external dependency cce:/internal/x/cc-fu/animation.
14:21:37.009 debug: Resolve cce:/internal/x/cc-fu/skeletal-animation from cce:/internal/x/cc as external dependency cce:/internal/x/cc-fu/skeletal-animation.
14:21:37.009 debug: Resolve cce:/internal/x/cc-fu/2d from cce:/internal/x/cc as external dependency cce:/internal/x/cc-fu/2d.
14:21:37.009 debug: Resolve cce:/internal/x/cc-fu/sorting from cce:/internal/x/cc as external dependency cce:/internal/x/cc-fu/sorting.
14:21:37.009 debug: Resolve cce:/internal/x/cc-fu/rich-text from cce:/internal/x/cc as external dependency cce:/internal/x/cc-fu/rich-text.
14:21:37.009 debug: Resolve cce:/internal/x/cc-fu/mask from cce:/internal/x/cc as external dependency cce:/internal/x/cc-fu/mask.
14:21:37.009 debug: Resolve cce:/internal/x/cc-fu/graphics from cce:/internal/x/cc as external dependency cce:/internal/x/cc-fu/graphics.
14:21:37.009 debug: Resolve cce:/internal/x/cc-fu/ui-skew from cce:/internal/x/cc as external dependency cce:/internal/x/cc-fu/ui-skew.
14:21:37.009 debug: Resolve cce:/internal/x/cc-fu/ui from cce:/internal/x/cc as external dependency cce:/internal/x/cc-fu/ui.
14:21:37.009 debug: Resolve cce:/internal/x/cc-fu/affine-transform from cce:/internal/x/cc as external dependency cce:/internal/x/cc-fu/affine-transform.
14:21:37.010 debug: Resolve cce:/internal/x/cc-fu/sorting-2d from cce:/internal/x/cc as external dependency cce:/internal/x/cc-fu/sorting-2d.
14:21:37.010 debug: Resolve cce:/internal/x/cc-fu/particle from cce:/internal/x/cc as external dependency cce:/internal/x/cc-fu/particle.
14:21:37.010 debug: Resolve cce:/internal/x/cc-fu/particle-2d from cce:/internal/x/cc as external dependency cce:/internal/x/cc-fu/particle-2d.
14:21:37.010 debug: Resolve cce:/internal/x/cc-fu/physics-framework from cce:/internal/x/cc as external dependency cce:/internal/x/cc-fu/physics-framework.
14:21:37.010 debug: Resolve cce:/internal/x/cc-fu/physics-cannon from cce:/internal/x/cc as external dependency cce:/internal/x/cc-fu/physics-cannon.
14:21:37.010 debug: Resolve cce:/internal/x/cc-fu/physics-physx from cce:/internal/x/cc as external dependency cce:/internal/x/cc-fu/physics-physx.
14:21:37.010 debug: Resolve cce:/internal/x/cc-fu/physics-ammo from cce:/internal/x/cc as external dependency cce:/internal/x/cc-fu/physics-ammo.
14:21:37.010 debug: Resolve cce:/internal/x/cc-fu/physics-builtin from cce:/internal/x/cc as external dependency cce:/internal/x/cc-fu/physics-builtin.
14:21:37.010 debug: Resolve cce:/internal/x/cc-fu/physics-2d-framework from cce:/internal/x/cc as external dependency cce:/internal/x/cc-fu/physics-2d-framework.
14:21:37.010 debug: Resolve cce:/internal/x/cc-fu/physics-2d-box2d-jsb from cce:/internal/x/cc as external dependency cce:/internal/x/cc-fu/physics-2d-box2d-jsb.
14:21:37.010 debug: Resolve cce:/internal/x/cc-fu/physics-2d-box2d from cce:/internal/x/cc as external dependency cce:/internal/x/cc-fu/physics-2d-box2d.
14:21:37.010 debug: Resolve cce:/internal/x/cc-fu/physics-2d-builtin from cce:/internal/x/cc as external dependency cce:/internal/x/cc-fu/physics-2d-builtin.
14:21:37.010 debug: Resolve cce:/internal/x/cc-fu/physics-2d-box2d-wasm from cce:/internal/x/cc as external dependency cce:/internal/x/cc-fu/physics-2d-box2d-wasm.
14:21:37.010 debug: Resolve cce:/internal/x/cc-fu/intersection-2d from cce:/internal/x/cc as external dependency cce:/internal/x/cc-fu/intersection-2d.
14:21:37.010 debug: Resolve cce:/internal/x/cc-fu/primitive from cce:/internal/x/cc as external dependency cce:/internal/x/cc-fu/primitive.
14:21:37.010 debug: Resolve cce:/internal/x/cc-fu/profiler from cce:/internal/x/cc as external dependency cce:/internal/x/cc-fu/profiler.
14:21:37.010 debug: Resolve cce:/internal/x/cc-fu/geometry-renderer from cce:/internal/x/cc as external dependency cce:/internal/x/cc-fu/geometry-renderer.
14:21:37.010 debug: Resolve cce:/internal/x/cc-fu/audio from cce:/internal/x/cc as external dependency cce:/internal/x/cc-fu/audio.
14:21:37.010 debug: Resolve cce:/internal/x/cc-fu/video from cce:/internal/x/cc as external dependency cce:/internal/x/cc-fu/video.
14:21:37.010 debug: Resolve cce:/internal/x/cc-fu/xr from cce:/internal/x/cc as external dependency cce:/internal/x/cc-fu/xr.
14:21:37.010 debug: Resolve cce:/internal/x/cc-fu/light-probe from cce:/internal/x/cc as external dependency cce:/internal/x/cc-fu/light-probe.
14:21:37.010 debug: Resolve cce:/internal/x/cc-fu/terrain from cce:/internal/x/cc as external dependency cce:/internal/x/cc-fu/terrain.
14:21:37.010 debug: Resolve cce:/internal/x/cc-fu/webview from cce:/internal/x/cc as external dependency cce:/internal/x/cc-fu/webview.
14:21:37.011 debug: Resolve cce:/internal/x/cc-fu/tween from cce:/internal/x/cc as external dependency cce:/internal/x/cc-fu/tween.
14:21:37.011 debug: Resolve cce:/internal/x/cc-fu/tiled-map from cce:/internal/x/cc as external dependency cce:/internal/x/cc-fu/tiled-map.
14:21:37.011 debug: Resolve cce:/internal/x/cc-fu/vendor-google from cce:/internal/x/cc as external dependency cce:/internal/x/cc-fu/vendor-google.
14:21:37.011 debug: Resolve cce:/internal/x/cc-fu/spine from cce:/internal/x/cc as external dependency cce:/internal/x/cc-fu/spine.
14:21:37.011 debug: Resolve cce:/internal/x/cc-fu/dragon-bones from cce:/internal/x/cc as external dependency cce:/internal/x/cc-fu/dragon-bones.
14:21:37.011 debug: Resolve cce:/internal/x/cc-fu/custom-pipeline from cce:/internal/x/cc as external dependency cce:/internal/x/cc-fu/custom-pipeline.
14:21:37.011 debug: Resolve cce:/internal/x/cc-fu/custom-pipeline-post-process from cce:/internal/x/cc as external dependency cce:/internal/x/cc-fu/custom-pipeline-post-process.
14:21:37.011 debug: Resolve cce:/internal/x/cc-fu/legacy-pipeline from cce:/internal/x/cc as external dependency cce:/internal/x/cc-fu/legacy-pipeline.
14:21:37.011 debug: Detected change: cce:/internal/x/prerequisite-imports. Last mtime: Thu Jan 01 1970 08:30:24 GMT+0800 (香港标准时间), Current mtime: Thu Jan 01 1970 08:00:14 GMT+0800 (香港标准时间)
14:21:37.011 debug: Inspect cce:/internal/x/prerequisite-imports
14:21:37.050 debug: transform url: 'cce:/internal/x/prerequisite-imports' costs: 39.00 ms
14:21:37.064 debug: Resolve file:///C:/ProgramData/cocos/editors/Creator/3.8.8/resources/resources/3d/engine/editor/assets/default_renderpipeline/builtin-dof-pass.ts from cce:/internal/x/prerequisite-imports as file:///C:/ProgramData/cocos/editors/Creator/3.8.8/resources/resources/3d/engine/editor/assets/default_renderpipeline/builtin-dof-pass.ts.
14:21:37.066 debug: Resolve file:///C:/ProgramData/cocos/editors/Creator/3.8.8/resources/resources/3d/engine/editor/assets/default_renderpipeline/builtin-pipeline-pass.ts from cce:/internal/x/prerequisite-imports as file:///C:/ProgramData/cocos/editors/Creator/3.8.8/resources/resources/3d/engine/editor/assets/default_renderpipeline/builtin-pipeline-pass.ts.
14:21:37.066 debug: Resolve file:///C:/ProgramData/cocos/editors/Creator/3.8.8/resources/resources/3d/engine/editor/assets/default_renderpipeline/builtin-pipeline-settings.ts from cce:/internal/x/prerequisite-imports as file:///C:/ProgramData/cocos/editors/Creator/3.8.8/resources/resources/3d/engine/editor/assets/default_renderpipeline/builtin-pipeline-settings.ts.
14:21:37.068 debug: Resolve file:///C:/ProgramData/cocos/editors/Creator/3.8.8/resources/resources/3d/engine/editor/assets/default_renderpipeline/builtin-pipeline-types.ts from cce:/internal/x/prerequisite-imports as file:///C:/ProgramData/cocos/editors/Creator/3.8.8/resources/resources/3d/engine/editor/assets/default_renderpipeline/builtin-pipeline-types.ts.
14:21:37.068 debug: Resolve file:///C:/ProgramData/cocos/editors/Creator/3.8.8/resources/resources/3d/engine/editor/assets/default_renderpipeline/builtin-pipeline.ts from cce:/internal/x/prerequisite-imports as file:///C:/ProgramData/cocos/editors/Creator/3.8.8/resources/resources/3d/engine/editor/assets/default_renderpipeline/builtin-pipeline.ts.
14:21:37.069 debug: Resolve file:///C:/ProgramData/cocos/editors/Creator/3.8.8/resources/resources/3d/engine/editor/assets/tools/debug-view-runtime-control.ts from cce:/internal/x/prerequisite-imports as file:///C:/ProgramData/cocos/editors/Creator/3.8.8/resources/resources/3d/engine/editor/assets/tools/debug-view-runtime-control.ts.
14:21:37.070 debug: Resolve file:///D:/Works/Cocos/WxMiniGames/MiniGameArrow/assets/scripts/Game/CommonGame/CommonGameEntry.ts from cce:/internal/x/prerequisite-imports as file:///D:/Works/Cocos/WxMiniGames/MiniGameArrow/assets/scripts/Game/CommonGame/CommonGameEntry.ts.
14:21:37.070 debug: Resolve file:///D:/Works/Cocos/WxMiniGames/MiniGameArrow/assets/scripts/Game/CommonGame/CommonGameProgress.ts from cce:/internal/x/prerequisite-imports as file:///D:/Works/Cocos/WxMiniGames/MiniGameArrow/assets/scripts/Game/CommonGame/CommonGameProgress.ts.
14:21:37.071 debug: Resolve file:///D:/Works/Cocos/WxMiniGames/MiniGameArrow/assets/scripts/Game/CommonGame/CommonUIConfig.ts from cce:/internal/x/prerequisite-imports as file:///D:/Works/Cocos/WxMiniGames/MiniGameArrow/assets/scripts/Game/CommonGame/CommonUIConfig.ts.
14:21:37.072 debug: Resolve file:///D:/Works/Cocos/WxMiniGames/MiniGameArrow/assets/scripts/Game/CommonGame/shader/PixelMonsterSprite.ts from cce:/internal/x/prerequisite-imports as file:///D:/Works/Cocos/WxMiniGames/MiniGameArrow/assets/scripts/Game/CommonGame/shader/PixelMonsterSprite.ts.
14:21:37.072 debug: Resolve file:///D:/Works/Cocos/WxMiniGames/MiniGameArrow/assets/scripts/Game/CommonGame/ui/AdPanel.ts from cce:/internal/x/prerequisite-imports as file:///D:/Works/Cocos/WxMiniGames/MiniGameArrow/assets/scripts/Game/CommonGame/ui/AdPanel.ts.
14:21:37.073 debug: Resolve file:///D:/Works/Cocos/WxMiniGames/MiniGameArrow/assets/scripts/Game/CommonGame/ui/GamePanel.ts from cce:/internal/x/prerequisite-imports as file:///D:/Works/Cocos/WxMiniGames/MiniGameArrow/assets/scripts/Game/CommonGame/ui/GamePanel.ts.
14:21:37.074 debug: Resolve file:///D:/Works/Cocos/WxMiniGames/MiniGameArrow/assets/scripts/Game/CommonGame/ui/LoadingPanel.ts from cce:/internal/x/prerequisite-imports as file:///D:/Works/Cocos/WxMiniGames/MiniGameArrow/assets/scripts/Game/CommonGame/ui/LoadingPanel.ts.
14:21:37.074 debug: Resolve file:///D:/Works/Cocos/WxMiniGames/MiniGameArrow/assets/scripts/Game/CommonGame/ui/LoginPanel.ts from cce:/internal/x/prerequisite-imports as file:///D:/Works/Cocos/WxMiniGames/MiniGameArrow/assets/scripts/Game/CommonGame/ui/LoginPanel.ts.
14:21:37.075 debug: Resolve file:///D:/Works/Cocos/WxMiniGames/MiniGameArrow/assets/scripts/Game/CommonGame/ui/MainPage.ts from cce:/internal/x/prerequisite-imports as file:///D:/Works/Cocos/WxMiniGames/MiniGameArrow/assets/scripts/Game/CommonGame/ui/MainPage.ts.
14:21:37.075 debug: Resolve file:///D:/Works/Cocos/WxMiniGames/MiniGameArrow/assets/scripts/Game/CommonGame/ui/MainPanel.ts from cce:/internal/x/prerequisite-imports as file:///D:/Works/Cocos/WxMiniGames/MiniGameArrow/assets/scripts/Game/CommonGame/ui/MainPanel.ts.
14:21:37.076 debug: Resolve file:///D:/Works/Cocos/WxMiniGames/MiniGameArrow/assets/scripts/Game/CommonGame/ui/PausePanel.ts from cce:/internal/x/prerequisite-imports as file:///D:/Works/Cocos/WxMiniGames/MiniGameArrow/assets/scripts/Game/CommonGame/ui/PausePanel.ts.
14:21:37.076 debug: Resolve file:///D:/Works/Cocos/WxMiniGames/MiniGameArrow/assets/scripts/Game/CommonGame/ui/RankPanel.ts from cce:/internal/x/prerequisite-imports as file:///D:/Works/Cocos/WxMiniGames/MiniGameArrow/assets/scripts/Game/CommonGame/ui/RankPanel.ts.
14:21:37.077 debug: Resolve file:///D:/Works/Cocos/WxMiniGames/MiniGameArrow/assets/scripts/Game/CommonGame/ui/TransitionPanel.ts from cce:/internal/x/prerequisite-imports as file:///D:/Works/Cocos/WxMiniGames/MiniGameArrow/assets/scripts/Game/CommonGame/ui/TransitionPanel.ts.
14:21:37.077 debug: Resolve file:///D:/Works/Cocos/WxMiniGames/MiniGameArrow/assets/scripts/engine/AdManager.ts from cce:/internal/x/prerequisite-imports as file:///D:/Works/Cocos/WxMiniGames/MiniGameArrow/assets/scripts/engine/AdManager.ts.
14:21:37.078 debug: Resolve file:///D:/Works/Cocos/WxMiniGames/MiniGameArrow/assets/scripts/engine/AudioManager.ts from cce:/internal/x/prerequisite-imports as file:///D:/Works/Cocos/WxMiniGames/MiniGameArrow/assets/scripts/engine/AudioManager.ts.
14:21:37.079 debug: Resolve file:///D:/Works/Cocos/WxMiniGames/MiniGameArrow/assets/scripts/engine/ConfigManager.ts from cce:/internal/x/prerequisite-imports as file:///D:/Works/Cocos/WxMiniGames/MiniGameArrow/assets/scripts/engine/ConfigManager.ts.
14:21:37.079 debug: Resolve file:///D:/Works/Cocos/WxMiniGames/MiniGameArrow/assets/scripts/engine/FlatBuffersRuntime.ts from cce:/internal/x/prerequisite-imports as file:///D:/Works/Cocos/WxMiniGames/MiniGameArrow/assets/scripts/engine/FlatBuffersRuntime.ts.
14:21:37.080 debug: Resolve file:///D:/Works/Cocos/WxMiniGames/MiniGameArrow/assets/scripts/engine/GameManager.ts from cce:/internal/x/prerequisite-imports as file:///D:/Works/Cocos/WxMiniGames/MiniGameArrow/assets/scripts/engine/GameManager.ts.
14:21:37.081 debug: Resolve file:///D:/Works/Cocos/WxMiniGames/MiniGameArrow/assets/scripts/engine/Launcher.ts from cce:/internal/x/prerequisite-imports as file:///D:/Works/Cocos/WxMiniGames/MiniGameArrow/assets/scripts/engine/Launcher.ts.
14:21:37.082 debug: Resolve file:///D:/Works/Cocos/WxMiniGames/MiniGameArrow/assets/scripts/engine/NodePool.ts from cce:/internal/x/prerequisite-imports as file:///D:/Works/Cocos/WxMiniGames/MiniGameArrow/assets/scripts/engine/NodePool.ts.
14:21:37.082 debug: Resolve file:///D:/Works/Cocos/WxMiniGames/MiniGameArrow/assets/scripts/engine/PlatformManager.ts from cce:/internal/x/prerequisite-imports as file:///D:/Works/Cocos/WxMiniGames/MiniGameArrow/assets/scripts/engine/PlatformManager.ts.
14:21:37.083 debug: Resolve file:///D:/Works/Cocos/WxMiniGames/MiniGameArrow/assets/scripts/engine/ResManager.ts from cce:/internal/x/prerequisite-imports as file:///D:/Works/Cocos/WxMiniGames/MiniGameArrow/assets/scripts/engine/ResManager.ts.
14:21:37.083 debug: Resolve file:///D:/Works/Cocos/WxMiniGames/MiniGameArrow/assets/scripts/engine/ScreenAdapter.ts from cce:/internal/x/prerequisite-imports as file:///D:/Works/Cocos/WxMiniGames/MiniGameArrow/assets/scripts/engine/ScreenAdapter.ts.
14:21:37.084 debug: Resolve file:///D:/Works/Cocos/WxMiniGames/MiniGameArrow/assets/scripts/engine/ui/UIBase.ts from cce:/internal/x/prerequisite-imports as file:///D:/Works/Cocos/WxMiniGames/MiniGameArrow/assets/scripts/engine/ui/UIBase.ts.
14:21:37.084 debug: Resolve file:///D:/Works/Cocos/WxMiniGames/MiniGameArrow/assets/scripts/engine/ui/UIData.ts from cce:/internal/x/prerequisite-imports as file:///D:/Works/Cocos/WxMiniGames/MiniGameArrow/assets/scripts/engine/ui/UIData.ts.
14:21:37.085 debug: Resolve file:///D:/Works/Cocos/WxMiniGames/MiniGameArrow/assets/scripts/engine/ui/UIManager.ts from cce:/internal/x/prerequisite-imports as file:///D:/Works/Cocos/WxMiniGames/MiniGameArrow/assets/scripts/engine/ui/UIManager.ts.
14:21:37.085 debug: Resolve file:///D:/Works/Cocos/WxMiniGames/MiniGameArrow/assets/scripts/framework/EventManager.ts from cce:/internal/x/prerequisite-imports as file:///D:/Works/Cocos/WxMiniGames/MiniGameArrow/assets/scripts/framework/EventManager.ts.
14:21:37.086 debug: Resolve file:///D:/Works/Cocos/WxMiniGames/MiniGameArrow/assets/scripts/framework/FrameworkConst.ts from cce:/internal/x/prerequisite-imports as file:///D:/Works/Cocos/WxMiniGames/MiniGameArrow/assets/scripts/framework/FrameworkConst.ts.
14:21:37.086 debug: Resolve file:///D:/Works/Cocos/WxMiniGames/MiniGameArrow/assets/scripts/framework/FrameworkEvent.ts from cce:/internal/x/prerequisite-imports as file:///D:/Works/Cocos/WxMiniGames/MiniGameArrow/assets/scripts/framework/FrameworkEvent.ts.
14:21:37.087 debug: Resolve file:///D:/Works/Cocos/WxMiniGames/MiniGameArrow/assets/scripts/framework/ObjectPool.ts from cce:/internal/x/prerequisite-imports as file:///D:/Works/Cocos/WxMiniGames/MiniGameArrow/assets/scripts/framework/ObjectPool.ts.
14:21:37.088 debug: Resolve file:///D:/Works/Cocos/WxMiniGames/MiniGameArrow/assets/scripts/framework/StorageManager.ts from cce:/internal/x/prerequisite-imports as file:///D:/Works/Cocos/WxMiniGames/MiniGameArrow/assets/scripts/framework/StorageManager.ts.
14:21:37.089 debug: Resolve file:///D:/Works/Cocos/WxMiniGames/MiniGameArrow/assets/scripts/framework/TimerManager.ts from cce:/internal/x/prerequisite-imports as file:///D:/Works/Cocos/WxMiniGames/MiniGameArrow/assets/scripts/framework/TimerManager.ts.
14:21:37.089 debug: Resolve file:///D:/Works/Cocos/WxMiniGames/MiniGameArrow/assets/scripts/framework/TypeFactory.ts from cce:/internal/x/prerequisite-imports as file:///D:/Works/Cocos/WxMiniGames/MiniGameArrow/assets/scripts/framework/TypeFactory.ts.
14:21:37.090 debug: Resolve file:///D:/Works/Cocos/WxMiniGames/MiniGameArrow/assets/scripts/framework/TypeRegistry.ts from cce:/internal/x/prerequisite-imports as file:///D:/Works/Cocos/WxMiniGames/MiniGameArrow/assets/scripts/framework/TypeRegistry.ts.
14:21:37.090 debug: Resolve cce:/internal/code-quality/cr.mjs from file:///C:/ProgramData/cocos/editors/Creator/3.8.8/resources/resources/3d/engine/editor/assets/default_renderpipeline/builtin-dof-pass.ts as cce:/internal/code-quality/cr.mjs.
14:21:37.090 debug: Detected change: cce:/internal/code-quality/cr.mjs. Last mtime: Sun Aug 02 2026 15:30:54 GMT+0800 (香港标准时间), Current mtime: Mon Aug 03 2026 14:21:22 GMT+0800 (香港标准时间)
14:21:37.091 debug: Inspect cce:/internal/code-quality/cr.mjs
14:21:37.109 debug: transform url: 'cce:/internal/code-quality/cr.mjs' costs: 18.50 ms
14:21:37.111 debug: Resolve cc from file:///C:/ProgramData/cocos/editors/Creator/3.8.8/resources/resources/3d/engine/editor/assets/default_renderpipeline/builtin-dof-pass.ts as cce:/internal/x/cc.
14:21:37.111 debug: Resolve cc from file:///C:/ProgramData/cocos/editors/Creator/3.8.8/resources/resources/3d/engine/editor/assets/default_renderpipeline/builtin-dof-pass.ts as cce:/internal/x/cc.
14:21:37.111 debug: Resolve cc from file:///C:/ProgramData/cocos/editors/Creator/3.8.8/resources/resources/3d/engine/editor/assets/default_renderpipeline/builtin-dof-pass.ts as cce:/internal/x/cc.
14:21:37.111 debug: Resolve cc/env from file:///C:/ProgramData/cocos/editors/Creator/3.8.8/resources/resources/3d/engine/editor/assets/default_renderpipeline/builtin-dof-pass.ts as external dependency cc/env.
14:21:37.114 debug: Resolve ./builtin-pipeline-settings from file:///C:/ProgramData/cocos/editors/Creator/3.8.8/resources/resources/3d/engine/editor/assets/default_renderpipeline/builtin-dof-pass.ts as file:///C:/ProgramData/cocos/editors/Creator/3.8.8/resources/resources/3d/engine/editor/assets/default_renderpipeline/builtin-pipeline-settings.ts.
14:21:37.115 debug: Resolve ./builtin-pipeline-pass from file:///C:/ProgramData/cocos/editors/Creator/3.8.8/resources/resources/3d/engine/editor/assets/default_renderpipeline/builtin-dof-pass.ts as file:///C:/ProgramData/cocos/editors/Creator/3.8.8/resources/resources/3d/engine/editor/assets/default_renderpipeline/builtin-pipeline-pass.ts.
14:21:37.116 debug: Resolve ./builtin-pipeline from file:///C:/ProgramData/cocos/editors/Creator/3.8.8/resources/resources/3d/engine/editor/assets/default_renderpipeline/builtin-dof-pass.ts as file:///C:/ProgramData/cocos/editors/Creator/3.8.8/resources/resources/3d/engine/editor/assets/default_renderpipeline/builtin-pipeline.ts.
14:21:37.117 debug: Resolve cce:/internal/code-quality/cr.mjs from file:///C:/ProgramData/cocos/editors/Creator/3.8.8/resources/resources/3d/engine/editor/assets/default_renderpipeline/builtin-pipeline-settings.ts as cce:/internal/code-quality/cr.mjs.
14:21:37.117 debug: Resolve cc from file:///C:/ProgramData/cocos/editors/Creator/3.8.8/resources/resources/3d/engine/editor/assets/default_renderpipeline/builtin-pipeline-settings.ts as cce:/internal/x/cc.
14:21:37.117 debug: Resolve cc from file:///C:/ProgramData/cocos/editors/Creator/3.8.8/resources/resources/3d/engine/editor/assets/default_renderpipeline/builtin-pipeline-settings.ts as cce:/internal/x/cc.
14:21:37.117 debug: Resolve cc from file:///C:/ProgramData/cocos/editors/Creator/3.8.8/resources/resources/3d/engine/editor/assets/default_renderpipeline/builtin-pipeline-settings.ts as cce:/internal/x/cc.
14:21:37.117 debug: Resolve cc/env from file:///C:/ProgramData/cocos/editors/Creator/3.8.8/resources/resources/3d/engine/editor/assets/default_renderpipeline/builtin-pipeline-settings.ts as external dependency cc/env.
14:21:37.118 debug: Resolve ./builtin-pipeline-types from file:///C:/ProgramData/cocos/editors/Creator/3.8.8/resources/resources/3d/engine/editor/assets/default_renderpipeline/builtin-pipeline-settings.ts as file:///C:/ProgramData/cocos/editors/Creator/3.8.8/resources/resources/3d/engine/editor/assets/default_renderpipeline/builtin-pipeline-types.ts.
14:21:37.119 debug: Resolve cc from file:///C:/ProgramData/cocos/editors/Creator/3.8.8/resources/resources/3d/engine/editor/assets/default_renderpipeline/builtin-pipeline-types.ts as cce:/internal/x/cc.
14:21:37.119 debug: Resolve cc from file:///C:/ProgramData/cocos/editors/Creator/3.8.8/resources/resources/3d/engine/editor/assets/default_renderpipeline/builtin-pipeline-types.ts as cce:/internal/x/cc.
14:21:37.119 debug: Resolve cc from file:///C:/ProgramData/cocos/editors/Creator/3.8.8/resources/resources/3d/engine/editor/assets/default_renderpipeline/builtin-pipeline-types.ts as cce:/internal/x/cc.
14:21:37.119 debug: Resolve cce:/internal/code-quality/cr.mjs from file:///C:/ProgramData/cocos/editors/Creator/3.8.8/resources/resources/3d/engine/editor/assets/default_renderpipeline/builtin-pipeline-pass.ts as cce:/internal/code-quality/cr.mjs.
14:21:37.119 debug: Resolve cc from file:///C:/ProgramData/cocos/editors/Creator/3.8.8/resources/resources/3d/engine/editor/assets/default_renderpipeline/builtin-pipeline-pass.ts as cce:/internal/x/cc.
14:21:37.119 debug: Resolve cc from file:///C:/ProgramData/cocos/editors/Creator/3.8.8/resources/resources/3d/engine/editor/assets/default_renderpipeline/builtin-pipeline-pass.ts as cce:/internal/x/cc.
14:21:37.119 debug: Resolve cc from file:///C:/ProgramData/cocos/editors/Creator/3.8.8/resources/resources/3d/engine/editor/assets/default_renderpipeline/builtin-pipeline-pass.ts as cce:/internal/x/cc.
14:21:37.121 debug: Resolve ./builtin-pipeline-settings from file:///C:/ProgramData/cocos/editors/Creator/3.8.8/resources/resources/3d/engine/editor/assets/default_renderpipeline/builtin-pipeline-pass.ts as file:///C:/ProgramData/cocos/editors/Creator/3.8.8/resources/resources/3d/engine/editor/assets/default_renderpipeline/builtin-pipeline-settings.ts.
14:21:37.121 debug: Resolve cc/env from file:///C:/ProgramData/cocos/editors/Creator/3.8.8/resources/resources/3d/engine/editor/assets/default_renderpipeline/builtin-pipeline-pass.ts as external dependency cc/env.
14:21:37.121 debug: Resolve cce:/internal/code-quality/cr.mjs from file:///C:/ProgramData/cocos/editors/Creator/3.8.8/resources/resources/3d/engine/editor/assets/default_renderpipeline/builtin-pipeline.ts as cce:/internal/code-quality/cr.mjs.
14:21:37.121 debug: Resolve cc from file:///C:/ProgramData/cocos/editors/Creator/3.8.8/resources/resources/3d/engine/editor/assets/default_renderpipeline/builtin-pipeline.ts as cce:/internal/x/cc.
14:21:37.121 debug: Resolve cc from file:///C:/ProgramData/cocos/editors/Creator/3.8.8/resources/resources/3d/engine/editor/assets/default_renderpipeline/builtin-pipeline.ts as cce:/internal/x/cc.
14:21:37.121 debug: Resolve cc from file:///C:/ProgramData/cocos/editors/Creator/3.8.8/resources/resources/3d/engine/editor/assets/default_renderpipeline/builtin-pipeline.ts as cce:/internal/x/cc.
14:21:37.121 debug: Resolve cc/env from file:///C:/ProgramData/cocos/editors/Creator/3.8.8/resources/resources/3d/engine/editor/assets/default_renderpipeline/builtin-pipeline.ts as external dependency cc/env.
14:21:37.122 debug: Resolve ./builtin-pipeline-types from file:///C:/ProgramData/cocos/editors/Creator/3.8.8/resources/resources/3d/engine/editor/assets/default_renderpipeline/builtin-pipeline.ts as file:///C:/ProgramData/cocos/editors/Creator/3.8.8/resources/resources/3d/engine/editor/assets/default_renderpipeline/builtin-pipeline-types.ts.
14:21:37.123 debug: Resolve cc from file:///C:/ProgramData/cocos/editors/Creator/3.8.8/resources/resources/3d/engine/editor/assets/tools/debug-view-runtime-control.ts as cce:/internal/x/cc.
14:21:37.123 debug: Resolve cc from file:///C:/ProgramData/cocos/editors/Creator/3.8.8/resources/resources/3d/engine/editor/assets/tools/debug-view-runtime-control.ts as cce:/internal/x/cc.
14:21:37.123 debug: Resolve cc from file:///C:/ProgramData/cocos/editors/Creator/3.8.8/resources/resources/3d/engine/editor/assets/tools/debug-view-runtime-control.ts as cce:/internal/x/cc.
14:21:37.123 debug: Resolve cce:/internal/code-quality/cr.mjs from file:///D:/Works/Cocos/WxMiniGames/MiniGameArrow/assets/scripts/Game/CommonGame/CommonGameEntry.ts as cce:/internal/code-quality/cr.mjs.
14:21:37.123 debug: Resolve cc from file:///D:/Works/Cocos/WxMiniGames/MiniGameArrow/assets/scripts/Game/CommonGame/CommonGameEntry.ts as cce:/internal/x/cc.
14:21:37.124 debug: Resolve ../../engine/ui/UIManager from file:///D:/Works/Cocos/WxMiniGames/MiniGameArrow/assets/scripts/Game/CommonGame/CommonGameEntry.ts as file:///D:/Works/Cocos/WxMiniGames/MiniGameArrow/assets/scripts/engine/ui/UIManager.ts.
14:21:37.124 debug: Resolve ./CommonUIConfig from file:///D:/Works/Cocos/WxMiniGames/MiniGameArrow/assets/scripts/Game/CommonGame/CommonGameEntry.ts as file:///D:/Works/Cocos/WxMiniGames/MiniGameArrow/assets/scripts/Game/CommonGame/CommonUIConfig.ts.
14:21:37.125 debug: Resolve cce:/internal/code-quality/cr.mjs from file:///D:/Works/Cocos/WxMiniGames/MiniGameArrow/assets/scripts/engine/ui/UIManager.ts as cce:/internal/code-quality/cr.mjs.
14:21:37.125 debug: Resolve cc from file:///D:/Works/Cocos/WxMiniGames/MiniGameArrow/assets/scripts/engine/ui/UIManager.ts as cce:/internal/x/cc.
14:21:37.125 debug: Resolve cc from file:///D:/Works/Cocos/WxMiniGames/MiniGameArrow/assets/scripts/engine/ui/UIManager.ts as cce:/internal/x/cc.
14:21:37.125 debug: Resolve cc from file:///D:/Works/Cocos/WxMiniGames/MiniGameArrow/assets/scripts/engine/ui/UIManager.ts as cce:/internal/x/cc.
14:21:37.125 debug: Resolve ../ResManager from file:///D:/Works/Cocos/WxMiniGames/MiniGameArrow/assets/scripts/engine/ui/UIManager.ts as file:///D:/Works/Cocos/WxMiniGames/MiniGameArrow/assets/scripts/engine/ResManager.ts.
14:21:37.126 debug: Resolve ./UIData from file:///D:/Works/Cocos/WxMiniGames/MiniGameArrow/assets/scripts/engine/ui/UIManager.ts as file:///D:/Works/Cocos/WxMiniGames/MiniGameArrow/assets/scripts/engine/ui/UIData.ts.
14:21:37.127 debug: Resolve ./UIBase from file:///D:/Works/Cocos/WxMiniGames/MiniGameArrow/assets/scripts/engine/ui/UIManager.ts as file:///D:/Works/Cocos/WxMiniGames/MiniGameArrow/assets/scripts/engine/ui/UIBase.ts.
14:21:37.127 debug: Resolve cc from file:///D:/Works/Cocos/WxMiniGames/MiniGameArrow/assets/scripts/engine/ResManager.ts as cce:/internal/x/cc.
14:21:37.127 debug: Resolve cc from file:///D:/Works/Cocos/WxMiniGames/MiniGameArrow/assets/scripts/engine/ResManager.ts as cce:/internal/x/cc.
14:21:37.127 debug: Resolve cc from file:///D:/Works/Cocos/WxMiniGames/MiniGameArrow/assets/scripts/engine/ResManager.ts as cce:/internal/x/cc.
14:21:37.127 debug: Resolve cce:/internal/code-quality/cr.mjs from file:///D:/Works/Cocos/WxMiniGames/MiniGameArrow/assets/scripts/engine/ui/UIData.ts as cce:/internal/code-quality/cr.mjs.
14:21:37.127 debug: Resolve cc from file:///D:/Works/Cocos/WxMiniGames/MiniGameArrow/assets/scripts/engine/ui/UIData.ts as cce:/internal/x/cc.
14:21:37.127 debug: Resolve cc from file:///D:/Works/Cocos/WxMiniGames/MiniGameArrow/assets/scripts/engine/ui/UIData.ts as cce:/internal/x/cc.
14:21:37.127 debug: Resolve cc from file:///D:/Works/Cocos/WxMiniGames/MiniGameArrow/assets/scripts/engine/ui/UIData.ts as cce:/internal/x/cc.
14:21:37.128 debug: Resolve ../ResManager from file:///D:/Works/Cocos/WxMiniGames/MiniGameArrow/assets/scripts/engine/ui/UIData.ts as file:///D:/Works/Cocos/WxMiniGames/MiniGameArrow/assets/scripts/engine/ResManager.ts.
14:21:37.128 debug: Resolve cce:/internal/code-quality/cr.mjs from file:///D:/Works/Cocos/WxMiniGames/MiniGameArrow/assets/scripts/engine/ui/UIBase.ts as cce:/internal/code-quality/cr.mjs.
14:21:37.128 debug: Resolve cc from file:///D:/Works/Cocos/WxMiniGames/MiniGameArrow/assets/scripts/engine/ui/UIBase.ts as cce:/internal/x/cc.
14:21:37.128 debug: Resolve cc from file:///D:/Works/Cocos/WxMiniGames/MiniGameArrow/assets/scripts/engine/ui/UIBase.ts as cce:/internal/x/cc.
14:21:37.128 debug: Resolve cc from file:///D:/Works/Cocos/WxMiniGames/MiniGameArrow/assets/scripts/engine/ui/UIBase.ts as cce:/internal/x/cc.
14:21:37.130 debug: Resolve ./UIManager from file:///D:/Works/Cocos/WxMiniGames/MiniGameArrow/assets/scripts/engine/ui/UIBase.ts as file:///D:/Works/Cocos/WxMiniGames/MiniGameArrow/assets/scripts/engine/ui/UIManager.ts.
14:21:37.130 debug: Resolve cce:/internal/code-quality/cr.mjs from file:///D:/Works/Cocos/WxMiniGames/MiniGameArrow/assets/scripts/Game/CommonGame/CommonUIConfig.ts as cce:/internal/code-quality/cr.mjs.
14:21:37.130 debug: Resolve cc from file:///D:/Works/Cocos/WxMiniGames/MiniGameArrow/assets/scripts/Game/CommonGame/CommonUIConfig.ts as cce:/internal/x/cc.
14:21:37.131 debug: Resolve ../../engine/ui/UIData from file:///D:/Works/Cocos/WxMiniGames/MiniGameArrow/assets/scripts/Game/CommonGame/CommonUIConfig.ts as file:///D:/Works/Cocos/WxMiniGames/MiniGameArrow/assets/scripts/engine/ui/UIData.ts.
14:21:37.131 debug: Resolve cce:/internal/code-quality/cr.mjs from file:///D:/Works/Cocos/WxMiniGames/MiniGameArrow/assets/scripts/Game/CommonGame/CommonGameProgress.ts as cce:/internal/code-quality/cr.mjs.
14:21:37.132 debug: Resolve cc from file:///D:/Works/Cocos/WxMiniGames/MiniGameArrow/assets/scripts/Game/CommonGame/CommonGameProgress.ts as cce:/internal/x/cc.
14:21:37.133 debug: Resolve ../../framework/StorageManager from file:///D:/Works/Cocos/WxMiniGames/MiniGameArrow/assets/scripts/Game/CommonGame/CommonGameProgress.ts as file:///D:/Works/Cocos/WxMiniGames/MiniGameArrow/assets/scripts/framework/StorageManager.ts.
14:21:37.133 debug: Resolve cc from file:///D:/Works/Cocos/WxMiniGames/MiniGameArrow/assets/scripts/framework/StorageManager.ts as cce:/internal/x/cc.
14:21:37.133 debug: Resolve cce:/internal/code-quality/cr.mjs from file:///D:/Works/Cocos/WxMiniGames/MiniGameArrow/assets/scripts/Game/CommonGame/shader/PixelMonsterSprite.ts as cce:/internal/code-quality/cr.mjs.
14:21:37.133 debug: Resolve cc from file:///D:/Works/Cocos/WxMiniGames/MiniGameArrow/assets/scripts/Game/CommonGame/shader/PixelMonsterSprite.ts as cce:/internal/x/cc.
14:21:37.133 debug: Resolve cc from file:///D:/Works/Cocos/WxMiniGames/MiniGameArrow/assets/scripts/Game/CommonGame/shader/PixelMonsterSprite.ts as cce:/internal/x/cc.
14:21:37.133 debug: Resolve cc from file:///D:/Works/Cocos/WxMiniGames/MiniGameArrow/assets/scripts/Game/CommonGame/shader/PixelMonsterSprite.ts as cce:/internal/x/cc.
14:21:37.134 debug: Resolve ../../../engine/ResManager from file:///D:/Works/Cocos/WxMiniGames/MiniGameArrow/assets/scripts/Game/CommonGame/shader/PixelMonsterSprite.ts as file:///D:/Works/Cocos/WxMiniGames/MiniGameArrow/assets/scripts/engine/ResManager.ts.
14:21:37.135 debug: Resolve ../CommonUIConfig from file:///D:/Works/Cocos/WxMiniGames/MiniGameArrow/assets/scripts/Game/CommonGame/shader/PixelMonsterSprite.ts as file:///D:/Works/Cocos/WxMiniGames/MiniGameArrow/assets/scripts/Game/CommonGame/CommonUIConfig.ts.
14:21:37.135 debug: Resolve cce:/internal/code-quality/cr.mjs from file:///D:/Works/Cocos/WxMiniGames/MiniGameArrow/assets/scripts/Game/CommonGame/ui/AdPanel.ts as cce:/internal/code-quality/cr.mjs.
14:21:37.135 debug: Resolve cc from file:///D:/Works/Cocos/WxMiniGames/MiniGameArrow/assets/scripts/Game/CommonGame/ui/AdPanel.ts as cce:/internal/x/cc.
14:21:37.135 debug: Resolve cc from file:///D:/Works/Cocos/WxMiniGames/MiniGameArrow/assets/scripts/Game/CommonGame/ui/AdPanel.ts as cce:/internal/x/cc.
14:21:37.135 debug: Resolve cc from file:///D:/Works/Cocos/WxMiniGames/MiniGameArrow/assets/scripts/Game/CommonGame/ui/AdPanel.ts as cce:/internal/x/cc.
14:21:37.135 debug: Resolve ../../../engine/AdManager from file:///D:/Works/Cocos/WxMiniGames/MiniGameArrow/assets/scripts/Game/CommonGame/ui/AdPanel.ts as file:///D:/Works/Cocos/WxMiniGames/MiniGameArrow/assets/scripts/engine/AdManager.ts.
14:21:37.136 debug: Resolve ../../../engine/PlatformManager from file:///D:/Works/Cocos/WxMiniGames/MiniGameArrow/assets/scripts/Game/CommonGame/ui/AdPanel.ts as file:///D:/Works/Cocos/WxMiniGames/MiniGameArrow/assets/scripts/engine/PlatformManager.ts.
14:21:37.137 debug: Resolve ../../../engine/ui/UIBase from file:///D:/Works/Cocos/WxMiniGames/MiniGameArrow/assets/scripts/Game/CommonGame/ui/AdPanel.ts as file:///D:/Works/Cocos/WxMiniGames/MiniGameArrow/assets/scripts/engine/ui/UIBase.ts.
14:21:37.137 debug: Resolve cc from file:///D:/Works/Cocos/WxMiniGames/MiniGameArrow/assets/scripts/engine/AdManager.ts as cce:/internal/x/cc.
14:21:37.138 debug: Resolve cc from file:///D:/Works/Cocos/WxMiniGames/MiniGameArrow/assets/scripts/engine/AdManager.ts as cce:/internal/x/cc.
14:21:37.138 debug: Resolve cc from file:///D:/Works/Cocos/WxMiniGames/MiniGameArrow/assets/scripts/engine/AdManager.ts as cce:/internal/x/cc.
14:21:37.138 debug: Resolve cc from file:///D:/Works/Cocos/WxMiniGames/MiniGameArrow/assets/scripts/engine/PlatformManager.ts as cce:/internal/x/cc.
14:21:37.138 debug: Resolve cc from file:///D:/Works/Cocos/WxMiniGames/MiniGameArrow/assets/scripts/engine/PlatformManager.ts as cce:/internal/x/cc.
14:21:37.138 debug: Resolve cc from file:///D:/Works/Cocos/WxMiniGames/MiniGameArrow/assets/scripts/engine/PlatformManager.ts as cce:/internal/x/cc.
14:21:37.138 debug: Resolve cce:/internal/code-quality/cr.mjs from file:///D:/Works/Cocos/WxMiniGames/MiniGameArrow/assets/scripts/Game/CommonGame/ui/GamePanel.ts as cce:/internal/code-quality/cr.mjs.
14:21:37.138 debug: Resolve cc from file:///D:/Works/Cocos/WxMiniGames/MiniGameArrow/assets/scripts/Game/CommonGame/ui/GamePanel.ts as cce:/internal/x/cc.
14:21:37.138 debug: Resolve cc from file:///D:/Works/Cocos/WxMiniGames/MiniGameArrow/assets/scripts/Game/CommonGame/ui/GamePanel.ts as cce:/internal/x/cc.
14:21:37.138 debug: Resolve cc from file:///D:/Works/Cocos/WxMiniGames/MiniGameArrow/assets/scripts/Game/CommonGame/ui/GamePanel.ts as cce:/internal/x/cc.
14:21:37.139 debug: Resolve ../../../engine/PlatformManager from file:///D:/Works/Cocos/WxMiniGames/MiniGameArrow/assets/scripts/Game/CommonGame/ui/GamePanel.ts as file:///D:/Works/Cocos/WxMiniGames/MiniGameArrow/assets/scripts/engine/PlatformManager.ts.
14:21:37.139 debug: Resolve ../../../engine/ResManager from file:///D:/Works/Cocos/WxMiniGames/MiniGameArrow/assets/scripts/Game/CommonGame/ui/GamePanel.ts as file:///D:/Works/Cocos/WxMiniGames/MiniGameArrow/assets/scripts/engine/ResManager.ts.
14:21:37.140 debug: Resolve ../../../engine/ui/UIBase from file:///D:/Works/Cocos/WxMiniGames/MiniGameArrow/assets/scripts/Game/CommonGame/ui/GamePanel.ts as file:///D:/Works/Cocos/WxMiniGames/MiniGameArrow/assets/scripts/engine/ui/UIBase.ts.
14:21:37.141 debug: Resolve ../../../engine/ui/UIManager from file:///D:/Works/Cocos/WxMiniGames/MiniGameArrow/assets/scripts/Game/CommonGame/ui/GamePanel.ts as file:///D:/Works/Cocos/WxMiniGames/MiniGameArrow/assets/scripts/engine/ui/UIManager.ts.
14:21:37.141 debug: Resolve ../CommonGameProgress from file:///D:/Works/Cocos/WxMiniGames/MiniGameArrow/assets/scripts/Game/CommonGame/ui/GamePanel.ts as file:///D:/Works/Cocos/WxMiniGames/MiniGameArrow/assets/scripts/Game/CommonGame/CommonGameProgress.ts.
14:21:37.142 debug: Resolve ../CommonUIConfig from file:///D:/Works/Cocos/WxMiniGames/MiniGameArrow/assets/scripts/Game/CommonGame/ui/GamePanel.ts as file:///D:/Works/Cocos/WxMiniGames/MiniGameArrow/assets/scripts/Game/CommonGame/CommonUIConfig.ts.
14:21:37.142 debug: Resolve cce:/internal/code-quality/cr.mjs from file:///D:/Works/Cocos/WxMiniGames/MiniGameArrow/assets/scripts/Game/CommonGame/ui/LoadingPanel.ts as cce:/internal/code-quality/cr.mjs.
14:21:37.142 debug: Resolve cc from file:///D:/Works/Cocos/WxMiniGames/MiniGameArrow/assets/scripts/Game/CommonGame/ui/LoadingPanel.ts as cce:/internal/x/cc.
14:21:37.142 debug: Resolve cc from file:///D:/Works/Cocos/WxMiniGames/MiniGameArrow/assets/scripts/Game/CommonGame/ui/LoadingPanel.ts as cce:/internal/x/cc.
14:21:37.142 debug: Resolve cc from file:///D:/Works/Cocos/WxMiniGames/MiniGameArrow/assets/scripts/Game/CommonGame/ui/LoadingPanel.ts as cce:/internal/x/cc.
14:21:37.143 debug: Resolve ../../../engine/ResManager from file:///D:/Works/Cocos/WxMiniGames/MiniGameArrow/assets/scripts/Game/CommonGame/ui/LoadingPanel.ts as file:///D:/Works/Cocos/WxMiniGames/MiniGameArrow/assets/scripts/engine/ResManager.ts.
14:21:37.143 debug: Resolve ../../../engine/ui/UIBase from file:///D:/Works/Cocos/WxMiniGames/MiniGameArrow/assets/scripts/Game/CommonGame/ui/LoadingPanel.ts as file:///D:/Works/Cocos/WxMiniGames/MiniGameArrow/assets/scripts/engine/ui/UIBase.ts.
14:21:37.144 debug: Resolve ../../../engine/ui/UIManager from file:///D:/Works/Cocos/WxMiniGames/MiniGameArrow/assets/scripts/Game/CommonGame/ui/LoadingPanel.ts as file:///D:/Works/Cocos/WxMiniGames/MiniGameArrow/assets/scripts/engine/ui/UIManager.ts.
14:21:37.144 debug: Resolve ../../../framework/FrameworkConst from file:///D:/Works/Cocos/WxMiniGames/MiniGameArrow/assets/scripts/Game/CommonGame/ui/LoadingPanel.ts as file:///D:/Works/Cocos/WxMiniGames/MiniGameArrow/assets/scripts/framework/FrameworkConst.ts.
14:21:37.145 debug: Resolve ../CommonUIConfig from file:///D:/Works/Cocos/WxMiniGames/MiniGameArrow/assets/scripts/Game/CommonGame/ui/LoadingPanel.ts as file:///D:/Works/Cocos/WxMiniGames/MiniGameArrow/assets/scripts/Game/CommonGame/CommonUIConfig.ts.
14:21:37.145 debug: Resolve cc from file:///D:/Works/Cocos/WxMiniGames/MiniGameArrow/assets/scripts/framework/FrameworkConst.ts as cce:/internal/x/cc.
14:21:37.145 debug: Resolve cce:/internal/code-quality/cr.mjs from file:///D:/Works/Cocos/WxMiniGames/MiniGameArrow/assets/scripts/Game/CommonGame/ui/LoginPanel.ts as cce:/internal/code-quality/cr.mjs.
14:21:37.145 debug: Resolve cc from file:///D:/Works/Cocos/WxMiniGames/MiniGameArrow/assets/scripts/Game/CommonGame/ui/LoginPanel.ts as cce:/internal/x/cc.
14:21:37.145 debug: Resolve cc from file:///D:/Works/Cocos/WxMiniGames/MiniGameArrow/assets/scripts/Game/CommonGame/ui/LoginPanel.ts as cce:/internal/x/cc.
14:21:37.145 debug: Resolve cc from file:///D:/Works/Cocos/WxMiniGames/MiniGameArrow/assets/scripts/Game/CommonGame/ui/LoginPanel.ts as cce:/internal/x/cc.
14:21:37.146 debug: Resolve ../../../engine/PlatformManager from file:///D:/Works/Cocos/WxMiniGames/MiniGameArrow/assets/scripts/Game/CommonGame/ui/LoginPanel.ts as file:///D:/Works/Cocos/WxMiniGames/MiniGameArrow/assets/scripts/engine/PlatformManager.ts.
14:21:37.147 debug: Resolve ../../../engine/ResManager from file:///D:/Works/Cocos/WxMiniGames/MiniGameArrow/assets/scripts/Game/CommonGame/ui/LoginPanel.ts as file:///D:/Works/Cocos/WxMiniGames/MiniGameArrow/assets/scripts/engine/ResManager.ts.
14:21:37.148 debug: Resolve ../../../engine/ui/UIBase from file:///D:/Works/Cocos/WxMiniGames/MiniGameArrow/assets/scripts/Game/CommonGame/ui/LoginPanel.ts as file:///D:/Works/Cocos/WxMiniGames/MiniGameArrow/assets/scripts/engine/ui/UIBase.ts.
14:21:37.148 debug: Resolve ../../../engine/ui/UIManager from file:///D:/Works/Cocos/WxMiniGames/MiniGameArrow/assets/scripts/Game/CommonGame/ui/LoginPanel.ts as file:///D:/Works/Cocos/WxMiniGames/MiniGameArrow/assets/scripts/engine/ui/UIManager.ts.
14:21:37.149 debug: Resolve ../../../framework/FrameworkConst from file:///D:/Works/Cocos/WxMiniGames/MiniGameArrow/assets/scripts/Game/CommonGame/ui/LoginPanel.ts as file:///D:/Works/Cocos/WxMiniGames/MiniGameArrow/assets/scripts/framework/FrameworkConst.ts.
14:21:37.150 debug: Resolve ../CommonUIConfig from file:///D:/Works/Cocos/WxMiniGames/MiniGameArrow/assets/scripts/Game/CommonGame/ui/LoginPanel.ts as file:///D:/Works/Cocos/WxMiniGames/MiniGameArrow/assets/scripts/Game/CommonGame/CommonUIConfig.ts.
14:21:37.150 debug: Resolve cce:/internal/code-quality/cr.mjs from file:///D:/Works/Cocos/WxMiniGames/MiniGameArrow/assets/scripts/Game/CommonGame/ui/MainPage.ts as cce:/internal/code-quality/cr.mjs.
14:21:37.150 debug: Resolve cc from file:///D:/Works/Cocos/WxMiniGames/MiniGameArrow/assets/scripts/Game/CommonGame/ui/MainPage.ts as cce:/internal/x/cc.
14:21:37.150 debug: Resolve cc from file:///D:/Works/Cocos/WxMiniGames/MiniGameArrow/assets/scripts/Game/CommonGame/ui/MainPage.ts as cce:/internal/x/cc.
14:21:37.150 debug: Resolve cc from file:///D:/Works/Cocos/WxMiniGames/MiniGameArrow/assets/scripts/Game/CommonGame/ui/MainPage.ts as cce:/internal/x/cc.
14:21:37.151 debug: Resolve ../../../engine/PlatformManager from file:///D:/Works/Cocos/WxMiniGames/MiniGameArrow/assets/scripts/Game/CommonGame/ui/MainPage.ts as file:///D:/Works/Cocos/WxMiniGames/MiniGameArrow/assets/scripts/engine/PlatformManager.ts.
14:21:37.152 debug: Resolve ../../../engine/ui/UIBase from file:///D:/Works/Cocos/WxMiniGames/MiniGameArrow/assets/scripts/Game/CommonGame/ui/MainPage.ts as file:///D:/Works/Cocos/WxMiniGames/MiniGameArrow/assets/scripts/engine/ui/UIBase.ts.
14:21:37.153 debug: Resolve ../../../engine/ui/UIManager from file:///D:/Works/Cocos/WxMiniGames/MiniGameArrow/assets/scripts/Game/CommonGame/ui/MainPage.ts as file:///D:/Works/Cocos/WxMiniGames/MiniGameArrow/assets/scripts/engine/ui/UIManager.ts.
14:21:37.153 debug: Resolve ../CommonGameProgress from file:///D:/Works/Cocos/WxMiniGames/MiniGameArrow/assets/scripts/Game/CommonGame/ui/MainPage.ts as file:///D:/Works/Cocos/WxMiniGames/MiniGameArrow/assets/scripts/Game/CommonGame/CommonGameProgress.ts.
14:21:37.154 debug: Resolve ../CommonUIConfig from file:///D:/Works/Cocos/WxMiniGames/MiniGameArrow/assets/scripts/Game/CommonGame/ui/MainPage.ts as file:///D:/Works/Cocos/WxMiniGames/MiniGameArrow/assets/scripts/Game/CommonGame/CommonUIConfig.ts.
14:21:37.154 debug: Resolve cce:/internal/code-quality/cr.mjs from file:///D:/Works/Cocos/WxMiniGames/MiniGameArrow/assets/scripts/Game/CommonGame/ui/MainPanel.ts as cce:/internal/code-quality/cr.mjs.
14:21:37.154 debug: Resolve cc from file:///D:/Works/Cocos/WxMiniGames/MiniGameArrow/assets/scripts/Game/CommonGame/ui/MainPanel.ts as cce:/internal/x/cc.
14:21:37.154 debug: Resolve cc from file:///D:/Works/Cocos/WxMiniGames/MiniGameArrow/assets/scripts/Game/CommonGame/ui/MainPanel.ts as cce:/internal/x/cc.
14:21:37.154 debug: Resolve cc from file:///D:/Works/Cocos/WxMiniGames/MiniGameArrow/assets/scripts/Game/CommonGame/ui/MainPanel.ts as cce:/internal/x/cc.
14:21:37.155 debug: Resolve ../../../engine/ui/UIBase from file:///D:/Works/Cocos/WxMiniGames/MiniGameArrow/assets/scripts/Game/CommonGame/ui/MainPanel.ts as file:///D:/Works/Cocos/WxMiniGames/MiniGameArrow/assets/scripts/engine/ui/UIBase.ts.
14:21:37.155 debug: Resolve ../../../framework/FrameworkConst from file:///D:/Works/Cocos/WxMiniGames/MiniGameArrow/assets/scripts/Game/CommonGame/ui/MainPanel.ts as file:///D:/Works/Cocos/WxMiniGames/MiniGameArrow/assets/scripts/framework/FrameworkConst.ts.
14:21:37.156 debug: Resolve cce:/internal/code-quality/cr.mjs from file:///D:/Works/Cocos/WxMiniGames/MiniGameArrow/assets/scripts/Game/CommonGame/ui/PausePanel.ts as cce:/internal/code-quality/cr.mjs.
14:21:37.156 debug: Resolve cc from file:///D:/Works/Cocos/WxMiniGames/MiniGameArrow/assets/scripts/Game/CommonGame/ui/PausePanel.ts as cce:/internal/x/cc.
14:21:37.156 debug: Resolve cc from file:///D:/Works/Cocos/WxMiniGames/MiniGameArrow/assets/scripts/Game/CommonGame/ui/PausePanel.ts as cce:/internal/x/cc.
14:21:37.156 debug: Resolve cc from file:///D:/Works/Cocos/WxMiniGames/MiniGameArrow/assets/scripts/Game/CommonGame/ui/PausePanel.ts as cce:/internal/x/cc.
14:21:37.156 debug: Resolve ../../../engine/ui/UIBase from file:///D:/Works/Cocos/WxMiniGames/MiniGameArrow/assets/scripts/Game/CommonGame/ui/PausePanel.ts as file:///D:/Works/Cocos/WxMiniGames/MiniGameArrow/assets/scripts/engine/ui/UIBase.ts.
14:21:37.157 debug: Resolve ../../../engine/ui/UIManager from file:///D:/Works/Cocos/WxMiniGames/MiniGameArrow/assets/scripts/Game/CommonGame/ui/PausePanel.ts as file:///D:/Works/Cocos/WxMiniGames/MiniGameArrow/assets/scripts/engine/ui/UIManager.ts.
14:21:37.157 debug: Resolve ../CommonUIConfig from file:///D:/Works/Cocos/WxMiniGames/MiniGameArrow/assets/scripts/Game/CommonGame/ui/PausePanel.ts as file:///D:/Works/Cocos/WxMiniGames/MiniGameArrow/assets/scripts/Game/CommonGame/CommonUIConfig.ts.
14:21:37.157 debug: Resolve cce:/internal/code-quality/cr.mjs from file:///D:/Works/Cocos/WxMiniGames/MiniGameArrow/assets/scripts/Game/CommonGame/ui/RankPanel.ts as cce:/internal/code-quality/cr.mjs.
14:21:37.158 debug: Resolve cc from file:///D:/Works/Cocos/WxMiniGames/MiniGameArrow/assets/scripts/Game/CommonGame/ui/RankPanel.ts as cce:/internal/x/cc.
14:21:37.158 debug: Resolve cc from file:///D:/Works/Cocos/WxMiniGames/MiniGameArrow/assets/scripts/Game/CommonGame/ui/RankPanel.ts as cce:/internal/x/cc.
14:21:37.158 debug: Resolve cc from file:///D:/Works/Cocos/WxMiniGames/MiniGameArrow/assets/scripts/Game/CommonGame/ui/RankPanel.ts as cce:/internal/x/cc.
14:21:37.159 debug: Resolve ../../../engine/PlatformManager from file:///D:/Works/Cocos/WxMiniGames/MiniGameArrow/assets/scripts/Game/CommonGame/ui/RankPanel.ts as file:///D:/Works/Cocos/WxMiniGames/MiniGameArrow/assets/scripts/engine/PlatformManager.ts.
14:21:37.160 debug: Resolve ../../../engine/ui/UIBase from file:///D:/Works/Cocos/WxMiniGames/MiniGameArrow/assets/scripts/Game/CommonGame/ui/RankPanel.ts as file:///D:/Works/Cocos/WxMiniGames/MiniGameArrow/assets/scripts/engine/ui/UIBase.ts.
14:21:37.160 debug: Resolve cce:/internal/code-quality/cr.mjs from file:///D:/Works/Cocos/WxMiniGames/MiniGameArrow/assets/scripts/Game/CommonGame/ui/TransitionPanel.ts as cce:/internal/code-quality/cr.mjs.
14:21:37.160 debug: Resolve cc from file:///D:/Works/Cocos/WxMiniGames/MiniGameArrow/assets/scripts/Game/CommonGame/ui/TransitionPanel.ts as cce:/internal/x/cc.
14:21:37.160 debug: Resolve cc from file:///D:/Works/Cocos/WxMiniGames/MiniGameArrow/assets/scripts/Game/CommonGame/ui/TransitionPanel.ts as cce:/internal/x/cc.
14:21:37.160 debug: Resolve cc from file:///D:/Works/Cocos/WxMiniGames/MiniGameArrow/assets/scripts/Game/CommonGame/ui/TransitionPanel.ts as cce:/internal/x/cc.
14:21:37.160 debug: Resolve ../../../engine/ui/UIBase from file:///D:/Works/Cocos/WxMiniGames/MiniGameArrow/assets/scripts/Game/CommonGame/ui/TransitionPanel.ts as file:///D:/Works/Cocos/WxMiniGames/MiniGameArrow/assets/scripts/engine/ui/UIBase.ts.
14:21:37.161 debug: Resolve ../../../engine/ui/UIManager from file:///D:/Works/Cocos/WxMiniGames/MiniGameArrow/assets/scripts/Game/CommonGame/ui/TransitionPanel.ts as file:///D:/Works/Cocos/WxMiniGames/MiniGameArrow/assets/scripts/engine/ui/UIManager.ts.
14:21:37.161 debug: Resolve ../CommonUIConfig from file:///D:/Works/Cocos/WxMiniGames/MiniGameArrow/assets/scripts/Game/CommonGame/ui/TransitionPanel.ts as file:///D:/Works/Cocos/WxMiniGames/MiniGameArrow/assets/scripts/Game/CommonGame/CommonUIConfig.ts.
14:21:37.162 debug: Resolve cc from file:///D:/Works/Cocos/WxMiniGames/MiniGameArrow/assets/scripts/engine/AudioManager.ts as cce:/internal/x/cc.
14:21:37.162 debug: Resolve cc from file:///D:/Works/Cocos/WxMiniGames/MiniGameArrow/assets/scripts/engine/AudioManager.ts as cce:/internal/x/cc.
14:21:37.162 debug: Resolve cc from file:///D:/Works/Cocos/WxMiniGames/MiniGameArrow/assets/scripts/engine/AudioManager.ts as cce:/internal/x/cc.
14:21:37.162 debug: Resolve cc from file:///D:/Works/Cocos/WxMiniGames/MiniGameArrow/assets/scripts/engine/ConfigManager.ts as cce:/internal/x/cc.
14:21:37.203 debug: Resolve cc from file:///D:/Works/Cocos/WxMiniGames/MiniGameArrow/assets/scripts/engine/FlatBuffersRuntime.ts as cce:/internal/x/cc.
14:21:37.203 debug: Resolve cc from file:///D:/Works/Cocos/WxMiniGames/MiniGameArrow/assets/scripts/engine/FlatBuffersRuntime.ts as cce:/internal/x/cc.
14:21:37.203 debug: Resolve cc from file:///D:/Works/Cocos/WxMiniGames/MiniGameArrow/assets/scripts/engine/FlatBuffersRuntime.ts as cce:/internal/x/cc.
14:21:37.203 debug: Resolve cce:/internal/code-quality/cr.mjs from file:///D:/Works/Cocos/WxMiniGames/MiniGameArrow/assets/scripts/engine/GameManager.ts as cce:/internal/code-quality/cr.mjs.
14:21:37.203 debug: Resolve cc from file:///D:/Works/Cocos/WxMiniGames/MiniGameArrow/assets/scripts/engine/GameManager.ts as cce:/internal/x/cc.
14:21:37.203 debug: Resolve cc from file:///D:/Works/Cocos/WxMiniGames/MiniGameArrow/assets/scripts/engine/GameManager.ts as cce:/internal/x/cc.
14:21:37.203 debug: Resolve cc from file:///D:/Works/Cocos/WxMiniGames/MiniGameArrow/assets/scripts/engine/GameManager.ts as cce:/internal/x/cc.
14:21:37.203 debug: Resolve ./ui/UIManager from file:///D:/Works/Cocos/WxMiniGames/MiniGameArrow/assets/scripts/engine/GameManager.ts as file:///D:/Works/Cocos/WxMiniGames/MiniGameArrow/assets/scripts/engine/ui/UIManager.ts.
14:21:37.203 debug: Resolve ./AudioManager from file:///D:/Works/Cocos/WxMiniGames/MiniGameArrow/assets/scripts/engine/GameManager.ts as file:///D:/Works/Cocos/WxMiniGames/MiniGameArrow/assets/scripts/engine/AudioManager.ts.
14:21:37.203 debug: Resolve ./ResManager from file:///D:/Works/Cocos/WxMiniGames/MiniGameArrow/assets/scripts/engine/GameManager.ts as file:///D:/Works/Cocos/WxMiniGames/MiniGameArrow/assets/scripts/engine/ResManager.ts.
14:21:37.203 debug: Resolve ./NodePool from file:///D:/Works/Cocos/WxMiniGames/MiniGameArrow/assets/scripts/engine/GameManager.ts as file:///D:/Works/Cocos/WxMiniGames/MiniGameArrow/assets/scripts/engine/NodePool.ts.
14:21:37.203 debug: Resolve ./ConfigManager from file:///D:/Works/Cocos/WxMiniGames/MiniGameArrow/assets/scripts/engine/GameManager.ts as file:///D:/Works/Cocos/WxMiniGames/MiniGameArrow/assets/scripts/engine/ConfigManager.ts.
14:21:37.203 debug: Resolve ./FlatBuffersRuntime from file:///D:/Works/Cocos/WxMiniGames/MiniGameArrow/assets/scripts/engine/GameManager.ts as file:///D:/Works/Cocos/WxMiniGames/MiniGameArrow/assets/scripts/engine/FlatBuffersRuntime.ts.
14:21:37.203 debug: Resolve ./AdManager from file:///D:/Works/Cocos/WxMiniGames/MiniGameArrow/assets/scripts/engine/GameManager.ts as file:///D:/Works/Cocos/WxMiniGames/MiniGameArrow/assets/scripts/engine/AdManager.ts.
14:21:37.203 debug: Resolve ../framework/TimerManager from file:///D:/Works/Cocos/WxMiniGames/MiniGameArrow/assets/scripts/engine/GameManager.ts as file:///D:/Works/Cocos/WxMiniGames/MiniGameArrow/assets/scripts/framework/TimerManager.ts.
14:21:37.204 debug: Resolve ../framework/StorageManager from file:///D:/Works/Cocos/WxMiniGames/MiniGameArrow/assets/scripts/engine/GameManager.ts as file:///D:/Works/Cocos/WxMiniGames/MiniGameArrow/assets/scripts/framework/StorageManager.ts.
14:21:37.204 debug: Resolve ../framework/ObjectPool from file:///D:/Works/Cocos/WxMiniGames/MiniGameArrow/assets/scripts/engine/GameManager.ts as file:///D:/Works/Cocos/WxMiniGames/MiniGameArrow/assets/scripts/framework/ObjectPool.ts.
14:21:37.204 debug: Resolve ../framework/EventManager from file:///D:/Works/Cocos/WxMiniGames/MiniGameArrow/assets/scripts/engine/GameManager.ts as file:///D:/Works/Cocos/WxMiniGames/MiniGameArrow/assets/scripts/framework/EventManager.ts.
14:21:37.204 debug: Resolve ../framework/FrameworkEvent from file:///D:/Works/Cocos/WxMiniGames/MiniGameArrow/assets/scripts/engine/GameManager.ts as file:///D:/Works/Cocos/WxMiniGames/MiniGameArrow/assets/scripts/framework/FrameworkEvent.ts.
14:21:37.204 debug: Resolve cc from file:///D:/Works/Cocos/WxMiniGames/MiniGameArrow/assets/scripts/engine/NodePool.ts as cce:/internal/x/cc.
14:21:37.204 debug: Resolve cc from file:///D:/Works/Cocos/WxMiniGames/MiniGameArrow/assets/scripts/engine/NodePool.ts as cce:/internal/x/cc.
14:21:37.204 debug: Resolve cc from file:///D:/Works/Cocos/WxMiniGames/MiniGameArrow/assets/scripts/engine/NodePool.ts as cce:/internal/x/cc.
14:21:37.204 debug: Resolve cc from file:///D:/Works/Cocos/WxMiniGames/MiniGameArrow/assets/scripts/framework/TimerManager.ts as cce:/internal/x/cc.
14:21:37.204 debug: Resolve cc from file:///D:/Works/Cocos/WxMiniGames/MiniGameArrow/assets/scripts/framework/ObjectPool.ts as cce:/internal/x/cc.
14:21:37.204 debug: Resolve cc from file:///D:/Works/Cocos/WxMiniGames/MiniGameArrow/assets/scripts/framework/EventManager.ts as cce:/internal/x/cc.
14:21:37.204 debug: Resolve cc from file:///D:/Works/Cocos/WxMiniGames/MiniGameArrow/assets/scripts/framework/FrameworkEvent.ts as cce:/internal/x/cc.
14:21:37.204 debug: Resolve cce:/internal/code-quality/cr.mjs from file:///D:/Works/Cocos/WxMiniGames/MiniGameArrow/assets/scripts/engine/Launcher.ts as cce:/internal/code-quality/cr.mjs.
14:21:37.204 debug: Resolve cc from file:///D:/Works/Cocos/WxMiniGames/MiniGameArrow/assets/scripts/engine/Launcher.ts as cce:/internal/x/cc.
14:21:37.204 debug: Resolve cc from file:///D:/Works/Cocos/WxMiniGames/MiniGameArrow/assets/scripts/engine/Launcher.ts as cce:/internal/x/cc.
14:21:37.204 debug: Resolve cc from file:///D:/Works/Cocos/WxMiniGames/MiniGameArrow/assets/scripts/engine/Launcher.ts as cce:/internal/x/cc.
14:21:37.204 debug: Resolve ./ScreenAdapter from file:///D:/Works/Cocos/WxMiniGames/MiniGameArrow/assets/scripts/engine/Launcher.ts as file:///D:/Works/Cocos/WxMiniGames/MiniGameArrow/assets/scripts/engine/ScreenAdapter.ts.
14:21:37.204 debug: Resolve ./GameManager from file:///D:/Works/Cocos/WxMiniGames/MiniGameArrow/assets/scripts/engine/Launcher.ts as file:///D:/Works/Cocos/WxMiniGames/MiniGameArrow/assets/scripts/engine/GameManager.ts.
14:21:37.204 debug: Resolve ../Game/CommonGame/CommonGameEntry from file:///D:/Works/Cocos/WxMiniGames/MiniGameArrow/assets/scripts/engine/Launcher.ts as file:///D:/Works/Cocos/WxMiniGames/MiniGameArrow/assets/scripts/Game/CommonGame/CommonGameEntry.ts.
14:21:37.204 debug: Resolve ./PlatformManager from file:///D:/Works/Cocos/WxMiniGames/MiniGameArrow/assets/scripts/engine/Launcher.ts as file:///D:/Works/Cocos/WxMiniGames/MiniGameArrow/assets/scripts/engine/PlatformManager.ts.
14:21:37.204 debug: Resolve cc from file:///D:/Works/Cocos/WxMiniGames/MiniGameArrow/assets/scripts/engine/ScreenAdapter.ts as cce:/internal/x/cc.
14:21:37.204 debug: Resolve cc from file:///D:/Works/Cocos/WxMiniGames/MiniGameArrow/assets/scripts/engine/ScreenAdapter.ts as cce:/internal/x/cc.
14:21:37.204 debug: Resolve cc from file:///D:/Works/Cocos/WxMiniGames/MiniGameArrow/assets/scripts/engine/ScreenAdapter.ts as cce:/internal/x/cc.
14:21:37.204 debug: Resolve cce:/internal/code-quality/cr.mjs from file:///D:/Works/Cocos/WxMiniGames/MiniGameArrow/assets/scripts/framework/TypeFactory.ts as cce:/internal/code-quality/cr.mjs.
14:21:37.204 debug: Resolve cc from file:///D:/Works/Cocos/WxMiniGames/MiniGameArrow/assets/scripts/framework/TypeFactory.ts as cce:/internal/x/cc.
14:21:37.204 debug: Resolve cc from file:///D:/Works/Cocos/WxMiniGames/MiniGameArrow/assets/scripts/framework/TypeRegistry.ts as cce:/internal/x/cc.
14:21:37.212 debug: Target(editor) ends with cost 303.8781999999992ms.
14:21:37.214 debug: Target(preview) build started.
14:21:37.217 debug: Detected change: cce:/internal/x/cc. Last mtime: Thu Jan 01 1970 08:00:09 GMT+0800 (香港标准时间), Current mtime: Thu Jan 01 1970 08:00:14 GMT+0800 (香港标准时间)
14:21:37.218 debug: Inspect cce:/internal/x/cc
14:21:37.265 debug: transform url: 'cce:/internal/x/cc' costs: 47.30 ms
14:21:37.266 debug: Resolve cce:/internal/x/cc-fu/2d from cce:/internal/x/cc as external dependency cce:/internal/x/cc-fu/2d.
14:21:37.266 debug: Resolve cce:/internal/x/cc-fu/sorting from cce:/internal/x/cc as external dependency cce:/internal/x/cc-fu/sorting.
14:21:37.266 debug: Resolve cce:/internal/x/cc-fu/affine-transform from cce:/internal/x/cc as external dependency cce:/internal/x/cc-fu/affine-transform.
14:21:37.266 debug: Resolve cce:/internal/x/cc-fu/animation from cce:/internal/x/cc as external dependency cce:/internal/x/cc-fu/animation.
14:21:37.266 debug: Resolve cce:/internal/x/cc-fu/audio from cce:/internal/x/cc as external dependency cce:/internal/x/cc-fu/audio.
14:21:37.266 debug: Resolve cce:/internal/x/cc-fu/base from cce:/internal/x/cc as external dependency cce:/internal/x/cc-fu/base.
14:21:37.266 debug: Resolve cce:/internal/x/cc-fu/custom-pipeline from cce:/internal/x/cc as external dependency cce:/internal/x/cc-fu/custom-pipeline.
14:21:37.266 debug: Resolve cce:/internal/x/cc-fu/dragon-bones from cce:/internal/x/cc as external dependency cce:/internal/x/cc-fu/dragon-bones.
14:21:37.266 debug: Resolve cce:/internal/x/cc-fu/gfx-webgl from cce:/internal/x/cc as external dependency cce:/internal/x/cc-fu/gfx-webgl.
14:21:37.266 debug: Resolve cce:/internal/x/cc-fu/gfx-webgl2 from cce:/internal/x/cc as external dependency cce:/internal/x/cc-fu/gfx-webgl2.
14:21:37.267 debug: Resolve cce:/internal/x/cc-fu/graphics from cce:/internal/x/cc as external dependency cce:/internal/x/cc-fu/graphics.
14:21:37.267 debug: Resolve cce:/internal/x/cc-fu/intersection-2d from cce:/internal/x/cc as external dependency cce:/internal/x/cc-fu/intersection-2d.
14:21:37.267 debug: Resolve cce:/internal/x/cc-fu/mask from cce:/internal/x/cc as external dependency cce:/internal/x/cc-fu/mask.
14:21:37.267 debug: Resolve cce:/internal/x/cc-fu/particle-2d from cce:/internal/x/cc as external dependency cce:/internal/x/cc-fu/particle-2d.
14:21:37.267 debug: Resolve cce:/internal/x/cc-fu/physics-2d-builtin from cce:/internal/x/cc as external dependency cce:/internal/x/cc-fu/physics-2d-builtin.
14:21:37.267 debug: Resolve cce:/internal/x/cc-fu/physics-2d-framework from cce:/internal/x/cc as external dependency cce:/internal/x/cc-fu/physics-2d-framework.
14:21:37.267 debug: Resolve cce:/internal/x/cc-fu/profiler from cce:/internal/x/cc as external dependency cce:/internal/x/cc-fu/profiler.
14:21:37.267 debug: Resolve cce:/internal/x/cc-fu/rich-text from cce:/internal/x/cc as external dependency cce:/internal/x/cc-fu/rich-text.
14:21:37.267 debug: Resolve cce:/internal/x/cc-fu/spine from cce:/internal/x/cc as external dependency cce:/internal/x/cc-fu/spine.
14:21:37.267 debug: Resolve cce:/internal/x/cc-fu/tiled-map from cce:/internal/x/cc as external dependency cce:/internal/x/cc-fu/tiled-map.
14:21:37.267 debug: Resolve cce:/internal/x/cc-fu/tween from cce:/internal/x/cc as external dependency cce:/internal/x/cc-fu/tween.
14:21:37.267 debug: Resolve cce:/internal/x/cc-fu/ui from cce:/internal/x/cc as external dependency cce:/internal/x/cc-fu/ui.
14:21:37.267 debug: Resolve cce:/internal/x/cc-fu/video from cce:/internal/x/cc as external dependency cce:/internal/x/cc-fu/video.
14:21:37.267 debug: Resolve cce:/internal/x/cc-fu/webview from cce:/internal/x/cc as external dependency cce:/internal/x/cc-fu/webview.
14:21:37.267 debug: Detected change: cce:/internal/x/prerequisite-imports. Last mtime: Thu Jan 01 1970 08:30:26 GMT+0800 (香港标准时间), Current mtime: Thu Jan 01 1970 08:00:14 GMT+0800 (香港标准时间)
14:21:37.267 debug: Inspect cce:/internal/x/prerequisite-imports
14:21:37.293 debug: transform url: 'cce:/internal/x/prerequisite-imports' costs: 25.50 ms
14:21:37.294 debug: Resolve file:///C:/ProgramData/cocos/editors/Creator/3.8.8/resources/resources/3d/engine/editor/assets/default_renderpipeline/builtin-dof-pass.ts from cce:/internal/x/prerequisite-imports as file:///C:/ProgramData/cocos/editors/Creator/3.8.8/resources/resources/3d/engine/editor/assets/default_renderpipeline/builtin-dof-pass.ts.
14:21:37.296 debug: Resolve file:///C:/ProgramData/cocos/editors/Creator/3.8.8/resources/resources/3d/engine/editor/assets/default_renderpipeline/builtin-pipeline-pass.ts from cce:/internal/x/prerequisite-imports as file:///C:/ProgramData/cocos/editors/Creator/3.8.8/resources/resources/3d/engine/editor/assets/default_renderpipeline/builtin-pipeline-pass.ts.
14:21:37.297 debug: Resolve file:///C:/ProgramData/cocos/editors/Creator/3.8.8/resources/resources/3d/engine/editor/assets/default_renderpipeline/builtin-pipeline-settings.ts from cce:/internal/x/prerequisite-imports as file:///C:/ProgramData/cocos/editors/Creator/3.8.8/resources/resources/3d/engine/editor/assets/default_renderpipeline/builtin-pipeline-settings.ts.
14:21:37.298 debug: Resolve file:///C:/ProgramData/cocos/editors/Creator/3.8.8/resources/resources/3d/engine/editor/assets/default_renderpipeline/builtin-pipeline-types.ts from cce:/internal/x/prerequisite-imports as file:///C:/ProgramData/cocos/editors/Creator/3.8.8/resources/resources/3d/engine/editor/assets/default_renderpipeline/builtin-pipeline-types.ts.
14:21:37.299 debug: Resolve file:///C:/ProgramData/cocos/editors/Creator/3.8.8/resources/resources/3d/engine/editor/assets/default_renderpipeline/builtin-pipeline.ts from cce:/internal/x/prerequisite-imports as file:///C:/ProgramData/cocos/editors/Creator/3.8.8/resources/resources/3d/engine/editor/assets/default_renderpipeline/builtin-pipeline.ts.
14:21:37.300 debug: Resolve file:///C:/ProgramData/cocos/editors/Creator/3.8.8/resources/resources/3d/engine/editor/assets/tools/debug-view-runtime-control.ts from cce:/internal/x/prerequisite-imports as file:///C:/ProgramData/cocos/editors/Creator/3.8.8/resources/resources/3d/engine/editor/assets/tools/debug-view-runtime-control.ts.
14:21:37.300 debug: Resolve file:///D:/Works/Cocos/WxMiniGames/MiniGameArrow/assets/scripts/Game/CommonGame/CommonGameEntry.ts from cce:/internal/x/prerequisite-imports as file:///D:/Works/Cocos/WxMiniGames/MiniGameArrow/assets/scripts/Game/CommonGame/CommonGameEntry.ts.
14:21:37.301 debug: Resolve file:///D:/Works/Cocos/WxMiniGames/MiniGameArrow/assets/scripts/Game/CommonGame/CommonGameProgress.ts from cce:/internal/x/prerequisite-imports as file:///D:/Works/Cocos/WxMiniGames/MiniGameArrow/assets/scripts/Game/CommonGame/CommonGameProgress.ts.
14:21:37.301 debug: Resolve file:///D:/Works/Cocos/WxMiniGames/MiniGameArrow/assets/scripts/Game/CommonGame/CommonUIConfig.ts from cce:/internal/x/prerequisite-imports as file:///D:/Works/Cocos/WxMiniGames/MiniGameArrow/assets/scripts/Game/CommonGame/CommonUIConfig.ts.
14:21:37.302 debug: Resolve file:///D:/Works/Cocos/WxMiniGames/MiniGameArrow/assets/scripts/Game/CommonGame/shader/PixelMonsterSprite.ts from cce:/internal/x/prerequisite-imports as file:///D:/Works/Cocos/WxMiniGames/MiniGameArrow/assets/scripts/Game/CommonGame/shader/PixelMonsterSprite.ts.
14:21:37.303 debug: Resolve file:///D:/Works/Cocos/WxMiniGames/MiniGameArrow/assets/scripts/Game/CommonGame/ui/AdPanel.ts from cce:/internal/x/prerequisite-imports as file:///D:/Works/Cocos/WxMiniGames/MiniGameArrow/assets/scripts/Game/CommonGame/ui/AdPanel.ts.
14:21:37.303 debug: Resolve file:///D:/Works/Cocos/WxMiniGames/MiniGameArrow/assets/scripts/Game/CommonGame/ui/GamePanel.ts from cce:/internal/x/prerequisite-imports as file:///D:/Works/Cocos/WxMiniGames/MiniGameArrow/assets/scripts/Game/CommonGame/ui/GamePanel.ts.
14:21:37.304 debug: Resolve file:///D:/Works/Cocos/WxMiniGames/MiniGameArrow/assets/scripts/Game/CommonGame/ui/LoadingPanel.ts from cce:/internal/x/prerequisite-imports as file:///D:/Works/Cocos/WxMiniGames/MiniGameArrow/assets/scripts/Game/CommonGame/ui/LoadingPanel.ts.
14:21:37.304 debug: Resolve file:///D:/Works/Cocos/WxMiniGames/MiniGameArrow/assets/scripts/Game/CommonGame/ui/LoginPanel.ts from cce:/internal/x/prerequisite-imports as file:///D:/Works/Cocos/WxMiniGames/MiniGameArrow/assets/scripts/Game/CommonGame/ui/LoginPanel.ts.
14:21:37.305 debug: Resolve file:///D:/Works/Cocos/WxMiniGames/MiniGameArrow/assets/scripts/Game/CommonGame/ui/MainPage.ts from cce:/internal/x/prerequisite-imports as file:///D:/Works/Cocos/WxMiniGames/MiniGameArrow/assets/scripts/Game/CommonGame/ui/MainPage.ts.
14:21:37.305 debug: Resolve file:///D:/Works/Cocos/WxMiniGames/MiniGameArrow/assets/scripts/Game/CommonGame/ui/MainPanel.ts from cce:/internal/x/prerequisite-imports as file:///D:/Works/Cocos/WxMiniGames/MiniGameArrow/assets/scripts/Game/CommonGame/ui/MainPanel.ts.
14:21:37.306 debug: Resolve file:///D:/Works/Cocos/WxMiniGames/MiniGameArrow/assets/scripts/Game/CommonGame/ui/PausePanel.ts from cce:/internal/x/prerequisite-imports as file:///D:/Works/Cocos/WxMiniGames/MiniGameArrow/assets/scripts/Game/CommonGame/ui/PausePanel.ts.
14:21:37.306 debug: Resolve file:///D:/Works/Cocos/WxMiniGames/MiniGameArrow/assets/scripts/Game/CommonGame/ui/RankPanel.ts from cce:/internal/x/prerequisite-imports as file:///D:/Works/Cocos/WxMiniGames/MiniGameArrow/assets/scripts/Game/CommonGame/ui/RankPanel.ts.
14:21:37.307 debug: Resolve file:///D:/Works/Cocos/WxMiniGames/MiniGameArrow/assets/scripts/Game/CommonGame/ui/TransitionPanel.ts from cce:/internal/x/prerequisite-imports as file:///D:/Works/Cocos/WxMiniGames/MiniGameArrow/assets/scripts/Game/CommonGame/ui/TransitionPanel.ts.
14:21:37.308 debug: Resolve file:///D:/Works/Cocos/WxMiniGames/MiniGameArrow/assets/scripts/engine/AdManager.ts from cce:/internal/x/prerequisite-imports as file:///D:/Works/Cocos/WxMiniGames/MiniGameArrow/assets/scripts/engine/AdManager.ts.
14:21:37.308 debug: Resolve file:///D:/Works/Cocos/WxMiniGames/MiniGameArrow/assets/scripts/engine/AudioManager.ts from cce:/internal/x/prerequisite-imports as file:///D:/Works/Cocos/WxMiniGames/MiniGameArrow/assets/scripts/engine/AudioManager.ts.
14:21:37.308 debug: Resolve file:///D:/Works/Cocos/WxMiniGames/MiniGameArrow/assets/scripts/engine/ConfigManager.ts from cce:/internal/x/prerequisite-imports as file:///D:/Works/Cocos/WxMiniGames/MiniGameArrow/assets/scripts/engine/ConfigManager.ts.
14:21:37.309 debug: Resolve file:///D:/Works/Cocos/WxMiniGames/MiniGameArrow/assets/scripts/engine/FlatBuffersRuntime.ts from cce:/internal/x/prerequisite-imports as file:///D:/Works/Cocos/WxMiniGames/MiniGameArrow/assets/scripts/engine/FlatBuffersRuntime.ts.
14:21:37.309 debug: Resolve file:///D:/Works/Cocos/WxMiniGames/MiniGameArrow/assets/scripts/engine/GameManager.ts from cce:/internal/x/prerequisite-imports as file:///D:/Works/Cocos/WxMiniGames/MiniGameArrow/assets/scripts/engine/GameManager.ts.
14:21:37.310 debug: Resolve file:///D:/Works/Cocos/WxMiniGames/MiniGameArrow/assets/scripts/engine/Launcher.ts from cce:/internal/x/prerequisite-imports as file:///D:/Works/Cocos/WxMiniGames/MiniGameArrow/assets/scripts/engine/Launcher.ts.
14:21:37.310 debug: Resolve file:///D:/Works/Cocos/WxMiniGames/MiniGameArrow/assets/scripts/engine/NodePool.ts from cce:/internal/x/prerequisite-imports as file:///D:/Works/Cocos/WxMiniGames/MiniGameArrow/assets/scripts/engine/NodePool.ts.
14:21:37.310 debug: Resolve file:///D:/Works/Cocos/WxMiniGames/MiniGameArrow/assets/scripts/engine/PlatformManager.ts from cce:/internal/x/prerequisite-imports as file:///D:/Works/Cocos/WxMiniGames/MiniGameArrow/assets/scripts/engine/PlatformManager.ts.
14:21:37.311 debug: Resolve file:///D:/Works/Cocos/WxMiniGames/MiniGameArrow/assets/scripts/engine/ResManager.ts from cce:/internal/x/prerequisite-imports as file:///D:/Works/Cocos/WxMiniGames/MiniGameArrow/assets/scripts/engine/ResManager.ts.
14:21:37.311 debug: Resolve file:///D:/Works/Cocos/WxMiniGames/MiniGameArrow/assets/scripts/engine/ScreenAdapter.ts from cce:/internal/x/prerequisite-imports as file:///D:/Works/Cocos/WxMiniGames/MiniGameArrow/assets/scripts/engine/ScreenAdapter.ts.
14:21:37.312 debug: Resolve file:///D:/Works/Cocos/WxMiniGames/MiniGameArrow/assets/scripts/engine/ui/UIBase.ts from cce:/internal/x/prerequisite-imports as file:///D:/Works/Cocos/WxMiniGames/MiniGameArrow/assets/scripts/engine/ui/UIBase.ts.
14:21:37.313 debug: Resolve file:///D:/Works/Cocos/WxMiniGames/MiniGameArrow/assets/scripts/engine/ui/UIData.ts from cce:/internal/x/prerequisite-imports as file:///D:/Works/Cocos/WxMiniGames/MiniGameArrow/assets/scripts/engine/ui/UIData.ts.
14:21:37.313 debug: Resolve file:///D:/Works/Cocos/WxMiniGames/MiniGameArrow/assets/scripts/engine/ui/UIManager.ts from cce:/internal/x/prerequisite-imports as file:///D:/Works/Cocos/WxMiniGames/MiniGameArrow/assets/scripts/engine/ui/UIManager.ts.
14:21:37.314 debug: Resolve file:///D:/Works/Cocos/WxMiniGames/MiniGameArrow/assets/scripts/framework/EventManager.ts from cce:/internal/x/prerequisite-imports as file:///D:/Works/Cocos/WxMiniGames/MiniGameArrow/assets/scripts/framework/EventManager.ts.
14:21:37.315 debug: Resolve file:///D:/Works/Cocos/WxMiniGames/MiniGameArrow/assets/scripts/framework/FrameworkConst.ts from cce:/internal/x/prerequisite-imports as file:///D:/Works/Cocos/WxMiniGames/MiniGameArrow/assets/scripts/framework/FrameworkConst.ts.
14:21:37.315 debug: Resolve file:///D:/Works/Cocos/WxMiniGames/MiniGameArrow/assets/scripts/framework/FrameworkEvent.ts from cce:/internal/x/prerequisite-imports as file:///D:/Works/Cocos/WxMiniGames/MiniGameArrow/assets/scripts/framework/FrameworkEvent.ts.
14:21:37.315 debug: Resolve file:///D:/Works/Cocos/WxMiniGames/MiniGameArrow/assets/scripts/framework/ObjectPool.ts from cce:/internal/x/prerequisite-imports as file:///D:/Works/Cocos/WxMiniGames/MiniGameArrow/assets/scripts/framework/ObjectPool.ts.
14:21:37.316 debug: Resolve file:///D:/Works/Cocos/WxMiniGames/MiniGameArrow/assets/scripts/framework/StorageManager.ts from cce:/internal/x/prerequisite-imports as file:///D:/Works/Cocos/WxMiniGames/MiniGameArrow/assets/scripts/framework/StorageManager.ts.
14:21:37.316 debug: Resolve file:///D:/Works/Cocos/WxMiniGames/MiniGameArrow/assets/scripts/framework/TimerManager.ts from cce:/internal/x/prerequisite-imports as file:///D:/Works/Cocos/WxMiniGames/MiniGameArrow/assets/scripts/framework/TimerManager.ts.
14:21:37.317 debug: Resolve file:///D:/Works/Cocos/WxMiniGames/MiniGameArrow/assets/scripts/framework/TypeFactory.ts from cce:/internal/x/prerequisite-imports as file:///D:/Works/Cocos/WxMiniGames/MiniGameArrow/assets/scripts/framework/TypeFactory.ts.
14:21:37.318 debug: Resolve file:///D:/Works/Cocos/WxMiniGames/MiniGameArrow/assets/scripts/framework/TypeRegistry.ts from cce:/internal/x/prerequisite-imports as file:///D:/Works/Cocos/WxMiniGames/MiniGameArrow/assets/scripts/framework/TypeRegistry.ts.
14:21:37.318 debug: Resolve cce:/internal/code-quality/cr.mjs from file:///C:/ProgramData/cocos/editors/Creator/3.8.8/resources/resources/3d/engine/editor/assets/default_renderpipeline/builtin-dof-pass.ts as cce:/internal/code-quality/cr.mjs.
14:21:37.318 debug: Detected change: cce:/internal/code-quality/cr.mjs. Last mtime: Sun Aug 02 2026 15:30:54 GMT+0800 (香港标准时间), Current mtime: Mon Aug 03 2026 14:21:22 GMT+0800 (香港标准时间)
14:21:37.318 debug: Inspect cce:/internal/code-quality/cr.mjs
14:21:37.336 debug: transform url: 'cce:/internal/code-quality/cr.mjs' costs: 17.70 ms
14:21:37.337 debug: Resolve cc from file:///C:/ProgramData/cocos/editors/Creator/3.8.8/resources/resources/3d/engine/editor/assets/default_renderpipeline/builtin-dof-pass.ts as cce:/internal/x/cc.
14:21:37.337 debug: Resolve cc from file:///C:/ProgramData/cocos/editors/Creator/3.8.8/resources/resources/3d/engine/editor/assets/default_renderpipeline/builtin-dof-pass.ts as cce:/internal/x/cc.
14:21:37.337 debug: Resolve cc from file:///C:/ProgramData/cocos/editors/Creator/3.8.8/resources/resources/3d/engine/editor/assets/default_renderpipeline/builtin-dof-pass.ts as cce:/internal/x/cc.
14:21:37.337 debug: Resolve cc/env from file:///C:/ProgramData/cocos/editors/Creator/3.8.8/resources/resources/3d/engine/editor/assets/default_renderpipeline/builtin-dof-pass.ts as external dependency cc/env.
14:21:37.338 debug: Resolve ./builtin-pipeline-settings from file:///C:/ProgramData/cocos/editors/Creator/3.8.8/resources/resources/3d/engine/editor/assets/default_renderpipeline/builtin-dof-pass.ts as file:///C:/ProgramData/cocos/editors/Creator/3.8.8/resources/resources/3d/engine/editor/assets/default_renderpipeline/builtin-pipeline-settings.ts.
14:21:37.339 debug: Resolve ./builtin-pipeline-pass from file:///C:/ProgramData/cocos/editors/Creator/3.8.8/resources/resources/3d/engine/editor/assets/default_renderpipeline/builtin-dof-pass.ts as file:///C:/ProgramData/cocos/editors/Creator/3.8.8/resources/resources/3d/engine/editor/assets/default_renderpipeline/builtin-pipeline-pass.ts.
14:21:37.340 debug: Resolve ./builtin-pipeline from file:///C:/ProgramData/cocos/editors/Creator/3.8.8/resources/resources/3d/engine/editor/assets/default_renderpipeline/builtin-dof-pass.ts as file:///C:/ProgramData/cocos/editors/Creator/3.8.8/resources/resources/3d/engine/editor/assets/default_renderpipeline/builtin-pipeline.ts.
14:21:37.340 debug: Resolve cce:/internal/code-quality/cr.mjs from file:///C:/ProgramData/cocos/editors/Creator/3.8.8/resources/resources/3d/engine/editor/assets/default_renderpipeline/builtin-pipeline-settings.ts as cce:/internal/code-quality/cr.mjs.
14:21:37.341 debug: Resolve cc from file:///C:/ProgramData/cocos/editors/Creator/3.8.8/resources/resources/3d/engine/editor/assets/default_renderpipeline/builtin-pipeline-settings.ts as cce:/internal/x/cc.
14:21:37.341 debug: Resolve cc from file:///C:/ProgramData/cocos/editors/Creator/3.8.8/resources/resources/3d/engine/editor/assets/default_renderpipeline/builtin-pipeline-settings.ts as cce:/internal/x/cc.
14:21:37.341 debug: Resolve cc from file:///C:/ProgramData/cocos/editors/Creator/3.8.8/resources/resources/3d/engine/editor/assets/default_renderpipeline/builtin-pipeline-settings.ts as cce:/internal/x/cc.
14:21:37.341 debug: Resolve cc/env from file:///C:/ProgramData/cocos/editors/Creator/3.8.8/resources/resources/3d/engine/editor/assets/default_renderpipeline/builtin-pipeline-settings.ts as external dependency cc/env.
14:21:37.342 debug: Resolve ./builtin-pipeline-types from file:///C:/ProgramData/cocos/editors/Creator/3.8.8/resources/resources/3d/engine/editor/assets/default_renderpipeline/builtin-pipeline-settings.ts as file:///C:/ProgramData/cocos/editors/Creator/3.8.8/resources/resources/3d/engine/editor/assets/default_renderpipeline/builtin-pipeline-types.ts.
14:21:37.342 debug: Resolve cc from file:///C:/ProgramData/cocos/editors/Creator/3.8.8/resources/resources/3d/engine/editor/assets/default_renderpipeline/builtin-pipeline-types.ts as cce:/internal/x/cc.
14:21:37.342 debug: Resolve cc from file:///C:/ProgramData/cocos/editors/Creator/3.8.8/resources/resources/3d/engine/editor/assets/default_renderpipeline/builtin-pipeline-types.ts as cce:/internal/x/cc.
14:21:37.342 debug: Resolve cc from file:///C:/ProgramData/cocos/editors/Creator/3.8.8/resources/resources/3d/engine/editor/assets/default_renderpipeline/builtin-pipeline-types.ts as cce:/internal/x/cc.
14:21:37.342 debug: Resolve cce:/internal/code-quality/cr.mjs from file:///C:/ProgramData/cocos/editors/Creator/3.8.8/resources/resources/3d/engine/editor/assets/default_renderpipeline/builtin-pipeline-pass.ts as cce:/internal/code-quality/cr.mjs.
14:21:37.342 debug: Resolve cc from file:///C:/ProgramData/cocos/editors/Creator/3.8.8/resources/resources/3d/engine/editor/assets/default_renderpipeline/builtin-pipeline-pass.ts as cce:/internal/x/cc.
14:21:37.342 debug: Resolve cc from file:///C:/ProgramData/cocos/editors/Creator/3.8.8/resources/resources/3d/engine/editor/assets/default_renderpipeline/builtin-pipeline-pass.ts as cce:/internal/x/cc.
14:21:37.343 debug: Resolve cc from file:///C:/ProgramData/cocos/editors/Creator/3.8.8/resources/resources/3d/engine/editor/assets/default_renderpipeline/builtin-pipeline-pass.ts as cce:/internal/x/cc.
14:21:37.343 debug: Resolve ./builtin-pipeline-settings from file:///C:/ProgramData/cocos/editors/Creator/3.8.8/resources/resources/3d/engine/editor/assets/default_renderpipeline/builtin-pipeline-pass.ts as file:///C:/ProgramData/cocos/editors/Creator/3.8.8/resources/resources/3d/engine/editor/assets/default_renderpipeline/builtin-pipeline-settings.ts.
14:21:37.343 debug: Resolve cc/env from file:///C:/ProgramData/cocos/editors/Creator/3.8.8/resources/resources/3d/engine/editor/assets/default_renderpipeline/builtin-pipeline-pass.ts as external dependency cc/env.
14:21:37.343 debug: Resolve cce:/internal/code-quality/cr.mjs from file:///C:/ProgramData/cocos/editors/Creator/3.8.8/resources/resources/3d/engine/editor/assets/default_renderpipeline/builtin-pipeline.ts as cce:/internal/code-quality/cr.mjs.
14:21:37.344 debug: Resolve cc from file:///C:/ProgramData/cocos/editors/Creator/3.8.8/resources/resources/3d/engine/editor/assets/default_renderpipeline/builtin-pipeline.ts as cce:/internal/x/cc.
14:21:37.344 debug: Resolve cc from file:///C:/ProgramData/cocos/editors/Creator/3.8.8/resources/resources/3d/engine/editor/assets/default_renderpipeline/builtin-pipeline.ts as cce:/internal/x/cc.
14:21:37.344 debug: Resolve cc from file:///C:/ProgramData/cocos/editors/Creator/3.8.8/resources/resources/3d/engine/editor/assets/default_renderpipeline/builtin-pipeline.ts as cce:/internal/x/cc.
14:21:37.344 debug: Resolve cc/env from file:///C:/ProgramData/cocos/editors/Creator/3.8.8/resources/resources/3d/engine/editor/assets/default_renderpipeline/builtin-pipeline.ts as external dependency cc/env.
14:21:37.345 debug: Resolve ./builtin-pipeline-types from file:///C:/ProgramData/cocos/editors/Creator/3.8.8/resources/resources/3d/engine/editor/assets/default_renderpipeline/builtin-pipeline.ts as file:///C:/ProgramData/cocos/editors/Creator/3.8.8/resources/resources/3d/engine/editor/assets/default_renderpipeline/builtin-pipeline-types.ts.
14:21:37.346 debug: Resolve cc from file:///C:/ProgramData/cocos/editors/Creator/3.8.8/resources/resources/3d/engine/editor/assets/tools/debug-view-runtime-control.ts as cce:/internal/x/cc.
14:21:37.346 debug: Resolve cc from file:///C:/ProgramData/cocos/editors/Creator/3.8.8/resources/resources/3d/engine/editor/assets/tools/debug-view-runtime-control.ts as cce:/internal/x/cc.
14:21:37.346 debug: Resolve cc from file:///C:/ProgramData/cocos/editors/Creator/3.8.8/resources/resources/3d/engine/editor/assets/tools/debug-view-runtime-control.ts as cce:/internal/x/cc.
14:21:37.346 debug: Resolve cce:/internal/code-quality/cr.mjs from file:///D:/Works/Cocos/WxMiniGames/MiniGameArrow/assets/scripts/Game/CommonGame/CommonGameEntry.ts as cce:/internal/code-quality/cr.mjs.
14:21:37.346 debug: Resolve cc from file:///D:/Works/Cocos/WxMiniGames/MiniGameArrow/assets/scripts/Game/CommonGame/CommonGameEntry.ts as cce:/internal/x/cc.
14:21:37.347 debug: Resolve ../../engine/ui/UIManager from file:///D:/Works/Cocos/WxMiniGames/MiniGameArrow/assets/scripts/Game/CommonGame/CommonGameEntry.ts as file:///D:/Works/Cocos/WxMiniGames/MiniGameArrow/assets/scripts/engine/ui/UIManager.ts.
14:21:37.347 debug: Resolve ./CommonUIConfig from file:///D:/Works/Cocos/WxMiniGames/MiniGameArrow/assets/scripts/Game/CommonGame/CommonGameEntry.ts as file:///D:/Works/Cocos/WxMiniGames/MiniGameArrow/assets/scripts/Game/CommonGame/CommonUIConfig.ts.
14:21:37.347 debug: Resolve cce:/internal/code-quality/cr.mjs from file:///D:/Works/Cocos/WxMiniGames/MiniGameArrow/assets/scripts/engine/ui/UIManager.ts as cce:/internal/code-quality/cr.mjs.
14:21:37.348 debug: Resolve cc from file:///D:/Works/Cocos/WxMiniGames/MiniGameArrow/assets/scripts/engine/ui/UIManager.ts as cce:/internal/x/cc.
14:21:37.348 debug: Resolve cc from file:///D:/Works/Cocos/WxMiniGames/MiniGameArrow/assets/scripts/engine/ui/UIManager.ts as cce:/internal/x/cc.
14:21:37.348 debug: Resolve cc from file:///D:/Works/Cocos/WxMiniGames/MiniGameArrow/assets/scripts/engine/ui/UIManager.ts as cce:/internal/x/cc.
14:21:37.348 debug: Resolve ../ResManager from file:///D:/Works/Cocos/WxMiniGames/MiniGameArrow/assets/scripts/engine/ui/UIManager.ts as file:///D:/Works/Cocos/WxMiniGames/MiniGameArrow/assets/scripts/engine/ResManager.ts.
14:21:37.349 debug: Resolve ./UIData from file:///D:/Works/Cocos/WxMiniGames/MiniGameArrow/assets/scripts/engine/ui/UIManager.ts as file:///D:/Works/Cocos/WxMiniGames/MiniGameArrow/assets/scripts/engine/ui/UIData.ts.
14:21:37.349 debug: Resolve ./UIBase from file:///D:/Works/Cocos/WxMiniGames/MiniGameArrow/assets/scripts/engine/ui/UIManager.ts as file:///D:/Works/Cocos/WxMiniGames/MiniGameArrow/assets/scripts/engine/ui/UIBase.ts.
14:21:37.349 debug: Resolve cc from file:///D:/Works/Cocos/WxMiniGames/MiniGameArrow/assets/scripts/engine/ResManager.ts as cce:/internal/x/cc.
14:21:37.350 debug: Resolve cc from file:///D:/Works/Cocos/WxMiniGames/MiniGameArrow/assets/scripts/engine/ResManager.ts as cce:/internal/x/cc.
14:21:37.350 debug: Resolve cc from file:///D:/Works/Cocos/WxMiniGames/MiniGameArrow/assets/scripts/engine/ResManager.ts as cce:/internal/x/cc.
14:21:37.350 debug: Resolve cce:/internal/code-quality/cr.mjs from file:///D:/Works/Cocos/WxMiniGames/MiniGameArrow/assets/scripts/engine/ui/UIData.ts as cce:/internal/code-quality/cr.mjs.
14:21:37.350 debug: Resolve cc from file:///D:/Works/Cocos/WxMiniGames/MiniGameArrow/assets/scripts/engine/ui/UIData.ts as cce:/internal/x/cc.
14:21:37.350 debug: Resolve cc from file:///D:/Works/Cocos/WxMiniGames/MiniGameArrow/assets/scripts/engine/ui/UIData.ts as cce:/internal/x/cc.
14:21:37.350 debug: Resolve cc from file:///D:/Works/Cocos/WxMiniGames/MiniGameArrow/assets/scripts/engine/ui/UIData.ts as cce:/internal/x/cc.
14:21:37.350 debug: Resolve ../ResManager from file:///D:/Works/Cocos/WxMiniGames/MiniGameArrow/assets/scripts/engine/ui/UIData.ts as file:///D:/Works/Cocos/WxMiniGames/MiniGameArrow/assets/scripts/engine/ResManager.ts.
14:21:37.350 debug: Resolve cce:/internal/code-quality/cr.mjs from file:///D:/Works/Cocos/WxMiniGames/MiniGameArrow/assets/scripts/engine/ui/UIBase.ts as cce:/internal/code-quality/cr.mjs.
14:21:37.350 debug: Resolve cc from file:///D:/Works/Cocos/WxMiniGames/MiniGameArrow/assets/scripts/engine/ui/UIBase.ts as cce:/internal/x/cc.
14:21:37.350 debug: Resolve cc from file:///D:/Works/Cocos/WxMiniGames/MiniGameArrow/assets/scripts/engine/ui/UIBase.ts as cce:/internal/x/cc.
14:21:37.351 debug: Resolve cc from file:///D:/Works/Cocos/WxMiniGames/MiniGameArrow/assets/scripts/engine/ui/UIBase.ts as cce:/internal/x/cc.
14:21:37.351 debug: Resolve ./UIManager from file:///D:/Works/Cocos/WxMiniGames/MiniGameArrow/assets/scripts/engine/ui/UIBase.ts as file:///D:/Works/Cocos/WxMiniGames/MiniGameArrow/assets/scripts/engine/ui/UIManager.ts.
14:21:37.351 debug: Resolve cce:/internal/code-quality/cr.mjs from file:///D:/Works/Cocos/WxMiniGames/MiniGameArrow/assets/scripts/Game/CommonGame/CommonUIConfig.ts as cce:/internal/code-quality/cr.mjs.
14:21:37.351 debug: Resolve cc from file:///D:/Works/Cocos/WxMiniGames/MiniGameArrow/assets/scripts/Game/CommonGame/CommonUIConfig.ts as cce:/internal/x/cc.
14:21:37.352 debug: Resolve ../../engine/ui/UIData from file:///D:/Works/Cocos/WxMiniGames/MiniGameArrow/assets/scripts/Game/CommonGame/CommonUIConfig.ts as file:///D:/Works/Cocos/WxMiniGames/MiniGameArrow/assets/scripts/engine/ui/UIData.ts.
14:21:37.352 debug: Resolve cce:/internal/code-quality/cr.mjs from file:///D:/Works/Cocos/WxMiniGames/MiniGameArrow/assets/scripts/Game/CommonGame/CommonGameProgress.ts as cce:/internal/code-quality/cr.mjs.
14:21:37.352 debug: Resolve cc from file:///D:/Works/Cocos/WxMiniGames/MiniGameArrow/assets/scripts/Game/CommonGame/CommonGameProgress.ts as cce:/internal/x/cc.
14:21:37.352 debug: Resolve ../../framework/StorageManager from file:///D:/Works/Cocos/WxMiniGames/MiniGameArrow/assets/scripts/Game/CommonGame/CommonGameProgress.ts as file:///D:/Works/Cocos/WxMiniGames/MiniGameArrow/assets/scripts/framework/StorageManager.ts.
14:21:37.352 debug: Resolve cc from file:///D:/Works/Cocos/WxMiniGames/MiniGameArrow/assets/scripts/framework/StorageManager.ts as cce:/internal/x/cc.
14:21:37.352 debug: Resolve cce:/internal/code-quality/cr.mjs from file:///D:/Works/Cocos/WxMiniGames/MiniGameArrow/assets/scripts/Game/CommonGame/shader/PixelMonsterSprite.ts as cce:/internal/code-quality/cr.mjs.
14:21:37.352 debug: Resolve cc from file:///D:/Works/Cocos/WxMiniGames/MiniGameArrow/assets/scripts/Game/CommonGame/shader/PixelMonsterSprite.ts as cce:/internal/x/cc.
14:21:37.352 debug: Resolve cc from file:///D:/Works/Cocos/WxMiniGames/MiniGameArrow/assets/scripts/Game/CommonGame/shader/PixelMonsterSprite.ts as cce:/internal/x/cc.
14:21:37.352 debug: Resolve cc from file:///D:/Works/Cocos/WxMiniGames/MiniGameArrow/assets/scripts/Game/CommonGame/shader/PixelMonsterSprite.ts as cce:/internal/x/cc.
14:21:37.353 debug: Resolve ../../../engine/ResManager from file:///D:/Works/Cocos/WxMiniGames/MiniGameArrow/assets/scripts/Game/CommonGame/shader/PixelMonsterSprite.ts as file:///D:/Works/Cocos/WxMiniGames/MiniGameArrow/assets/scripts/engine/ResManager.ts.
14:21:37.353 debug: Resolve ../CommonUIConfig from file:///D:/Works/Cocos/WxMiniGames/MiniGameArrow/assets/scripts/Game/CommonGame/shader/PixelMonsterSprite.ts as file:///D:/Works/Cocos/WxMiniGames/MiniGameArrow/assets/scripts/Game/CommonGame/CommonUIConfig.ts.
14:21:37.354 debug: Resolve cce:/internal/code-quality/cr.mjs from file:///D:/Works/Cocos/WxMiniGames/MiniGameArrow/assets/scripts/Game/CommonGame/ui/AdPanel.ts as cce:/internal/code-quality/cr.mjs.
14:21:37.354 debug: Resolve cc from file:///D:/Works/Cocos/WxMiniGames/MiniGameArrow/assets/scripts/Game/CommonGame/ui/AdPanel.ts as cce:/internal/x/cc.
14:21:37.354 debug: Resolve cc from file:///D:/Works/Cocos/WxMiniGames/MiniGameArrow/assets/scripts/Game/CommonGame/ui/AdPanel.ts as cce:/internal/x/cc.
14:21:37.354 debug: Resolve cc from file:///D:/Works/Cocos/WxMiniGames/MiniGameArrow/assets/scripts/Game/CommonGame/ui/AdPanel.ts as cce:/internal/x/cc.
14:21:37.354 debug: Resolve ../../../engine/AdManager from file:///D:/Works/Cocos/WxMiniGames/MiniGameArrow/assets/scripts/Game/CommonGame/ui/AdPanel.ts as file:///D:/Works/Cocos/WxMiniGames/MiniGameArrow/assets/scripts/engine/AdManager.ts.
14:21:37.355 debug: Resolve ../../../engine/PlatformManager from file:///D:/Works/Cocos/WxMiniGames/MiniGameArrow/assets/scripts/Game/CommonGame/ui/AdPanel.ts as file:///D:/Works/Cocos/WxMiniGames/MiniGameArrow/assets/scripts/engine/PlatformManager.ts.
14:21:37.356 debug: Resolve ../../../engine/ui/UIBase from file:///D:/Works/Cocos/WxMiniGames/MiniGameArrow/assets/scripts/Game/CommonGame/ui/AdPanel.ts as file:///D:/Works/Cocos/WxMiniGames/MiniGameArrow/assets/scripts/engine/ui/UIBase.ts.
14:21:37.356 debug: Resolve cc from file:///D:/Works/Cocos/WxMiniGames/MiniGameArrow/assets/scripts/engine/AdManager.ts as cce:/internal/x/cc.
14:21:37.356 debug: Resolve cc from file:///D:/Works/Cocos/WxMiniGames/MiniGameArrow/assets/scripts/engine/AdManager.ts as cce:/internal/x/cc.
14:21:37.356 debug: Resolve cc from file:///D:/Works/Cocos/WxMiniGames/MiniGameArrow/assets/scripts/engine/AdManager.ts as cce:/internal/x/cc.
14:21:37.356 debug: Resolve cc from file:///D:/Works/Cocos/WxMiniGames/MiniGameArrow/assets/scripts/engine/PlatformManager.ts as cce:/internal/x/cc.
14:21:37.356 debug: Resolve cc from file:///D:/Works/Cocos/WxMiniGames/MiniGameArrow/assets/scripts/engine/PlatformManager.ts as cce:/internal/x/cc.
14:21:37.356 debug: Resolve cc from file:///D:/Works/Cocos/WxMiniGames/MiniGameArrow/assets/scripts/engine/PlatformManager.ts as cce:/internal/x/cc.
14:21:37.356 debug: Resolve cce:/internal/code-quality/cr.mjs from file:///D:/Works/Cocos/WxMiniGames/MiniGameArrow/assets/scripts/Game/CommonGame/ui/GamePanel.ts as cce:/internal/code-quality/cr.mjs.
14:21:37.356 debug: Resolve cc from file:///D:/Works/Cocos/WxMiniGames/MiniGameArrow/assets/scripts/Game/CommonGame/ui/GamePanel.ts as cce:/internal/x/cc.
14:21:37.356 debug: Resolve cc from file:///D:/Works/Cocos/WxMiniGames/MiniGameArrow/assets/scripts/Game/CommonGame/ui/GamePanel.ts as cce:/internal/x/cc.
14:21:37.356 debug: Resolve cc from file:///D:/Works/Cocos/WxMiniGames/MiniGameArrow/assets/scripts/Game/CommonGame/ui/GamePanel.ts as cce:/internal/x/cc.
14:21:37.356 debug: Resolve ../../../engine/PlatformManager from file:///D:/Works/Cocos/WxMiniGames/MiniGameArrow/assets/scripts/Game/CommonGame/ui/GamePanel.ts as file:///D:/Works/Cocos/WxMiniGames/MiniGameArrow/assets/scripts/engine/PlatformManager.ts.
14:21:37.357 debug: Resolve ../../../engine/ResManager from file:///D:/Works/Cocos/WxMiniGames/MiniGameArrow/assets/scripts/Game/CommonGame/ui/GamePanel.ts as file:///D:/Works/Cocos/WxMiniGames/MiniGameArrow/assets/scripts/engine/ResManager.ts.
14:21:37.358 debug: Resolve ../../../engine/ui/UIBase from file:///D:/Works/Cocos/WxMiniGames/MiniGameArrow/assets/scripts/Game/CommonGame/ui/GamePanel.ts as file:///D:/Works/Cocos/WxMiniGames/MiniGameArrow/assets/scripts/engine/ui/UIBase.ts.
14:21:37.358 debug: Resolve ../../../engine/ui/UIManager from file:///D:/Works/Cocos/WxMiniGames/MiniGameArrow/assets/scripts/Game/CommonGame/ui/GamePanel.ts as file:///D:/Works/Cocos/WxMiniGames/MiniGameArrow/assets/scripts/engine/ui/UIManager.ts.
14:21:37.359 debug: Resolve ../CommonGameProgress from file:///D:/Works/Cocos/WxMiniGames/MiniGameArrow/assets/scripts/Game/CommonGame/ui/GamePanel.ts as file:///D:/Works/Cocos/WxMiniGames/MiniGameArrow/assets/scripts/Game/CommonGame/CommonGameProgress.ts.
14:21:37.359 debug: Resolve ../CommonUIConfig from file:///D:/Works/Cocos/WxMiniGames/MiniGameArrow/assets/scripts/Game/CommonGame/ui/GamePanel.ts as file:///D:/Works/Cocos/WxMiniGames/MiniGameArrow/assets/scripts/Game/CommonGame/CommonUIConfig.ts.
14:21:37.359 debug: Resolve cce:/internal/code-quality/cr.mjs from file:///D:/Works/Cocos/WxMiniGames/MiniGameArrow/assets/scripts/Game/CommonGame/ui/LoadingPanel.ts as cce:/internal/code-quality/cr.mjs.
14:21:37.359 debug: Resolve cc from file:///D:/Works/Cocos/WxMiniGames/MiniGameArrow/assets/scripts/Game/CommonGame/ui/LoadingPanel.ts as cce:/internal/x/cc.
14:21:37.359 debug: Resolve cc from file:///D:/Works/Cocos/WxMiniGames/MiniGameArrow/assets/scripts/Game/CommonGame/ui/LoadingPanel.ts as cce:/internal/x/cc.
14:21:37.360 debug: Resolve cc from file:///D:/Works/Cocos/WxMiniGames/MiniGameArrow/assets/scripts/Game/CommonGame/ui/LoadingPanel.ts as cce:/internal/x/cc.
14:21:37.360 debug: Resolve ../../../engine/ResManager from file:///D:/Works/Cocos/WxMiniGames/MiniGameArrow/assets/scripts/Game/CommonGame/ui/LoadingPanel.ts as file:///D:/Works/Cocos/WxMiniGames/MiniGameArrow/assets/scripts/engine/ResManager.ts.
14:21:37.361 debug: Resolve ../../../engine/ui/UIBase from file:///D:/Works/Cocos/WxMiniGames/MiniGameArrow/assets/scripts/Game/CommonGame/ui/LoadingPanel.ts as file:///D:/Works/Cocos/WxMiniGames/MiniGameArrow/assets/scripts/engine/ui/UIBase.ts.
14:21:37.361 debug: Resolve ../../../engine/ui/UIManager from file:///D:/Works/Cocos/WxMiniGames/MiniGameArrow/assets/scripts/Game/CommonGame/ui/LoadingPanel.ts as file:///D:/Works/Cocos/WxMiniGames/MiniGameArrow/assets/scripts/engine/ui/UIManager.ts.
14:21:37.361 debug: Resolve ../../../framework/FrameworkConst from file:///D:/Works/Cocos/WxMiniGames/MiniGameArrow/assets/scripts/Game/CommonGame/ui/LoadingPanel.ts as file:///D:/Works/Cocos/WxMiniGames/MiniGameArrow/assets/scripts/framework/FrameworkConst.ts.
14:21:37.362 debug: Resolve ../CommonUIConfig from file:///D:/Works/Cocos/WxMiniGames/MiniGameArrow/assets/scripts/Game/CommonGame/ui/LoadingPanel.ts as file:///D:/Works/Cocos/WxMiniGames/MiniGameArrow/assets/scripts/Game/CommonGame/CommonUIConfig.ts.
14:21:37.362 debug: Resolve cc from file:///D:/Works/Cocos/WxMiniGames/MiniGameArrow/assets/scripts/framework/FrameworkConst.ts as cce:/internal/x/cc.
14:21:37.362 debug: Resolve cce:/internal/code-quality/cr.mjs from file:///D:/Works/Cocos/WxMiniGames/MiniGameArrow/assets/scripts/Game/CommonGame/ui/LoginPanel.ts as cce:/internal/code-quality/cr.mjs.
14:21:37.363 debug: Resolve cc from file:///D:/Works/Cocos/WxMiniGames/MiniGameArrow/assets/scripts/Game/CommonGame/ui/LoginPanel.ts as cce:/internal/x/cc.
14:21:37.363 debug: Resolve cc from file:///D:/Works/Cocos/WxMiniGames/MiniGameArrow/assets/scripts/Game/CommonGame/ui/LoginPanel.ts as cce:/internal/x/cc.
14:21:37.363 debug: Resolve cc from file:///D:/Works/Cocos/WxMiniGames/MiniGameArrow/assets/scripts/Game/CommonGame/ui/LoginPanel.ts as cce:/internal/x/cc.
14:21:37.363 debug: Resolve ../../../engine/PlatformManager from file:///D:/Works/Cocos/WxMiniGames/MiniGameArrow/assets/scripts/Game/CommonGame/ui/LoginPanel.ts as file:///D:/Works/Cocos/WxMiniGames/MiniGameArrow/assets/scripts/engine/PlatformManager.ts.
14:21:37.364 debug: Resolve ../../../engine/ResManager from file:///D:/Works/Cocos/WxMiniGames/MiniGameArrow/assets/scripts/Game/CommonGame/ui/LoginPanel.ts as file:///D:/Works/Cocos/WxMiniGames/MiniGameArrow/assets/scripts/engine/ResManager.ts.
14:21:37.364 debug: Resolve ../../../engine/ui/UIBase from file:///D:/Works/Cocos/WxMiniGames/MiniGameArrow/assets/scripts/Game/CommonGame/ui/LoginPanel.ts as file:///D:/Works/Cocos/WxMiniGames/MiniGameArrow/assets/scripts/engine/ui/UIBase.ts.
14:21:37.365 debug: Resolve ../../../engine/ui/UIManager from file:///D:/Works/Cocos/WxMiniGames/MiniGameArrow/assets/scripts/Game/CommonGame/ui/LoginPanel.ts as file:///D:/Works/Cocos/WxMiniGames/MiniGameArrow/assets/scripts/engine/ui/UIManager.ts.
14:21:37.365 debug: Resolve ../../../framework/FrameworkConst from file:///D:/Works/Cocos/WxMiniGames/MiniGameArrow/assets/scripts/Game/CommonGame/ui/LoginPanel.ts as file:///D:/Works/Cocos/WxMiniGames/MiniGameArrow/assets/scripts/framework/FrameworkConst.ts.
14:21:37.366 debug: Resolve ../CommonUIConfig from file:///D:/Works/Cocos/WxMiniGames/MiniGameArrow/assets/scripts/Game/CommonGame/ui/LoginPanel.ts as file:///D:/Works/Cocos/WxMiniGames/MiniGameArrow/assets/scripts/Game/CommonGame/CommonUIConfig.ts.
14:21:37.366 debug: Resolve cce:/internal/code-quality/cr.mjs from file:///D:/Works/Cocos/WxMiniGames/MiniGameArrow/assets/scripts/Game/CommonGame/ui/MainPage.ts as cce:/internal/code-quality/cr.mjs.
14:21:37.366 debug: Resolve cc from file:///D:/Works/Cocos/WxMiniGames/MiniGameArrow/assets/scripts/Game/CommonGame/ui/MainPage.ts as cce:/internal/x/cc.
14:21:37.366 debug: Resolve cc from file:///D:/Works/Cocos/WxMiniGames/MiniGameArrow/assets/scripts/Game/CommonGame/ui/MainPage.ts as cce:/internal/x/cc.
14:21:37.366 debug: Resolve cc from file:///D:/Works/Cocos/WxMiniGames/MiniGameArrow/assets/scripts/Game/CommonGame/ui/MainPage.ts as cce:/internal/x/cc.
14:21:37.366 debug: Resolve ../../../engine/PlatformManager from file:///D:/Works/Cocos/WxMiniGames/MiniGameArrow/assets/scripts/Game/CommonGame/ui/MainPage.ts as file:///D:/Works/Cocos/WxMiniGames/MiniGameArrow/assets/scripts/engine/PlatformManager.ts.
14:21:37.367 debug: Resolve ../../../engine/ui/UIBase from file:///D:/Works/Cocos/WxMiniGames/MiniGameArrow/assets/scripts/Game/CommonGame/ui/MainPage.ts as file:///D:/Works/Cocos/WxMiniGames/MiniGameArrow/assets/scripts/engine/ui/UIBase.ts.
14:21:37.367 debug: Resolve ../../../engine/ui/UIManager from file:///D:/Works/Cocos/WxMiniGames/MiniGameArrow/assets/scripts/Game/CommonGame/ui/MainPage.ts as file:///D:/Works/Cocos/WxMiniGames/MiniGameArrow/assets/scripts/engine/ui/UIManager.ts.
14:21:37.369 debug: Resolve ../CommonGameProgress from file:///D:/Works/Cocos/WxMiniGames/MiniGameArrow/assets/scripts/Game/CommonGame/ui/MainPage.ts as file:///D:/Works/Cocos/WxMiniGames/MiniGameArrow/assets/scripts/Game/CommonGame/CommonGameProgress.ts.
14:21:37.369 debug: Resolve ../CommonUIConfig from file:///D:/Works/Cocos/WxMiniGames/MiniGameArrow/assets/scripts/Game/CommonGame/ui/MainPage.ts as file:///D:/Works/Cocos/WxMiniGames/MiniGameArrow/assets/scripts/Game/CommonGame/CommonUIConfig.ts.
14:21:37.369 debug: Resolve cce:/internal/code-quality/cr.mjs from file:///D:/Works/Cocos/WxMiniGames/MiniGameArrow/assets/scripts/Game/CommonGame/ui/MainPanel.ts as cce:/internal/code-quality/cr.mjs.
14:21:37.369 debug: Resolve cc from file:///D:/Works/Cocos/WxMiniGames/MiniGameArrow/assets/scripts/Game/CommonGame/ui/MainPanel.ts as cce:/internal/x/cc.
14:21:37.369 debug: Resolve cc from file:///D:/Works/Cocos/WxMiniGames/MiniGameArrow/assets/scripts/Game/CommonGame/ui/MainPanel.ts as cce:/internal/x/cc.
14:21:37.369 debug: Resolve cc from file:///D:/Works/Cocos/WxMiniGames/MiniGameArrow/assets/scripts/Game/CommonGame/ui/MainPanel.ts as cce:/internal/x/cc.
14:21:37.371 debug: Resolve ../../../engine/ui/UIBase from file:///D:/Works/Cocos/WxMiniGames/MiniGameArrow/assets/scripts/Game/CommonGame/ui/MainPanel.ts as file:///D:/Works/Cocos/WxMiniGames/MiniGameArrow/assets/scripts/engine/ui/UIBase.ts.
14:21:37.372 debug: Resolve ../../../framework/FrameworkConst from file:///D:/Works/Cocos/WxMiniGames/MiniGameArrow/assets/scripts/Game/CommonGame/ui/MainPanel.ts as file:///D:/Works/Cocos/WxMiniGames/MiniGameArrow/assets/scripts/framework/FrameworkConst.ts.
14:21:37.373 debug: Resolve cce:/internal/code-quality/cr.mjs from file:///D:/Works/Cocos/WxMiniGames/MiniGameArrow/assets/scripts/Game/CommonGame/ui/PausePanel.ts as cce:/internal/code-quality/cr.mjs.
14:21:37.373 debug: Resolve cc from file:///D:/Works/Cocos/WxMiniGames/MiniGameArrow/assets/scripts/Game/CommonGame/ui/PausePanel.ts as cce:/internal/x/cc.
14:21:37.373 debug: Resolve cc from file:///D:/Works/Cocos/WxMiniGames/MiniGameArrow/assets/scripts/Game/CommonGame/ui/PausePanel.ts as cce:/internal/x/cc.
14:21:37.373 debug: Resolve cc from file:///D:/Works/Cocos/WxMiniGames/MiniGameArrow/assets/scripts/Game/CommonGame/ui/PausePanel.ts as cce:/internal/x/cc.
14:21:37.374 debug: Resolve ../../../engine/ui/UIBase from file:///D:/Works/Cocos/WxMiniGames/MiniGameArrow/assets/scripts/Game/CommonGame/ui/PausePanel.ts as file:///D:/Works/Cocos/WxMiniGames/MiniGameArrow/assets/scripts/engine/ui/UIBase.ts.
14:21:37.374 debug: Resolve ../../../engine/ui/UIManager from file:///D:/Works/Cocos/WxMiniGames/MiniGameArrow/assets/scripts/Game/CommonGame/ui/PausePanel.ts as file:///D:/Works/Cocos/WxMiniGames/MiniGameArrow/assets/scripts/engine/ui/UIManager.ts.
14:21:37.375 debug: Resolve ../CommonUIConfig from file:///D:/Works/Cocos/WxMiniGames/MiniGameArrow/assets/scripts/Game/CommonGame/ui/PausePanel.ts as file:///D:/Works/Cocos/WxMiniGames/MiniGameArrow/assets/scripts/Game/CommonGame/CommonUIConfig.ts.
14:21:37.375 debug: Resolve cce:/internal/code-quality/cr.mjs from file:///D:/Works/Cocos/WxMiniGames/MiniGameArrow/assets/scripts/Game/CommonGame/ui/RankPanel.ts as cce:/internal/code-quality/cr.mjs.
14:21:37.375 debug: Resolve cc from file:///D:/Works/Cocos/WxMiniGames/MiniGameArrow/assets/scripts/Game/CommonGame/ui/RankPanel.ts as cce:/internal/x/cc.
14:21:37.375 debug: Resolve cc from file:///D:/Works/Cocos/WxMiniGames/MiniGameArrow/assets/scripts/Game/CommonGame/ui/RankPanel.ts as cce:/internal/x/cc.
14:21:37.375 debug: Resolve cc from file:///D:/Works/Cocos/WxMiniGames/MiniGameArrow/assets/scripts/Game/CommonGame/ui/RankPanel.ts as cce:/internal/x/cc.
14:21:37.376 debug: Resolve ../../../engine/PlatformManager from file:///D:/Works/Cocos/WxMiniGames/MiniGameArrow/assets/scripts/Game/CommonGame/ui/RankPanel.ts as file:///D:/Works/Cocos/WxMiniGames/MiniGameArrow/assets/scripts/engine/PlatformManager.ts.
14:21:37.376 debug: Resolve ../../../engine/ui/UIBase from file:///D:/Works/Cocos/WxMiniGames/MiniGameArrow/assets/scripts/Game/CommonGame/ui/RankPanel.ts as file:///D:/Works/Cocos/WxMiniGames/MiniGameArrow/assets/scripts/engine/ui/UIBase.ts.
14:21:37.376 debug: Resolve cce:/internal/code-quality/cr.mjs from file:///D:/Works/Cocos/WxMiniGames/MiniGameArrow/assets/scripts/Game/CommonGame/ui/TransitionPanel.ts as cce:/internal/code-quality/cr.mjs.
14:21:37.377 debug: Resolve cc from file:///D:/Works/Cocos/WxMiniGames/MiniGameArrow/assets/scripts/Game/CommonGame/ui/TransitionPanel.ts as cce:/internal/x/cc.
14:21:37.377 debug: Resolve cc from file:///D:/Works/Cocos/WxMiniGames/MiniGameArrow/assets/scripts/Game/CommonGame/ui/TransitionPanel.ts as cce:/internal/x/cc.
14:21:37.377 debug: Resolve cc from file:///D:/Works/Cocos/WxMiniGames/MiniGameArrow/assets/scripts/Game/CommonGame/ui/TransitionPanel.ts as cce:/internal/x/cc.
14:21:37.377 debug: Resolve ../../../engine/ui/UIBase from file:///D:/Works/Cocos/WxMiniGames/MiniGameArrow/assets/scripts/Game/CommonGame/ui/TransitionPanel.ts as file:///D:/Works/Cocos/WxMiniGames/MiniGameArrow/assets/scripts/engine/ui/UIBase.ts.
14:21:37.378 debug: Resolve ../../../engine/ui/UIManager from file:///D:/Works/Cocos/WxMiniGames/MiniGameArrow/assets/scripts/Game/CommonGame/ui/TransitionPanel.ts as file:///D:/Works/Cocos/WxMiniGames/MiniGameArrow/assets/scripts/engine/ui/UIManager.ts.
14:21:37.378 debug: Resolve ../CommonUIConfig from file:///D:/Works/Cocos/WxMiniGames/MiniGameArrow/assets/scripts/Game/CommonGame/ui/TransitionPanel.ts as file:///D:/Works/Cocos/WxMiniGames/MiniGameArrow/assets/scripts/Game/CommonGame/CommonUIConfig.ts.
14:21:37.378 debug: Resolve cc from file:///D:/Works/Cocos/WxMiniGames/MiniGameArrow/assets/scripts/engine/AudioManager.ts as cce:/internal/x/cc.
14:21:37.378 debug: Resolve cc from file:///D:/Works/Cocos/WxMiniGames/MiniGameArrow/assets/scripts/engine/AudioManager.ts as cce:/internal/x/cc.
14:21:37.378 debug: Resolve cc from file:///D:/Works/Cocos/WxMiniGames/MiniGameArrow/assets/scripts/engine/AudioManager.ts as cce:/internal/x/cc.
14:21:37.379 debug: Resolve cc from file:///D:/Works/Cocos/WxMiniGames/MiniGameArrow/assets/scripts/engine/ConfigManager.ts as cce:/internal/x/cc.
14:21:37.379 debug: Resolve cc from file:///D:/Works/Cocos/WxMiniGames/MiniGameArrow/assets/scripts/engine/FlatBuffersRuntime.ts as cce:/internal/x/cc.
14:21:37.379 debug: Resolve cc from file:///D:/Works/Cocos/WxMiniGames/MiniGameArrow/assets/scripts/engine/FlatBuffersRuntime.ts as cce:/internal/x/cc.
14:21:37.379 debug: Resolve cc from file:///D:/Works/Cocos/WxMiniGames/MiniGameArrow/assets/scripts/engine/FlatBuffersRuntime.ts as cce:/internal/x/cc.
14:21:37.379 debug: Resolve cce:/internal/code-quality/cr.mjs from file:///D:/Works/Cocos/WxMiniGames/MiniGameArrow/assets/scripts/engine/GameManager.ts as cce:/internal/code-quality/cr.mjs.
14:21:37.379 debug: Resolve cc from file:///D:/Works/Cocos/WxMiniGames/MiniGameArrow/assets/scripts/engine/GameManager.ts as cce:/internal/x/cc.
14:21:37.379 debug: Resolve cc from file:///D:/Works/Cocos/WxMiniGames/MiniGameArrow/assets/scripts/engine/GameManager.ts as cce:/internal/x/cc.
14:21:37.379 debug: Resolve cc from file:///D:/Works/Cocos/WxMiniGames/MiniGameArrow/assets/scripts/engine/GameManager.ts as cce:/internal/x/cc.
14:21:37.379 debug: Resolve ./ui/UIManager from file:///D:/Works/Cocos/WxMiniGames/MiniGameArrow/assets/scripts/engine/GameManager.ts as file:///D:/Works/Cocos/WxMiniGames/MiniGameArrow/assets/scripts/engine/ui/UIManager.ts.
14:21:37.380 debug: Resolve ./AudioManager from file:///D:/Works/Cocos/WxMiniGames/MiniGameArrow/assets/scripts/engine/GameManager.ts as file:///D:/Works/Cocos/WxMiniGames/MiniGameArrow/assets/scripts/engine/AudioManager.ts.
14:21:37.381 debug: Resolve ./ResManager from file:///D:/Works/Cocos/WxMiniGames/MiniGameArrow/assets/scripts/engine/GameManager.ts as file:///D:/Works/Cocos/WxMiniGames/MiniGameArrow/assets/scripts/engine/ResManager.ts.
14:21:37.381 debug: Resolve ./NodePool from file:///D:/Works/Cocos/WxMiniGames/MiniGameArrow/assets/scripts/engine/GameManager.ts as file:///D:/Works/Cocos/WxMiniGames/MiniGameArrow/assets/scripts/engine/NodePool.ts.
14:21:37.382 debug: Resolve ./ConfigManager from file:///D:/Works/Cocos/WxMiniGames/MiniGameArrow/assets/scripts/engine/GameManager.ts as file:///D:/Works/Cocos/WxMiniGames/MiniGameArrow/assets/scripts/engine/ConfigManager.ts.
14:21:37.383 debug: Resolve ./FlatBuffersRuntime from file:///D:/Works/Cocos/WxMiniGames/MiniGameArrow/assets/scripts/engine/GameManager.ts as file:///D:/Works/Cocos/WxMiniGames/MiniGameArrow/assets/scripts/engine/FlatBuffersRuntime.ts.
14:21:37.383 debug: Resolve ./AdManager from file:///D:/Works/Cocos/WxMiniGames/MiniGameArrow/assets/scripts/engine/GameManager.ts as file:///D:/Works/Cocos/WxMiniGames/MiniGameArrow/assets/scripts/engine/AdManager.ts.
14:21:37.384 debug: Resolve ../framework/TimerManager from file:///D:/Works/Cocos/WxMiniGames/MiniGameArrow/assets/scripts/engine/GameManager.ts as file:///D:/Works/Cocos/WxMiniGames/MiniGameArrow/assets/scripts/framework/TimerManager.ts.
14:21:37.384 debug: Resolve ../framework/StorageManager from file:///D:/Works/Cocos/WxMiniGames/MiniGameArrow/assets/scripts/engine/GameManager.ts as file:///D:/Works/Cocos/WxMiniGames/MiniGameArrow/assets/scripts/framework/StorageManager.ts.
14:21:37.419 debug: Resolve ../framework/ObjectPool from file:///D:/Works/Cocos/WxMiniGames/MiniGameArrow/assets/scripts/engine/GameManager.ts as file:///D:/Works/Cocos/WxMiniGames/MiniGameArrow/assets/scripts/framework/ObjectPool.ts.
14:21:37.419 debug: Resolve ../framework/EventManager from file:///D:/Works/Cocos/WxMiniGames/MiniGameArrow/assets/scripts/engine/GameManager.ts as file:///D:/Works/Cocos/WxMiniGames/MiniGameArrow/assets/scripts/framework/EventManager.ts.
14:21:37.419 debug: Resolve ../framework/FrameworkEvent from file:///D:/Works/Cocos/WxMiniGames/MiniGameArrow/assets/scripts/engine/GameManager.ts as file:///D:/Works/Cocos/WxMiniGames/MiniGameArrow/assets/scripts/framework/FrameworkEvent.ts.
14:21:37.419 debug: Resolve cc from file:///D:/Works/Cocos/WxMiniGames/MiniGameArrow/assets/scripts/engine/NodePool.ts as cce:/internal/x/cc.
14:21:37.419 debug: Resolve cc from file:///D:/Works/Cocos/WxMiniGames/MiniGameArrow/assets/scripts/engine/NodePool.ts as cce:/internal/x/cc.
14:21:37.419 debug: Resolve cc from file:///D:/Works/Cocos/WxMiniGames/MiniGameArrow/assets/scripts/engine/NodePool.ts as cce:/internal/x/cc.
14:21:37.419 debug: Resolve cc from file:///D:/Works/Cocos/WxMiniGames/MiniGameArrow/assets/scripts/framework/TimerManager.ts as cce:/internal/x/cc.
14:21:37.419 debug: Resolve cc from file:///D:/Works/Cocos/WxMiniGames/MiniGameArrow/assets/scripts/framework/ObjectPool.ts as cce:/internal/x/cc.
14:21:37.419 debug: Resolve cc from file:///D:/Works/Cocos/WxMiniGames/MiniGameArrow/assets/scripts/framework/EventManager.ts as cce:/internal/x/cc.
14:21:37.419 debug: Resolve cc from file:///D:/Works/Cocos/WxMiniGames/MiniGameArrow/assets/scripts/framework/FrameworkEvent.ts as cce:/internal/x/cc.
14:21:37.419 debug: Resolve cce:/internal/code-quality/cr.mjs from file:///D:/Works/Cocos/WxMiniGames/MiniGameArrow/assets/scripts/engine/Launcher.ts as cce:/internal/code-quality/cr.mjs.
14:21:37.419 debug: Resolve cc from file:///D:/Works/Cocos/WxMiniGames/MiniGameArrow/assets/scripts/engine/Launcher.ts as cce:/internal/x/cc.
14:21:37.419 debug: Resolve cc from file:///D:/Works/Cocos/WxMiniGames/MiniGameArrow/assets/scripts/engine/Launcher.ts as cce:/internal/x/cc.
14:21:37.419 debug: Resolve cc from file:///D:/Works/Cocos/WxMiniGames/MiniGameArrow/assets/scripts/engine/Launcher.ts as cce:/internal/x/cc.
14:21:37.419 debug: Resolve ./ScreenAdapter from file:///D:/Works/Cocos/WxMiniGames/MiniGameArrow/assets/scripts/engine/Launcher.ts as file:///D:/Works/Cocos/WxMiniGames/MiniGameArrow/assets/scripts/engine/ScreenAdapter.ts.
14:21:37.419 debug: Resolve ./GameManager from file:///D:/Works/Cocos/WxMiniGames/MiniGameArrow/assets/scripts/engine/Launcher.ts as file:///D:/Works/Cocos/WxMiniGames/MiniGameArrow/assets/scripts/engine/GameManager.ts.
14:21:37.419 debug: Resolve ../Game/CommonGame/CommonGameEntry from file:///D:/Works/Cocos/WxMiniGames/MiniGameArrow/assets/scripts/engine/Launcher.ts as file:///D:/Works/Cocos/WxMiniGames/MiniGameArrow/assets/scripts/Game/CommonGame/CommonGameEntry.ts.
14:21:37.419 debug: Resolve ./PlatformManager from file:///D:/Works/Cocos/WxMiniGames/MiniGameArrow/assets/scripts/engine/Launcher.ts as file:///D:/Works/Cocos/WxMiniGames/MiniGameArrow/assets/scripts/engine/PlatformManager.ts.
14:21:37.419 debug: Resolve cc from file:///D:/Works/Cocos/WxMiniGames/MiniGameArrow/assets/scripts/engine/ScreenAdapter.ts as cce:/internal/x/cc.
14:21:37.419 debug: Resolve cc from file:///D:/Works/Cocos/WxMiniGames/MiniGameArrow/assets/scripts/engine/ScreenAdapter.ts as cce:/internal/x/cc.
14:21:37.419 debug: Resolve cc from file:///D:/Works/Cocos/WxMiniGames/MiniGameArrow/assets/scripts/engine/ScreenAdapter.ts as cce:/internal/x/cc.
14:21:37.419 debug: Resolve cce:/internal/code-quality/cr.mjs from file:///D:/Works/Cocos/WxMiniGames/MiniGameArrow/assets/scripts/framework/TypeFactory.ts as cce:/internal/code-quality/cr.mjs.
14:21:37.419 debug: Resolve cc from file:///D:/Works/Cocos/WxMiniGames/MiniGameArrow/assets/scripts/framework/TypeFactory.ts as cce:/internal/x/cc.
14:21:37.419 debug: Resolve cc from file:///D:/Works/Cocos/WxMiniGames/MiniGameArrow/assets/scripts/framework/TypeRegistry.ts as cce:/internal/x/cc.
14:21:37.617 debug: Target(preview) ends with cost 403.47249999999985ms.
14:21:43.385 debug: Pulling asset-db.
14:21:43.712 debug: Fetch asset-db cost: 325.90350000000035ms.
14:21:43.714 debug: Build iteration starts.
Number of accumulated asset changes: 40
Feature changed: false
14:21:43.714 debug: Target(editor) build started.
14:21:43.718 debug: Detected change: cce:/internal/x/prerequisite-imports. Last mtime: Thu Jan 01 1970 08:00:14 GMT+0800 (香港标准时间), Current mtime: Thu Jan 01 1970 08:00:21 GMT+0800 (香港标准时间)
14:21:43.718 debug: Inspect cce:/internal/x/prerequisite-imports
14:21:43.756 debug: transform url: 'cce:/internal/x/prerequisite-imports' costs: 38.20 ms
14:21:44.260 debug: Resolve file:///C:/ProgramData/cocos/editors/Creator/3.8.8/resources/resources/3d/engine/editor/assets/default_renderpipeline/builtin-dof-pass.ts from cce:/internal/x/prerequisite-imports as file:///C:/ProgramData/cocos/editors/Creator/3.8.8/resources/resources/3d/engine/editor/assets/default_renderpipeline/builtin-dof-pass.ts.
14:21:44.263 debug: Resolve file:///C:/ProgramData/cocos/editors/Creator/3.8.8/resources/resources/3d/engine/editor/assets/default_renderpipeline/builtin-pipeline-pass.ts from cce:/internal/x/prerequisite-imports as file:///C:/ProgramData/cocos/editors/Creator/3.8.8/resources/resources/3d/engine/editor/assets/default_renderpipeline/builtin-pipeline-pass.ts.
14:21:44.265 debug: Resolve file:///C:/ProgramData/cocos/editors/Creator/3.8.8/resources/resources/3d/engine/editor/assets/default_renderpipeline/builtin-pipeline-settings.ts from cce:/internal/x/prerequisite-imports as file:///C:/ProgramData/cocos/editors/Creator/3.8.8/resources/resources/3d/engine/editor/assets/default_renderpipeline/builtin-pipeline-settings.ts.
14:21:44.266 debug: Resolve file:///C:/ProgramData/cocos/editors/Creator/3.8.8/resources/resources/3d/engine/editor/assets/default_renderpipeline/builtin-pipeline-types.ts from cce:/internal/x/prerequisite-imports as file:///C:/ProgramData/cocos/editors/Creator/3.8.8/resources/resources/3d/engine/editor/assets/default_renderpipeline/builtin-pipeline-types.ts.
14:21:44.267 debug: Resolve file:///C:/ProgramData/cocos/editors/Creator/3.8.8/resources/resources/3d/engine/editor/assets/default_renderpipeline/builtin-pipeline.ts from cce:/internal/x/prerequisite-imports as file:///C:/ProgramData/cocos/editors/Creator/3.8.8/resources/resources/3d/engine/editor/assets/default_renderpipeline/builtin-pipeline.ts.
14:21:44.268 debug: Resolve file:///C:/ProgramData/cocos/editors/Creator/3.8.8/resources/resources/3d/engine/editor/assets/tools/debug-view-runtime-control.ts from cce:/internal/x/prerequisite-imports as file:///C:/ProgramData/cocos/editors/Creator/3.8.8/resources/resources/3d/engine/editor/assets/tools/debug-view-runtime-control.ts.
14:21:44.269 debug: Resolve file:///D:/Works/Cocos/WxMiniGames/MiniGameArrow/assets/scripts/Game/CommonGame/CommonGameEntry.ts from cce:/internal/x/prerequisite-imports as file:///D:/Works/Cocos/WxMiniGames/MiniGameArrow/assets/scripts/Game/CommonGame/CommonGameEntry.ts.
14:21:44.270 debug: Resolve file:///D:/Works/Cocos/WxMiniGames/MiniGameArrow/assets/scripts/Game/CommonGame/CommonGameProgress.ts from cce:/internal/x/prerequisite-imports as file:///D:/Works/Cocos/WxMiniGames/MiniGameArrow/assets/scripts/Game/CommonGame/CommonGameProgress.ts.
14:21:44.270 debug: Resolve file:///D:/Works/Cocos/WxMiniGames/MiniGameArrow/assets/scripts/Game/CommonGame/CommonUIConfig.ts from cce:/internal/x/prerequisite-imports as file:///D:/Works/Cocos/WxMiniGames/MiniGameArrow/assets/scripts/Game/CommonGame/CommonUIConfig.ts.
14:21:44.271 debug: Resolve file:///D:/Works/Cocos/WxMiniGames/MiniGameArrow/assets/scripts/Game/CommonGame/shader/PixelMonsterSprite.ts from cce:/internal/x/prerequisite-imports as file:///D:/Works/Cocos/WxMiniGames/MiniGameArrow/assets/scripts/Game/CommonGame/shader/PixelMonsterSprite.ts.
14:21:44.272 debug: Resolve file:///D:/Works/Cocos/WxMiniGames/MiniGameArrow/assets/scripts/Game/CommonGame/ui/AdPanel.ts from cce:/internal/x/prerequisite-imports as file:///D:/Works/Cocos/WxMiniGames/MiniGameArrow/assets/scripts/Game/CommonGame/ui/AdPanel.ts.
14:21:44.272 debug: Resolve file:///D:/Works/Cocos/WxMiniGames/MiniGameArrow/assets/scripts/Game/CommonGame/ui/GamePanel.ts from cce:/internal/x/prerequisite-imports as file:///D:/Works/Cocos/WxMiniGames/MiniGameArrow/assets/scripts/Game/CommonGame/ui/GamePanel.ts.
14:21:44.273 debug: Resolve file:///D:/Works/Cocos/WxMiniGames/MiniGameArrow/assets/scripts/Game/CommonGame/ui/LoadingPanel.ts from cce:/internal/x/prerequisite-imports as file:///D:/Works/Cocos/WxMiniGames/MiniGameArrow/assets/scripts/Game/CommonGame/ui/LoadingPanel.ts.
14:21:44.274 debug: Resolve file:///D:/Works/Cocos/WxMiniGames/MiniGameArrow/assets/scripts/Game/CommonGame/ui/LoginPanel.ts from cce:/internal/x/prerequisite-imports as file:///D:/Works/Cocos/WxMiniGames/MiniGameArrow/assets/scripts/Game/CommonGame/ui/LoginPanel.ts.
14:21:44.274 debug: Resolve file:///D:/Works/Cocos/WxMiniGames/MiniGameArrow/assets/scripts/Game/CommonGame/ui/MainPage.ts from cce:/internal/x/prerequisite-imports as file:///D:/Works/Cocos/WxMiniGames/MiniGameArrow/assets/scripts/Game/CommonGame/ui/MainPage.ts.
14:21:44.275 debug: Resolve file:///D:/Works/Cocos/WxMiniGames/MiniGameArrow/assets/scripts/Game/CommonGame/ui/MainPanel.ts from cce:/internal/x/prerequisite-imports as file:///D:/Works/Cocos/WxMiniGames/MiniGameArrow/assets/scripts/Game/CommonGame/ui/MainPanel.ts.
14:21:44.275 debug: Resolve file:///D:/Works/Cocos/WxMiniGames/MiniGameArrow/assets/scripts/Game/CommonGame/ui/PausePanel.ts from cce:/internal/x/prerequisite-imports as file:///D:/Works/Cocos/WxMiniGames/MiniGameArrow/assets/scripts/Game/CommonGame/ui/PausePanel.ts.
14:21:44.276 debug: Resolve file:///D:/Works/Cocos/WxMiniGames/MiniGameArrow/assets/scripts/Game/CommonGame/ui/RankPanel.ts from cce:/internal/x/prerequisite-imports as file:///D:/Works/Cocos/WxMiniGames/MiniGameArrow/assets/scripts/Game/CommonGame/ui/RankPanel.ts.
14:21:44.276 debug: Resolve file:///D:/Works/Cocos/WxMiniGames/MiniGameArrow/assets/scripts/Game/CommonGame/ui/TransitionPanel.ts from cce:/internal/x/prerequisite-imports as file:///D:/Works/Cocos/WxMiniGames/MiniGameArrow/assets/scripts/Game/CommonGame/ui/TransitionPanel.ts.
14:21:44.277 debug: Resolve file:///D:/Works/Cocos/WxMiniGames/MiniGameArrow/assets/scripts/engine/AdManager.ts from cce:/internal/x/prerequisite-imports as file:///D:/Works/Cocos/WxMiniGames/MiniGameArrow/assets/scripts/engine/AdManager.ts.
14:21:44.277 debug: Resolve file:///D:/Works/Cocos/WxMiniGames/MiniGameArrow/assets/scripts/engine/AudioManager.ts from cce:/internal/x/prerequisite-imports as file:///D:/Works/Cocos/WxMiniGames/MiniGameArrow/assets/scripts/engine/AudioManager.ts.
14:21:44.278 debug: Resolve file:///D:/Works/Cocos/WxMiniGames/MiniGameArrow/assets/scripts/engine/ConfigManager.ts from cce:/internal/x/prerequisite-imports as file:///D:/Works/Cocos/WxMiniGames/MiniGameArrow/assets/scripts/engine/ConfigManager.ts.
14:21:44.279 debug: Resolve file:///D:/Works/Cocos/WxMiniGames/MiniGameArrow/assets/scripts/engine/FlatBuffersRuntime.ts from cce:/internal/x/prerequisite-imports as file:///D:/Works/Cocos/WxMiniGames/MiniGameArrow/assets/scripts/engine/FlatBuffersRuntime.ts.
14:21:44.280 debug: Resolve file:///D:/Works/Cocos/WxMiniGames/MiniGameArrow/assets/scripts/engine/GameManager.ts from cce:/internal/x/prerequisite-imports as file:///D:/Works/Cocos/WxMiniGames/MiniGameArrow/assets/scripts/engine/GameManager.ts.
14:21:44.280 debug: Resolve file:///D:/Works/Cocos/WxMiniGames/MiniGameArrow/assets/scripts/engine/Launcher.ts from cce:/internal/x/prerequisite-imports as file:///D:/Works/Cocos/WxMiniGames/MiniGameArrow/assets/scripts/engine/Launcher.ts.
14:21:44.281 debug: Resolve file:///D:/Works/Cocos/WxMiniGames/MiniGameArrow/assets/scripts/engine/NodePool.ts from cce:/internal/x/prerequisite-imports as file:///D:/Works/Cocos/WxMiniGames/MiniGameArrow/assets/scripts/engine/NodePool.ts.
14:21:44.282 debug: Resolve file:///D:/Works/Cocos/WxMiniGames/MiniGameArrow/assets/scripts/engine/PlatformManager.ts from cce:/internal/x/prerequisite-imports as file:///D:/Works/Cocos/WxMiniGames/MiniGameArrow/assets/scripts/engine/PlatformManager.ts.
14:21:44.282 debug: Resolve file:///D:/Works/Cocos/WxMiniGames/MiniGameArrow/assets/scripts/engine/ResManager.ts from cce:/internal/x/prerequisite-imports as file:///D:/Works/Cocos/WxMiniGames/MiniGameArrow/assets/scripts/engine/ResManager.ts.
14:21:44.282 debug: Resolve file:///D:/Works/Cocos/WxMiniGames/MiniGameArrow/assets/scripts/engine/ScreenAdapter.ts from cce:/internal/x/prerequisite-imports as file:///D:/Works/Cocos/WxMiniGames/MiniGameArrow/assets/scripts/engine/ScreenAdapter.ts.
14:21:44.283 debug: Resolve file:///D:/Works/Cocos/WxMiniGames/MiniGameArrow/assets/scripts/engine/ui/UIBase.ts from cce:/internal/x/prerequisite-imports as file:///D:/Works/Cocos/WxMiniGames/MiniGameArrow/assets/scripts/engine/ui/UIBase.ts.
14:21:44.284 debug: Resolve file:///D:/Works/Cocos/WxMiniGames/MiniGameArrow/assets/scripts/engine/ui/UIData.ts from cce:/internal/x/prerequisite-imports as file:///D:/Works/Cocos/WxMiniGames/MiniGameArrow/assets/scripts/engine/ui/UIData.ts.
14:21:44.284 debug: Resolve file:///D:/Works/Cocos/WxMiniGames/MiniGameArrow/assets/scripts/engine/ui/UIManager.ts from cce:/internal/x/prerequisite-imports as file:///D:/Works/Cocos/WxMiniGames/MiniGameArrow/assets/scripts/engine/ui/UIManager.ts.
14:21:44.285 debug: Resolve file:///D:/Works/Cocos/WxMiniGames/MiniGameArrow/assets/scripts/framework/EventManager.ts from cce:/internal/x/prerequisite-imports as file:///D:/Works/Cocos/WxMiniGames/MiniGameArrow/assets/scripts/framework/EventManager.ts.
14:21:44.286 debug: Resolve file:///D:/Works/Cocos/WxMiniGames/MiniGameArrow/assets/scripts/framework/FrameworkConst.ts from cce:/internal/x/prerequisite-imports as file:///D:/Works/Cocos/WxMiniGames/MiniGameArrow/assets/scripts/framework/FrameworkConst.ts.
14:21:44.286 debug: Resolve file:///D:/Works/Cocos/WxMiniGames/MiniGameArrow/assets/scripts/framework/FrameworkEvent.ts from cce:/internal/x/prerequisite-imports as file:///D:/Works/Cocos/WxMiniGames/MiniGameArrow/assets/scripts/framework/FrameworkEvent.ts.
14:21:44.287 debug: Resolve file:///D:/Works/Cocos/WxMiniGames/MiniGameArrow/assets/scripts/framework/ObjectPool.ts from cce:/internal/x/prerequisite-imports as file:///D:/Works/Cocos/WxMiniGames/MiniGameArrow/assets/scripts/framework/ObjectPool.ts.
14:21:44.287 debug: Resolve file:///D:/Works/Cocos/WxMiniGames/MiniGameArrow/assets/scripts/framework/StorageManager.ts from cce:/internal/x/prerequisite-imports as file:///D:/Works/Cocos/WxMiniGames/MiniGameArrow/assets/scripts/framework/StorageManager.ts.
14:21:44.288 debug: Resolve file:///D:/Works/Cocos/WxMiniGames/MiniGameArrow/assets/scripts/framework/TimerManager.ts from cce:/internal/x/prerequisite-imports as file:///D:/Works/Cocos/WxMiniGames/MiniGameArrow/assets/scripts/framework/TimerManager.ts.
14:21:44.288 debug: Resolve file:///D:/Works/Cocos/WxMiniGames/MiniGameArrow/assets/scripts/framework/TypeFactory.ts from cce:/internal/x/prerequisite-imports as file:///D:/Works/Cocos/WxMiniGames/MiniGameArrow/assets/scripts/framework/TypeFactory.ts.
14:21:44.289 debug: Resolve file:///D:/Works/Cocos/WxMiniGames/MiniGameArrow/assets/scripts/framework/TypeRegistry.ts from cce:/internal/x/prerequisite-imports as file:///D:/Works/Cocos/WxMiniGames/MiniGameArrow/assets/scripts/framework/TypeRegistry.ts.
14:21:44.369 debug: Target(editor) ends with cost 654.1667000000016ms.
14:21:44.369 debug: Target(preview) build started.
14:21:44.371 debug: Detected change: cce:/internal/x/prerequisite-imports. Last mtime: Thu Jan 01 1970 08:00:14 GMT+0800 (香港标准时间), Current mtime: Thu Jan 01 1970 08:00:21 GMT+0800 (香港标准时间)
14:21:44.371 debug: Inspect cce:/internal/x/prerequisite-imports
14:21:44.396 debug: transform url: 'cce:/internal/x/prerequisite-imports' costs: 24.30 ms
14:21:44.398 debug: Resolve file:///C:/ProgramData/cocos/editors/Creator/3.8.8/resources/resources/3d/engine/editor/assets/default_renderpipeline/builtin-dof-pass.ts from cce:/internal/x/prerequisite-imports as file:///C:/ProgramData/cocos/editors/Creator/3.8.8/resources/resources/3d/engine/editor/assets/default_renderpipeline/builtin-dof-pass.ts.
14:21:44.399 debug: Resolve file:///C:/ProgramData/cocos/editors/Creator/3.8.8/resources/resources/3d/engine/editor/assets/default_renderpipeline/builtin-pipeline-pass.ts from cce:/internal/x/prerequisite-imports as file:///C:/ProgramData/cocos/editors/Creator/3.8.8/resources/resources/3d/engine/editor/assets/default_renderpipeline/builtin-pipeline-pass.ts.
14:21:44.400 debug: Resolve file:///C:/ProgramData/cocos/editors/Creator/3.8.8/resources/resources/3d/engine/editor/assets/default_renderpipeline/builtin-pipeline-settings.ts from cce:/internal/x/prerequisite-imports as file:///C:/ProgramData/cocos/editors/Creator/3.8.8/resources/resources/3d/engine/editor/assets/default_renderpipeline/builtin-pipeline-settings.ts.
14:21:44.401 debug: Resolve file:///C:/ProgramData/cocos/editors/Creator/3.8.8/resources/resources/3d/engine/editor/assets/default_renderpipeline/builtin-pipeline-types.ts from cce:/internal/x/prerequisite-imports as file:///C:/ProgramData/cocos/editors/Creator/3.8.8/resources/resources/3d/engine/editor/assets/default_renderpipeline/builtin-pipeline-types.ts.
14:21:44.402 debug: Resolve file:///C:/ProgramData/cocos/editors/Creator/3.8.8/resources/resources/3d/engine/editor/assets/default_renderpipeline/builtin-pipeline.ts from cce:/internal/x/prerequisite-imports as file:///C:/ProgramData/cocos/editors/Creator/3.8.8/resources/resources/3d/engine/editor/assets/default_renderpipeline/builtin-pipeline.ts.
14:21:44.403 debug: Resolve file:///C:/ProgramData/cocos/editors/Creator/3.8.8/resources/resources/3d/engine/editor/assets/tools/debug-view-runtime-control.ts from cce:/internal/x/prerequisite-imports as file:///C:/ProgramData/cocos/editors/Creator/3.8.8/resources/resources/3d/engine/editor/assets/tools/debug-view-runtime-control.ts.
14:21:44.403 debug: Resolve file:///D:/Works/Cocos/WxMiniGames/MiniGameArrow/assets/scripts/Game/CommonGame/CommonGameEntry.ts from cce:/internal/x/prerequisite-imports as file:///D:/Works/Cocos/WxMiniGames/MiniGameArrow/assets/scripts/Game/CommonGame/CommonGameEntry.ts.
14:21:44.404 debug: Resolve file:///D:/Works/Cocos/WxMiniGames/MiniGameArrow/assets/scripts/Game/CommonGame/CommonGameProgress.ts from cce:/internal/x/prerequisite-imports as file:///D:/Works/Cocos/WxMiniGames/MiniGameArrow/assets/scripts/Game/CommonGame/CommonGameProgress.ts.
14:21:44.405 debug: Resolve file:///D:/Works/Cocos/WxMiniGames/MiniGameArrow/assets/scripts/Game/CommonGame/CommonUIConfig.ts from cce:/internal/x/prerequisite-imports as file:///D:/Works/Cocos/WxMiniGames/MiniGameArrow/assets/scripts/Game/CommonGame/CommonUIConfig.ts.
14:21:44.405 debug: Resolve file:///D:/Works/Cocos/WxMiniGames/MiniGameArrow/assets/scripts/Game/CommonGame/shader/PixelMonsterSprite.ts from cce:/internal/x/prerequisite-imports as file:///D:/Works/Cocos/WxMiniGames/MiniGameArrow/assets/scripts/Game/CommonGame/shader/PixelMonsterSprite.ts.
14:21:44.406 debug: Resolve file:///D:/Works/Cocos/WxMiniGames/MiniGameArrow/assets/scripts/Game/CommonGame/ui/AdPanel.ts from cce:/internal/x/prerequisite-imports as file:///D:/Works/Cocos/WxMiniGames/MiniGameArrow/assets/scripts/Game/CommonGame/ui/AdPanel.ts.
14:21:44.407 debug: Resolve file:///D:/Works/Cocos/WxMiniGames/MiniGameArrow/assets/scripts/Game/CommonGame/ui/GamePanel.ts from cce:/internal/x/prerequisite-imports as file:///D:/Works/Cocos/WxMiniGames/MiniGameArrow/assets/scripts/Game/CommonGame/ui/GamePanel.ts.
14:21:44.407 debug: Resolve file:///D:/Works/Cocos/WxMiniGames/MiniGameArrow/assets/scripts/Game/CommonGame/ui/LoadingPanel.ts from cce:/internal/x/prerequisite-imports as file:///D:/Works/Cocos/WxMiniGames/MiniGameArrow/assets/scripts/Game/CommonGame/ui/LoadingPanel.ts.
14:21:44.408 debug: Resolve file:///D:/Works/Cocos/WxMiniGames/MiniGameArrow/assets/scripts/Game/CommonGame/ui/LoginPanel.ts from cce:/internal/x/prerequisite-imports as file:///D:/Works/Cocos/WxMiniGames/MiniGameArrow/assets/scripts/Game/CommonGame/ui/LoginPanel.ts.
14:21:44.408 debug: Resolve file:///D:/Works/Cocos/WxMiniGames/MiniGameArrow/assets/scripts/Game/CommonGame/ui/MainPage.ts from cce:/internal/x/prerequisite-imports as file:///D:/Works/Cocos/WxMiniGames/MiniGameArrow/assets/scripts/Game/CommonGame/ui/MainPage.ts.
14:21:44.409 debug: Resolve file:///D:/Works/Cocos/WxMiniGames/MiniGameArrow/assets/scripts/Game/CommonGame/ui/MainPanel.ts from cce:/internal/x/prerequisite-imports as file:///D:/Works/Cocos/WxMiniGames/MiniGameArrow/assets/scripts/Game/CommonGame/ui/MainPanel.ts.
14:21:44.409 debug: Resolve file:///D:/Works/Cocos/WxMiniGames/MiniGameArrow/assets/scripts/Game/CommonGame/ui/PausePanel.ts from cce:/internal/x/prerequisite-imports as file:///D:/Works/Cocos/WxMiniGames/MiniGameArrow/assets/scripts/Game/CommonGame/ui/PausePanel.ts.
14:21:44.411 debug: Resolve file:///D:/Works/Cocos/WxMiniGames/MiniGameArrow/assets/scripts/Game/CommonGame/ui/RankPanel.ts from cce:/internal/x/prerequisite-imports as file:///D:/Works/Cocos/WxMiniGames/MiniGameArrow/assets/scripts/Game/CommonGame/ui/RankPanel.ts.
14:21:44.411 debug: Resolve file:///D:/Works/Cocos/WxMiniGames/MiniGameArrow/assets/scripts/Game/CommonGame/ui/TransitionPanel.ts from cce:/internal/x/prerequisite-imports as file:///D:/Works/Cocos/WxMiniGames/MiniGameArrow/assets/scripts/Game/CommonGame/ui/TransitionPanel.ts.
14:21:44.412 debug: Resolve file:///D:/Works/Cocos/WxMiniGames/MiniGameArrow/assets/scripts/engine/AdManager.ts from cce:/internal/x/prerequisite-imports as file:///D:/Works/Cocos/WxMiniGames/MiniGameArrow/assets/scripts/engine/AdManager.ts.
14:21:44.413 debug: Resolve file:///D:/Works/Cocos/WxMiniGames/MiniGameArrow/assets/scripts/engine/AudioManager.ts from cce:/internal/x/prerequisite-imports as file:///D:/Works/Cocos/WxMiniGames/MiniGameArrow/assets/scripts/engine/AudioManager.ts.
14:21:44.413 debug: Resolve file:///D:/Works/Cocos/WxMiniGames/MiniGameArrow/assets/scripts/engine/ConfigManager.ts from cce:/internal/x/prerequisite-imports as file:///D:/Works/Cocos/WxMiniGames/MiniGameArrow/assets/scripts/engine/ConfigManager.ts.
14:21:44.414 debug: Resolve file:///D:/Works/Cocos/WxMiniGames/MiniGameArrow/assets/scripts/engine/FlatBuffersRuntime.ts from cce:/internal/x/prerequisite-imports as file:///D:/Works/Cocos/WxMiniGames/MiniGameArrow/assets/scripts/engine/FlatBuffersRuntime.ts.
14:21:44.415 debug: Resolve file:///D:/Works/Cocos/WxMiniGames/MiniGameArrow/assets/scripts/engine/GameManager.ts from cce:/internal/x/prerequisite-imports as file:///D:/Works/Cocos/WxMiniGames/MiniGameArrow/assets/scripts/engine/GameManager.ts.
14:21:44.415 debug: Resolve file:///D:/Works/Cocos/WxMiniGames/MiniGameArrow/assets/scripts/engine/Launcher.ts from cce:/internal/x/prerequisite-imports as file:///D:/Works/Cocos/WxMiniGames/MiniGameArrow/assets/scripts/engine/Launcher.ts.
14:21:44.416 debug: Resolve file:///D:/Works/Cocos/WxMiniGames/MiniGameArrow/assets/scripts/engine/NodePool.ts from cce:/internal/x/prerequisite-imports as file:///D:/Works/Cocos/WxMiniGames/MiniGameArrow/assets/scripts/engine/NodePool.ts.
14:21:44.416 debug: Resolve file:///D:/Works/Cocos/WxMiniGames/MiniGameArrow/assets/scripts/engine/PlatformManager.ts from cce:/internal/x/prerequisite-imports as file:///D:/Works/Cocos/WxMiniGames/MiniGameArrow/assets/scripts/engine/PlatformManager.ts.
14:21:44.417 debug: Resolve file:///D:/Works/Cocos/WxMiniGames/MiniGameArrow/assets/scripts/engine/ResManager.ts from cce:/internal/x/prerequisite-imports as file:///D:/Works/Cocos/WxMiniGames/MiniGameArrow/assets/scripts/engine/ResManager.ts.
14:21:44.417 debug: Resolve file:///D:/Works/Cocos/WxMiniGames/MiniGameArrow/assets/scripts/engine/ScreenAdapter.ts from cce:/internal/x/prerequisite-imports as file:///D:/Works/Cocos/WxMiniGames/MiniGameArrow/assets/scripts/engine/ScreenAdapter.ts.
14:21:44.418 debug: Resolve file:///D:/Works/Cocos/WxMiniGames/MiniGameArrow/assets/scripts/engine/ui/UIBase.ts from cce:/internal/x/prerequisite-imports as file:///D:/Works/Cocos/WxMiniGames/MiniGameArrow/assets/scripts/engine/ui/UIBase.ts.
14:21:44.418 debug: Resolve file:///D:/Works/Cocos/WxMiniGames/MiniGameArrow/assets/scripts/engine/ui/UIData.ts from cce:/internal/x/prerequisite-imports as file:///D:/Works/Cocos/WxMiniGames/MiniGameArrow/assets/scripts/engine/ui/UIData.ts.
14:21:44.419 debug: Resolve file:///D:/Works/Cocos/WxMiniGames/MiniGameArrow/assets/scripts/engine/ui/UIManager.ts from cce:/internal/x/prerequisite-imports as file:///D:/Works/Cocos/WxMiniGames/MiniGameArrow/assets/scripts/engine/ui/UIManager.ts.
14:21:44.419 debug: Resolve file:///D:/Works/Cocos/WxMiniGames/MiniGameArrow/assets/scripts/framework/EventManager.ts from cce:/internal/x/prerequisite-imports as file:///D:/Works/Cocos/WxMiniGames/MiniGameArrow/assets/scripts/framework/EventManager.ts.
14:21:44.420 debug: Resolve file:///D:/Works/Cocos/WxMiniGames/MiniGameArrow/assets/scripts/framework/FrameworkConst.ts from cce:/internal/x/prerequisite-imports as file:///D:/Works/Cocos/WxMiniGames/MiniGameArrow/assets/scripts/framework/FrameworkConst.ts.
14:21:44.420 debug: Resolve file:///D:/Works/Cocos/WxMiniGames/MiniGameArrow/assets/scripts/framework/FrameworkEvent.ts from cce:/internal/x/prerequisite-imports as file:///D:/Works/Cocos/WxMiniGames/MiniGameArrow/assets/scripts/framework/FrameworkEvent.ts.
14:21:44.421 debug: Resolve file:///D:/Works/Cocos/WxMiniGames/MiniGameArrow/assets/scripts/framework/ObjectPool.ts from cce:/internal/x/prerequisite-imports as file:///D:/Works/Cocos/WxMiniGames/MiniGameArrow/assets/scripts/framework/ObjectPool.ts.
14:21:44.421 debug: Resolve file:///D:/Works/Cocos/WxMiniGames/MiniGameArrow/assets/scripts/framework/StorageManager.ts from cce:/internal/x/prerequisite-imports as file:///D:/Works/Cocos/WxMiniGames/MiniGameArrow/assets/scripts/framework/StorageManager.ts.
14:21:44.422 debug: Resolve file:///D:/Works/Cocos/WxMiniGames/MiniGameArrow/assets/scripts/framework/TimerManager.ts from cce:/internal/x/prerequisite-imports as file:///D:/Works/Cocos/WxMiniGames/MiniGameArrow/assets/scripts/framework/TimerManager.ts.
14:21:44.422 debug: Resolve file:///D:/Works/Cocos/WxMiniGames/MiniGameArrow/assets/scripts/framework/TypeFactory.ts from cce:/internal/x/prerequisite-imports as file:///D:/Works/Cocos/WxMiniGames/MiniGameArrow/assets/scripts/framework/TypeFactory.ts.
14:21:44.423 debug: Resolve file:///D:/Works/Cocos/WxMiniGames/MiniGameArrow/assets/scripts/framework/TypeRegistry.ts from cce:/internal/x/prerequisite-imports as file:///D:/Works/Cocos/WxMiniGames/MiniGameArrow/assets/scripts/framework/TypeRegistry.ts.
14:21:44.455 debug: Target(preview) ends with cost 86.03830000000016ms.
