{
  "__type__": "cc.SpriteFrame",
  "content": {
    "name": "flowerpot",
    "atlas": "",
    "rect": {
      "x": 4,
      "y": 0,
      "width": 228,
      "height": 167
    },
    "offset": {
      "x": 0,
      "y": 0.5
    },
    "originalSize": {
      "width": 236,
      "height": 168
    },
    "rotated": false,
    "capInsets": [
      0,
      0,
      0,
      0
    ],
    "vertices": {
      "rawPosition": [
        -114,
        -83.5,
        0,
        114,
        -83.5,
        0,
        -114,
        83.5,
        0,
        114,
        83.5,
        0
      ],
      "indexes": [
        0,
        1,
        2,
        2,
        1,
        3
      ],
      "uv": [
        4,
        168,
        232,
        168,
        4,
        1,
        232,
        1
      ],
      "nuv": [
        0.01694915254237288,
        0.005952380952380952,
        0.9830508474576272,
        0.005952380952380952,
        0.01694915254237288,
        1,
        0.9830508474576272,
        1
      ],
      "minPos": {
        "x": -114,
        "y": -83.5,
        "z": 0
      },
      "maxPos": {
        "x": 114,
        "y": 83.5,
        "z": 0
      }
    },
    "texture": "086ae869-c46a-4be5-87b9-e3ac74ef9c8b@6c48a",
    "packable": true,
    "pixelsToUnit": 100,
    "pivot": {
      "x": 0.5,
      "y": 0.5
    },
    "meshType": 0
  }
}