{
  "__type__": "cc.SpriteFrame",
  "content": {
    "name": "flower05",
    "atlas": "",
    "rect": {
      "x": 1,
      "y": 0,
      "width": 97,
      "height": 150
    },
    "offset": {
      "x": 0,
      "y": 0
    },
    "originalSize": {
      "width": 99,
      "height": 150
    },
    "rotated": false,
    "capInsets": [
      0,
      0,
      0,
      0
    ],
    "vertices": {
      "rawPosition": [
        -48.5,
        -75,
        0,
        48.5,
        -75,
        0,
        -48.5,
        75,
        0,
        48.5,
        75,
        0
      ],
      "indexes": [
        0,
        1,
        2,
        2,
        1,
        3
      ],
      "uv": [
        1,
        150,
        98,
        150,
        1,
        0,
        98,
        0
      ],
      "nuv": [
        0.010101010101010102,
        0,
        0.98989898989899,
        0,
        0.010101010101010102,
        1,
        0.98989898989899,
        1
      ],
      "minPos": {
        "x": -48.5,
        "y": -75,
        "z": 0
      },
      "maxPos": {
        "x": 48.5,
        "y": 75,
        "z": 0
      }
    },
    "texture": "bbdf4b03-02b3-4c74-a8e8-68770f681768@6c48a",
    "packable": true,
    "pixelsToUnit": 100,
    "pivot": {
      "x": 0.5,
      "y": 0.5
    },
    "meshType": 0
  }
}