{
  "__type__": "cc.SpriteFrame",
  "content": {
    "name": "PictoIcon_Close",
    "atlas": "",
    "rect": {
      "x": 29,
      "y": 29,
      "width": 69,
      "height": 69
    },
    "offset": {
      "x": -0.5,
      "y": 0.5
    },
    "originalSize": {
      "width": 128,
      "height": 128
    },
    "rotated": false,
    "capInsets": [
      0,
      0,
      0,
      0
    ],
    "vertices": {
      "rawPosition": [
        -34.5,
        -34.5,
        0,
        34.5,
        -34.5,
        0,
        -34.5,
        34.5,
        0,
        34.5,
        34.5,
        0
      ],
      "indexes": [
        0,
        1,
        2,
        2,
        1,
        3
      ],
      "uv": [
        29,
        99,
        98,
        99,
        29,
        30,
        98,
        30
      ],
      "nuv": [
        0.2265625,
        0.234375,
        0.765625,
        0.234375,
        0.2265625,
        0.7734375,
        0.765625,
        0.7734375
      ],
      "minPos": {
        "x": -34.5,
        "y": -34.5,
        "z": 0
      },
      "maxPos": {
        "x": 34.5,
        "y": 34.5,
        "z": 0
      }
    },
    "texture": "a4840e4c-51eb-40b5-ae6f-035d58ec0152@6c48a",
    "packable": true,
    "pixelsToUnit": 100,
    "pivot": {
      "x": 0.5,
      "y": 0.5
    },
    "meshType": 0
  }
}