{
  "viewport": {
    "678302dc-cec3-4d21-80cd-cff488fd2440": {
      "424780e4-8fcd-44dd-a609-4e1ce2667fa6": {
        "scale": 0.96,
        "top": -0.3832461734693878,
        "left": 2.0604087860730234
      }
    }
  }
}
